stage	request_id	repeat	repeat_total	duration_ms	duration_s	success	turns	quality
pro_warm_up	0	1	50	26550.156	26.550156	False	1	0.438
pro_warm_up	0	2	50	15219.526	15.219526	False	1	0.446
pro_warm_up	0	3	50	16705.928	16.705928	False	1	0.392
pro_warm_up	0	4	50	15507.784	15.507784	False	1	0.365
pro_warm_up	0	5	50	17684.051	17.684051	False	1	0.424
pro_warm_up	0	6	50	14407.514	14.407514	False	1	0.404
pro_warm_up	1	1	50	12525.196	12.525196	False	1	0.517
pro_warm_up	1	2	50	13761.376	13.761376	False	1	0.472
pro_warm_up	1	3	50	11301.406	11.301406	False	1	0.517
pro_warm_up	1	4	50	17297.038	17.297038	False	1	0.451
pro_warm_up	1	5	50	14539.105	14.539105	False	1	0.133
pro_warm_up	1	6	50	13105.475	13.105475	False	1	0.554
pro_warm_up	1	7	50	13803.517	13.803517	False	1	0.486
pro_warm_up	1	8	50	3254.273	3.254273	False	1	0.133
pro_warm_up	1	9	50	20862.544	20.862544	False	1	0.48
pro_warm_up	1	10	50	15766.794	15.766794	False	1	0.411
pro_warm_up	1	11	50	15638.294	15.638294	False	1	0.484
pro_warm_up	2	1	50	8946.672	8.946672	False	1	0.133
pro_warm_up	2	2	50	17952.228	17.952228	False	1	0.429
pro_warm_up	2	3	50	13296.692	13.296692	False	1	0.462
pro_warm_up	2	4	50	14752.655	14.752655	False	1	0.331
pro_warm_up	2	5	50	8879.322	8.879322	False	1	0.133
pro_warm_up	2	6	50	2467.673	2.467673	False	1	0.133
pro_warm_up	2	7	50	2089.971	2.089971	False	1	0.133
pro_warm_up	2	8	50	21291.710	21.291710	True	1	0.807
pro_warm_up	2	9	50	13920.429	13.920429	False	1	0.133
pro_warm_up	2	10	50	9760.908	9.760908	False	1	0.133
pro_warm_up	2	11	50	2098.044	2.098044	False	1	0.133
pro_warm_up	2	12	50	15715.522	15.715522	False	1	0.472
pro_warm_up	2	13	50	18313.482	18.313482	False	1	0.416
pro_warm_up	3	1	50	12205.576	12.205576	False	1	0.432
pro_warm_up	3	2	50	12026.571	12.026571	False	1	0.422
pro_warm_up	3	3	50	16723.955	16.723955	False	1	0.427
pro_warm_up	3	4	50	12907.763	12.907763	False	1	0.133
pro_warm_up	3	5	50	16317.697	16.317697	False	1	0.457
pro_warm_up	3	6	50	15883.741	15.883741	False	1	0.461
pro_warm_up	3	7	50	10601.515	10.601515	False	1	0.422
pro_warm_up	3	8	50	2682.118	2.682118	False	1	0.422
pro_warm_up	3	9	50	2127.871	2.127871	False	1	0.422
pro_warm_up	3	10	50	16503.849	16.503849	False	1	0.437
pro_warm_up	4	1	50	22712.271	22.712271	False	1	0.133
pro_warm_up	4	2	50	3663.659	3.663659	False	1	0.133
pro_warm_up	4	3	50	15015.013	15.015013	False	1	0.37
pro_warm_up	4	4	50	25473.884	25.473884	False	1	0.497
pro_warm_up	4	5	50	2243.200	2.243200	False	1	0.133
pro_warm_up	4	6	50	12301.179	12.301179	False	1	0.133
pro_warm_up	4	7	50	14983.086	14.983086	False	1	0.428
pro_warm_up	4	8	50	3240.641	3.240641	False	1	0.133
pro_warm_up	4	9	50	11892.626	11.892626	False	1	0.133
pro_warm_up	5	1	50	13831.721	13.831721	False	1	0.441
pro_warm_up	5	2	50	3953.304	3.953304	False	1	0.133
pro_warm_up	5	3	50	13245.319	13.245319	False	1	0.46
pro_warm_up	5	4	50	13226.181	13.226181	False	1	0.133
pro_warm_up	5	5	50	1739.943	1.739943	False	1	0.133
pro_warm_up	5	6	50	18103.961	18.103961	False	1	0.469
pro_warm_up	5	7	50	17903.970	17.903970	False	1	0.462
pro_warm_up	5	8	50	16206.405	16.206405	False	1	0.428
pro_warm_up	6	1	50	15720.856	15.720856	False	1	0.498
pro_warm_up	6	2	50	14867.758	14.867758	False	1	0.479
pro_warm_up	6	3	50	12536.907	12.536907	False	1	0.465
pro_warm_up	6	4	50	3393.871	3.393871	False	1	0.133
pro_warm_up	6	5	50	12926.444	12.926444	False	1	0.477
pro_warm_up	6	6	50	14623.289	14.623289	False	1	0.431
pro_warm_up	7	1	50	12039.624	12.039624	False	1	0.381
pro_warm_up	7	2	50	10793.788	10.793788	False	1	0.133
pro_warm_up	7	3	50	1785.665	1.785665	False	1	0.133
pro_warm_up	7	4	50	2227.852	2.227852	False	1	0.133
pro_warm_up	7	5	50	9236.144	9.236144	False	1	0.133
pro_warm_up	8	1	50	12613.186	12.613186	False	1	0.469
pro_warm_up	8	2	50	8857.832	8.857832	False	1	0.133
pro_warm_up	8	3	50	19447.617	19.447617	True	1	0.804
pro_warm_up	8	4	50	17876.871	17.876871	False	1	0.481
pro_warm_up	8	5	50	4122.416	4.122416	False	1	0.133
pro_warm_up	8	6	50	24110.667	24.110667	False	1	0.48
pro_warm_up	8	7	50	3432.513	3.432513	False	1	0.133
pro_warm_up	8	8	50	19668.207	19.668207	False	1	0.474
pro_warm_up	9	1	50	17390.460	17.390460	False	1	0.443
pro_warm_up	9	2	50	3594.089	3.594089	False	1	0.133
pro_warm_up	9	3	50	2701.915	2.701915	False	1	0.133
pro_warm_up	9	4	50	2379.653	2.379653	False	1	0.133
pro_warm_up	9	5	50	2700.467	2.700467	False	1	0.133
pro_warm_up	10	1	50	14381.449	14.381449	False	1	0.428
pro_warm_up	10	2	50	17828.998	17.828998	False	1	0.505
pro_warm_up	10	3	50	17435.686	17.435686	False	1	0.133
pro_warm_up	10	4	50	4388.051	4.388051	False	1	0.133
pro_warm_up	10	5	50	7736.462	7.736462	False	1	0.133
pro_warm_up	10	6	50	15753.700	15.753700	False	1	0.434
pro_warm_up	10	7	50	15543.368	15.543368	False	1	0.392
pro_warm_up	11	1	50	19186.324	19.186324	False	1	0.417
pro_warm_up	11	2	50	3791.993	3.791993	False	1	0.133
pro_warm_up	11	3	50	15449.515	15.449515	False	1	0.133
pro_warm_up	11	4	50	19521.347	19.521347	False	1	0.412
pro_warm_up	11	5	50	20244.269	20.244269	False	1	0.421
pro_warm_up	11	6	50	15858.597	15.858597	False	1	0.353
pro_warm_up	12	1	50	4275.776	4.275776	False	1	0.133
pro_warm_up	12	2	50	15145.934	15.145934	False	1	0.386
pro_warm_up	12	3	50	2469.098	2.469098	False	1	0.133
pro_warm_up	12	4	50	19278.877	19.278877	False	1	0.398
pro_warm_up	12	5	50	14364.200	14.364200	False	1	0.462
pro_warm_up	12	6	50	2693.152	2.693152	False	1	0.133
pro_warm_up	12	7	50	15449.349	15.449349	False	1	0.382
pro_warm_up	12	8	50	2872.268	2.872268	False	1	0.133
pro_warm_up	12	9	50	21288.399	21.288399	False	1	0.407
pro_warm_up	12	10	50	13090.389	13.090389	False	1	0.4
pro_warm_up	13	1	50	24005.742	24.005742	True	1	0.67
pro_warm_up	13	2	50	19448.115	19.448115	False	1	0.435
pro_warm_up	13	3	50	11523.925	11.523925	True	1	0.742
pro_warm_up	13	4	50	18247.237	18.247237	True	1	0.742
pro_warm_up	13	5	50	18339.896	18.339896	False	1	0.431
pro_warm_up	13	6	50	12108.447	12.108447	True	1	0.742
pro_warm_up	13	7	50	17334.194	17.334194	False	1	0.481
pro_warm_up	13	8	50	21276.228	21.276228	True	1	0.742
pro_warm_up	14	1	50	13467.236	13.467236	False	1	0.133
pro_warm_up	14	2	50	17638.941	17.638941	False	1	0.424
pro_warm_up	14	3	50	14022.235	14.022235	False	1	0.455
pro_warm_up	14	4	50	15271.990	15.271990	False	1	0.493
pro_warm_up	14	5	50	14105.975	14.105975	False	1	0.428
pro_warm_up	14	6	50	5420.194	5.420194	False	1	0.133
pro_warm_up	14	7	50	22165.394	22.165394	False	1	0.394
pro_warm_up	14	8	50	14913.786	14.913786	False	1	0.437
pro_warm_up	14	9	50	9593.034	9.593034	False	1	0.133
pro_warm_up	15	1	50	15004.243	15.004243	False	1	0.133
pro_warm_up	15	2	50	22022.017	22.022017	False	1	0.495
pro_warm_up	15	3	50	3955.596	3.955596	False	1	0.133
pro_warm_up	15	4	50	2173.847	2.173847	False	1	0.133
pro_warm_up	15	5	50	15971.219	15.971219	False	1	0.453
pro_warm_up	15	6	50	7459.005	7.459005	False	1	0.133
pro_warm_up	15	7	50	15295.855	15.295855	False	1	0.417
pro_warm_up	16	1	50	13121.288	13.121288	False	1	0.41
pro_warm_up	16	2	50	13801.404	13.801404	False	1	0.461
pro_warm_up	16	3	50	25915.226	25.915226	False	1	0.499
pro_warm_up	16	4	50	20010.570	20.010570	False	1	0.436
pro_warm_up	16	5	50	16915.501	16.915501	False	1	0.494
pro_warm_up	16	6	50	47702.121	47.702121	False	1	0.133
pro_warm_up	16	7	50	14572.636	14.572636	False	1	0.418
pro_warm_up	16	8	50	10600.491	10.600491	False	1	0.133
pro_warm_up	17	1	50	14973.209	14.973209	False	1	0.485
pro_warm_up	17	2	50	9437.278	9.437278	False	1	0.499
pro_warm_up	17	3	50	8582.612	8.582612	False	1	0.133
pro_warm_up	17	4	50	15361.990	15.361990	False	1	0.514
pro_warm_up	17	5	50	18919.355	18.919355	False	1	0.39
pro_warm_up	17	6	50	4765.864	4.765864	False	1	0.133
pro_warm_up	17	7	50	14898.167	14.898167	False	1	0.466
pro_warm_up	17	8	50	12707.895	12.707895	False	1	0.458
pro_warm_up	17	9	50	2322.947	2.322947	False	1	0.133
pro_warm_up	18	1	50	2797.603	2.797603	False	1	0.133
pro_warm_up	18	2	50	13784.810	13.784810	False	1	0.446
pro_warm_up	18	3	50	2877.969	2.877969	False	1	0.133
pro_warm_up	18	4	50	18266.893	18.266893	False	1	0.484
pro_warm_up	18	5	50	3140.870	3.140870	False	1	0.133
pro_warm_up	18	6	50	21060.796	21.060796	False	1	0.455
pro_warm_up	18	7	50	2150.994	2.150994	False	1	0.133
pro_warm_up	18	8	50	2073.942	2.073942	False	1	0.133
pro_warm_up	18	9	50	15164.808	15.164808	False	1	0.466
pro_warm_up	19	1	50	10314.380	10.314380	False	1	0.133
pro_warm_up	19	2	50	18071.570	18.071570	False	1	0.457
pro_warm_up	19	3	50	4389.188	4.389188	False	1	0.133
pro_warm_up	19	4	50	11817.772	11.817772	False	1	0.133
pro_warm_up	19	5	50	10632.587	10.632587	False	1	0.499
pro_warm_up	19	6	50	2659.368	2.659368	False	1	0.133
pro_warm_up	19	7	50	18984.530	18.984530	True	1	0.9
pro_warm_up	19	8	50	9023.655	9.023655	False	1	0.499
pro_warm_up	19	9	50	16176.764	16.176764	False	1	0.469
pro_warm_up	19	10	50	2198.467	2.198467	False	1	0.133
pro_warm_up	19	11	50	13097.093	13.097093	False	1	0.484
pro_warm_up	19	12	50	17471.605	17.471605	False	1	0.55
pro_warm_up	20	1	50	14601.654	14.601654	False	1	0.133
pro_warm_up	20	2	50	12770.307	12.770307	False	1	0.474
pro_warm_up	20	3	50	10718.133	10.718133	False	1	0.133
pro_warm_up	20	4	50	12771.762	12.771762	False	1	0.133
pro_warm_up	20	5	50	10914.674	10.914674	False	1	0.133
pro_warm_up	20	6	50	13405.620	13.405620	False	1	0.133
pro_warm_up	21	1	50	15438.120	15.438120	False	1	0.133
pro_warm_up	21	2	50	13133.866	13.133866	False	1	0.133
pro_warm_up	21	3	50	14799.922	14.799922	True	1	0.749
pro_warm_up	21	4	50	3009.568	3.009568	False	1	0.133
pro_warm_up	21	5	50	20622.798	20.622798	False	1	0.45
pro_warm_up	21	6	50	12678.175	12.678175	False	1	0.133
pro_warm_up	21	7	50	15793.895	15.793895	False	1	0.432
pro_warm_up	21	8	50	12790.611	12.790611	True	1	0.768
pro_warm_up	21	9	50	13522.806	13.522806	False	1	0.133
pro_warm_up	21	10	50	15528.610	15.528610	False	1	0.486
pro_warm_up	21	11	50	14310.559	14.310559	False	1	0.133
pro_warm_up	21	12	50	11375.709	11.375709	False	1	0.133
pro_warm_up	21	13	50	2056.790	2.056790	False	1	0.133
pro_warm_up	22	1	50	15978.700	15.978700	False	1	0.406
pro_warm_up	22	2	50	17714.779	17.714779	False	1	0.419
pro_warm_up	22	3	50	22205.606	22.205606	False	1	0.412
pro_warm_up	22	4	50	2957.109	2.957109	False	1	0.419
pro_warm_up	22	5	50	18815.648	18.815648	False	1	0.407
pro_warm_up	22	6	50	10265.564	10.265564	False	1	0.133
pro_warm_up	22	7	50	2947.985	2.947985	False	1	0.419
pro_warm_up	23	1	50	15335.093	15.335093	False	1	0.484
pro_warm_up	23	2	50	17650.670	17.650670	False	1	0.419
pro_warm_up	23	3	50	16140.499	16.140499	False	1	0.448
pro_warm_up	23	4	50	14456.822	14.456822	False	1	0.452
pro_warm_up	23	5	50	11649.886	11.649886	False	1	0.133
pro_warm_up	23	6	50	13386.318	13.386318	False	1	0.339
pro_warm_up	24	1	50	13216.709	13.216709	False	1	0.401
pro_warm_up	24	2	50	19343.789	19.343789	False	1	0.364
pro_warm_up	24	3	50	3148.662	3.148662	False	1	0.133
pro_warm_up	24	4	50	13901.537	13.901537	True	1	0.773
pro_warm_up	24	5	50	14442.627	14.442627	False	1	0.381
pro_warm_up	24	6	50	18069.947	18.069947	False	1	0.395
pro_warm_up	24	7	50	10181.963	10.181963	False	1	0.499
pro_warm_up	24	8	50	2243.337	2.243337	False	1	0.133
pro_warm_up	24	9	50	16433.735	16.433735	False	1	0.462
pro_warm_up	25	1	50	15680.577	15.680577	False	1	0.133
pro_warm_up	25	2	50	6253.525	6.253525	False	1	0.408
pro_warm_up	25	3	50	17958.256	17.958256	False	1	0.363
pro_warm_up	25	4	50	17342.817	17.342817	False	1	0.377
pro_warm_up	25	5	50	2144.212	2.144212	False	1	0.408
pro_warm_up	25	6	50	17583.859	17.583859	False	1	0.408
pro_warm_up	25	7	50	2953.488	2.953488	False	1	0.408
pro_warm_up	26	1	50	8964.194	8.964194	False	1	0.133
pro_warm_up	26	2	50	17055.470	17.055470	False	1	0.445
pro_warm_up	26	3	50	17598.373	17.598373	False	1	0.473
pro_warm_up	26	4	50	32205.058	32.205058	False	1	0.509
pro_warm_up	26	5	50	12321.593	12.321593	False	1	0.48
pro_warm_up	26	6	50	13422.705	13.422705	False	1	0.422
pro_warm_up	26	7	50	17249.848	17.249848	False	1	0.516
pro_warm_up	26	8	50	15275.616	15.275616	False	1	0.355
pro_warm_up	26	9	50	4202.287	4.202287	False	1	0.133
pro_warm_up	27	1	50	14576.610	14.576610	False	1	0.133
pro_warm_up	27	2	50	12100.444	12.100444	False	1	0.133
pro_warm_up	27	3	50	11785.037	11.785037	False	1	0.133
pro_warm_up	27	4	50	18953.245	18.953245	False	1	0.423
pro_warm_up	27	5	50	1955.491	1.955491	False	1	0.133
pro_warm_up	27	6	50	1960.212	1.960212	False	1	0.133
pro_warm_up	27	7	50	1637.471	1.637471	False	1	0.133
pro_warm_up	27	8	50	2480.833	2.480833	False	1	0.133
pro_warm_up	28	1	50	13321.068	13.321068	False	1	0.133
pro_warm_up	28	2	50	22172.026	22.172026	False	1	0.445
pro_warm_up	28	3	50	15408.693	15.408693	False	1	0.438
pro_warm_up	28	4	50	17793.894	17.793894	False	1	0.428
pro_warm_up	28	5	50	18197.495	18.197495	False	1	0.473
pro_warm_up	28	6	50	8720.799	8.720799	False	1	0.133
pro_warm_up	28	7	50	19480.590	19.480590	False	1	0.394
pro_warm_up	28	8	50	15650.718	15.650718	False	1	0.133
pro_warm_up	28	9	50	10785.595	10.785595	False	1	0.133
pro_warm_up	28	10	50	16333.996	16.333996	False	1	0.414
pro_warm_up	29	1	50	12151.888	12.151888	False	1	0.133
pro_warm_up	29	2	50	13085.852	13.085852	False	1	0.133
pro_warm_up	29	3	50	11074.836	11.074836	False	1	0.133
pro_warm_up	29	4	50	12329.683	12.329683	False	1	0.133
pro_warm_up	30	1	50	17143.809	17.143809	False	1	0.432
pro_warm_up	30	2	50	3807.353	3.807353	False	1	0.133
pro_warm_up	30	3	50	1647.281	1.647281	False	1	0.133
pro_warm_up	30	4	50	10559.419	10.559419	False	1	0.133
pro_warm_up	30	5	50	17223.788	17.223788	False	1	0.384
pro_warm_up	30	6	50	13183.143	13.183143	False	1	0.133
pro_warm_up	31	1	50	21146.660	21.146660	False	1	0.432
pro_warm_up	31	2	50	12940.929	12.940929	False	1	0.438
pro_warm_up	31	3	50	21463.685	21.463685	False	1	0.435
pro_warm_up	31	4	50	3878.260	3.878260	False	1	0.133
pro_warm_up	31	5	50	10257.603	10.257603	False	1	0.133
pro_warm_up	31	6	50	1629.936	1.629936	False	1	0.133
pro_warm_up	32	1	50	3179.492	3.179492	False	1	0.133
pro_warm_up	32	2	50	16550.799	16.550799	False	1	0.388
pro_warm_up	32	3	50	17272.863	17.272863	False	1	0.374
pro_warm_up	32	4	50	15869.511	15.869511	False	1	0.133
pro_warm_up	32	5	50	3044.500	3.044500	False	1	0.133
pro_warm_up	32	6	50	2805.399	2.805399	False	1	0.133
pro_warm_up	32	7	50	9942.526	9.942526	False	1	0.133
pro_warm_up	33	1	50	4088.657	4.088657	False	1	0.133
pro_warm_up	33	2	50	13240.980	13.240980	False	1	0.133
pro_warm_up	33	3	50	11372.581	11.372581	False	1	0.133
pro_warm_up	33	4	50	17349.003	17.349003	False	1	0.421
pro_warm_up	33	5	50	11858.564	11.858564	False	1	0.133
pro_warm_up	33	6	50	1908.083	1.908083	False	1	0.133
pro_warm_up	33	7	50	19138.880	19.138880	False	1	0.41
pro_warm_up	33	8	50	16501.778	16.501778	False	1	0.133
pro_warm_up	33	9	50	2236.216	2.236216	False	1	0.133
pro_warm_up	34	1	50	3944.583	3.944583	False	1	0.133
pro_warm_up	34	2	50	17813.071	17.813071	False	1	0.425
pro_warm_up	34	3	50	16035.481	16.035481	False	1	0.133
pro_warm_up	34	4	50	16063.237	16.063237	False	1	0.448
pro_warm_up	34	5	50	19066.371	19.066371	False	1	0.432
pro_warm_up	34	6	50	14947.919	14.947919	False	1	0.359
pro_warm_up	34	7	50	17577.973	17.577973	True	1	0.807
pro_warm_up	34	8	50	2667.664	2.667664	False	1	0.133
pro_warm_up	34	9	50	2508.961	2.508961	False	1	0.133
pro_warm_up	34	10	50	13794.353	13.794353	False	1	0.467
pro_warm_up	34	11	50	5927.603	5.927603	False	1	0.133
pro_warm_up	34	12	50	11240.073	11.240073	False	1	0.133
pro_warm_up	35	1	50	17327.422	17.327422	False	1	0.133
pro_warm_up	35	2	50	3236.362	3.236362	False	1	0.133
pro_warm_up	35	3	50	2232.303	2.232303	False	1	0.133
pro_warm_up	35	4	50	2017.765	2.017765	False	1	0.133
pro_warm_up	36	1	50	12949.551	12.949551	False	1	0.133
pro_warm_up	36	2	50	12953.073	12.953073	False	1	0.133
pro_warm_up	36	3	50	16408.462	16.408462	True	1	0.777
pro_warm_up	36	4	50	16409.748	16.409748	False	1	0.445
pro_warm_up	36	5	50	18675.932	18.675932	False	1	0.431
pro_warm_up	36	6	50	23039.448	23.039448	False	1	0.473
pro_warm_up	36	7	50	19425.905	19.425905	False	1	0.397
pro_warm_up	36	8	50	16268.463	16.268463	False	1	0.461
pro_warm_up	37	1	50	11404.212	11.404212	False	1	0.133
pro_warm_up	37	2	50	22017.663	22.017663	False	1	0.399
pro_warm_up	37	3	50	16400.806	16.400806	False	1	0.419
pro_warm_up	37	4	50	17829.417	17.829417	False	1	0.419
pro_warm_up	37	5	50	12856.585	12.856585	False	1	0.133
pro_warm_up	37	6	50	12164.132	12.164132	False	1	0.362
pro_warm_up	37	7	50	25056.684	25.056684	False	1	0.442
pro_warm_up	37	8	50	14514.242	14.514242	False	1	0.391
pro_warm_up	37	9	50	10132.079	10.132079	False	1	0.133
pro_warm_up	37	10	50	10060.467	10.060467	False	1	0.133
pro_warm_up	37	11	50	19244.572	19.244572	False	1	0.445
pro_warm_up	37	12	50	17677.227	17.677227	False	1	0.398
pro_warm_up	38	1	50	14484.540	14.484540	False	1	0.408
pro_warm_up	38	2	50	18021.439	18.021439	False	1	0.483
pro_warm_up	38	3	50	3577.639	3.577639	False	1	0.133
pro_warm_up	38	4	50	14987.807	14.987807	False	1	0.133
pro_warm_up	38	5	50	14487.895	14.487895	False	1	0.392
pro_warm_up	38	6	50	16673.049	16.673049	False	1	0.133
pro_warm_up	38	7	50	14122.889	14.122889	False	1	0.397
pro_warm_up	39	1	50	14364.071	14.364071	False	1	0.387
pro_warm_up	39	2	50	18524.306	18.524306	False	1	0.461
pro_warm_up	39	3	50	13927.257	13.927257	False	1	0.439
pro_warm_up	39	4	50	10137.498	10.137498	False	1	0.133
pro_warm_up	39	5	50	12969.616	12.969616	False	1	0.133
pro_warm_up	39	6	50	13692.709	13.692709	False	1	0.488
pro_warm_up	39	7	50	2497.052	2.497052	False	1	0.133
pro_warm_up	39	8	50	19970.889	19.970889	False	1	0.372
pro_warm_up	39	9	50	13746.909	13.746909	False	1	0.423
pro_warm_up	39	10	50	15559.464	15.559464	False	1	0.384
pro_warm_up	39	11	50	16496.585	16.496585	False	1	0.429
pro_warm_up	40	1	50	14346.386	14.346386	True	1	0.795
pro_warm_up	40	2	50	16425.608	16.425608	False	1	0.133
pro_warm_up	40	3	50	13249.870	13.249870	False	1	0.133
pro_warm_up	40	4	50	17064.355	17.064355	False	1	0.473
pro_warm_up	40	5	50	2748.097	2.748097	False	1	0.133
pro_warm_up	40	6	50	13346.713	13.346713	False	1	0.478
pro_warm_up	41	1	50	7708.473	7.708473	False	1	0.133
pro_warm_up	41	2	50	16769.238	16.769238	True	1	0.879
pro_warm_up	41	3	50	20119.256	20.119256	False	1	0.448
pro_warm_up	41	4	50	16564.768	16.564768	False	1	0.529
pro_warm_up	41	5	50	1589.288	1.589288	False	1	0.133
pro_warm_up	41	6	50	11177.378	11.177378	False	1	0.133
pro_warm_up	41	7	50	16336.890	16.336890	False	1	0.133
pro_warm_up	42	1	50	21387.801	21.387801	False	1	0.44
pro_warm_up	42	2	50	5035.002	5.035002	False	1	0.133
pro_warm_up	42	3	50	2799.341	2.799341	False	1	0.133
pro_warm_up	42	4	50	16729.813	16.729813	False	1	0.464
pro_warm_up	42	5	50	19149.841	19.149841	False	1	0.388
pro_warm_up	42	6	50	2319.092	2.319092	False	1	0.133
pro_warm_up	42	7	50	12674.104	12.674104	False	1	0.133
pro_warm_up	42	8	50	16931.180	16.931180	False	1	0.426
pro_warm_up	42	9	50	9926.841	9.926841	False	1	0.133
pro_warm_up	43	1	50	12599.464	12.599464	False	1	0.133
pro_warm_up	43	2	50	12756.165	12.756165	True	1	0.809
pro_warm_up	43	3	50	16469.480	16.469480	False	1	0.427
pro_warm_up	43	4	50	21823.715	21.823715	True	1	0.769
pro_warm_up	43	5	50	23823.311	23.823311	False	1	0.436
pro_warm_up	43	6	50	7242.751	7.242751	False	1	0.439
pro_warm_up	43	7	50	14603.018	14.603018	False	1	0.476
pro_warm_up	44	1	50	11344.477	11.344477	False	1	0.133
pro_warm_up	44	2	50	2992.345	2.992345	False	1	0.133
pro_warm_up	44	3	50	1634.317	1.634317	False	1	0.133
pro_warm_up	44	4	50	12400.206	12.400206	False	1	0.133
pro_warm_up	45	1	50	11586.761	11.586761	False	1	0.133
pro_warm_up	45	2	50	19590.263	19.590263	False	1	0.422
pro_warm_up	45	3	50	14902.562	14.902562	False	1	0.35
pro_warm_up	45	4	50	2477.747	2.477747	False	1	0.133
pro_warm_up	45	5	50	19058.029	19.058029	False	1	0.416
pro_warm_up	45	6	50	16794.008	16.794008	False	1	0.376
pro_warm_up	45	7	50	19733.239	19.733239	False	1	0.44
pro_warm_up	45	8	50	13076.279	13.076279	False	1	0.133
pro_warm_up	45	9	50	10422.658	10.422658	False	1	0.133
pro_warm_up	45	10	50	16010.041	16.010041	False	1	0.407
pro_warm_up	45	11	50	18727.693	18.727693	False	1	0.412
pro_warm_up	45	12	50	18943.976	18.943976	False	1	0.45
pro_warm_up	46	1	50	4794.049	4.794049	False	1	0.133
pro_warm_up	46	2	50	10968.040	10.968040	False	1	0.133
pro_warm_up	46	3	50	16287.828	16.287828	False	1	0.426
pro_warm_up	46	4	50	12907.238	12.907238	False	1	0.133
pro_warm_up	46	5	50	2236.504	2.236504	False	1	0.133
pro_warm_up	46	6	50	15754.704	15.754704	True	1	0.758
pro_warm_up	46	7	50	17696.761	17.696761	False	1	0.415
pro_warm_up	46	8	50	8325.479	8.325479	False	1	0.133
pro_warm_up	46	9	50	3272.614	3.272614	False	1	0.133
pro_warm_up	46	10	50	2481.148	2.481148	False	1	0.133
pro_warm_up	46	11	50	2638.735	2.638735	False	1	0.133
pro_warm_up	47	1	50	21505.896	21.505896	False	1	0.49
pro_warm_up	47	2	50	13769.673	13.769673	False	1	0.133
pro_warm_up	47	3	50	17740.708	17.740708	False	1	0.444
pro_warm_up	47	4	50	10868.407	10.868407	False	1	0.133
pro_warm_up	47	5	50	13633.084	13.633084	False	1	0.133
pro_warm_up	47	6	50	8921.051	8.921051	False	1	0.499
pro_warm_up	48	1	50	18381.301	18.381301	True	1	0.786
pro_warm_up	48	2	50	20489.617	20.489617	False	1	0.404
pro_warm_up	48	3	50	20401.691	20.401691	False	1	0.441
pro_warm_up	48	4	50	15313.724	15.313724	False	1	0.133
pro_warm_up	48	5	50	18044.715	18.044715	False	1	0.466
pro_warm_up	48	6	50	12476.648	12.476648	False	1	0.133
pro_warm_up	49	1	50	15011.392	15.011392	False	1	0.447
pro_warm_up	49	2	50	15154.517	15.154517	False	1	0.503
pro_warm_up	49	3	50	18128.344	18.128344	False	1	0.468
pro_warm_up	49	4	50	13565.987	13.565987	False	1	0.439
pro_warm_up	49	5	50	12914.016	12.914016	False	1	0.133
pro_warm_up	49	6	50	3832.369	3.832369	False	1	0.133
pro_warm_up	49	7	50	12376.262	12.376262	False	1	0.133
pro_lifelong	0	1	50	16916.557	16.916557	False	1	0.488
pro_lifelong	0	2	50	17993.141	17.993141	True	1	0.803
pro_lifelong	1	1	50	10302.885	10.302885	False	1	0.499
pro_lifelong	1	2	50	16792.482	16.792482	False	1	0.366
pro_lifelong	1	3	50	15164.685	15.164685	False	1	0.415
pro_lifelong	1	4	50	18648.922	18.648922	False	1	0.383
pro_lifelong	1	5	50	19131.420	19.131420	False	1	0.434
pro_lifelong	1	6	50	19482.135	19.482135	False	1	0.494
pro_lifelong	2	1	50	15746.013	15.746013	False	1	0.399
pro_lifelong	2	2	50	17288.936	17.288936	False	1	0.395
pro_lifelong	2	3	50	3967.320	3.967320	False	1	0.133
pro_lifelong	2	4	50	20939.022	20.939022	False	1	0.456
pro_lifelong	2	5	50	2727.668	2.727668	False	1	0.133
pro_lifelong	2	6	50	2324.892	2.324892	False	1	0.133
pro_lifelong	2	7	50	20122.609	20.122609	False	1	0.434
pro_lifelong	2	8	50	18102.163	18.102163	False	1	0.361
pro_lifelong	2	9	50	16280.667	16.280667	False	1	0.428
pro_lifelong	3	1	50	19450.616	19.450616	False	1	0.46
pro_lifelong	3	2	50	12337.122	12.337122	False	1	0.133
pro_lifelong	3	3	50	7750.979	7.750979	False	1	0.477
pro_lifelong	3	4	50	11074.154	11.074154	False	1	0.133
pro_lifelong	3	5	50	17713.963	17.713963	False	1	0.491
pro_lifelong	3	6	50	23498.259	23.498259	False	1	0.434
pro_lifelong	3	7	50	2326.239	2.326239	False	1	0.477
pro_lifelong	3	8	50	2726.901	2.726901	False	1	0.477
pro_lifelong	3	9	50	14187.544	14.187544	False	1	0.133
pro_lifelong	3	10	50	19821.760	19.821760	False	1	0.451
pro_lifelong	4	1	50	12044.466	12.044466	False	1	0.133
pro_lifelong	4	2	50	14092.236	14.092236	False	1	0.449
pro_lifelong	4	3	50	16419.226	16.419226	False	1	0.382
pro_lifelong	4	4	50	16671.983	16.671983	False	1	0.133
pro_lifelong	4	5	50	2581.557	2.581557	False	1	0.133
pro_lifelong	4	6	50	20244.570	20.244570	False	1	0.422
pro_lifelong	4	7	50	41059.656	41.059656	False	1	0.608
pro_lifelong	4	8	50	30117.732	30.117732	False	1	0.532
pro_lifelong	4	9	50	15754.318	15.754318	False	1	0.405
pro_lifelong	4	10	50	12893.772	12.893772	False	1	0.133
pro_lifelong	4	11	50	11643.864	11.643864	False	1	0.133
pro_lifelong	4	12	50	17391.939	17.391939	False	1	0.443
pro_lifelong	5	1	50	16031.211	16.031211	False	1	0.45
pro_lifelong	5	2	50	10194.409	10.194409	False	1	0.133
pro_lifelong	5	3	50	12013.388	12.013388	False	1	0.133
pro_lifelong	5	4	50	11192.936	11.192936	False	1	0.133
pro_lifelong	5	5	50	22989.348	22.989348	False	1	0.448
pro_lifelong	5	6	50	16894.160	16.894160	False	1	0.428
pro_lifelong	6	1	50	17683.111	17.683111	False	1	0.446
pro_lifelong	6	2	50	19188.313	19.188313	False	1	0.408
pro_lifelong	6	3	50	1786.084	1.786084	False	1	0.446
pro_lifelong	6	4	50	17245.532	17.245532	True	1	0.73
pro_lifelong	7	1	50	17499.515	17.499515	False	1	0.416
pro_lifelong	7	2	50	13708.738	13.708738	False	1	0.49
pro_lifelong	7	3	50	18867.993	18.867993	False	1	0.401
pro_lifelong	7	4	50	17314.719	17.314719	False	1	0.406
pro_lifelong	7	5	50	4050.509	4.050509	False	1	0.133
pro_lifelong	7	6	50	13725.142	13.725142	False	1	0.133
pro_lifelong	7	7	50	13760.253	13.760253	False	1	0.133
pro_lifelong	8	1	50	20792.852	20.792852	False	1	0.427
pro_lifelong	8	2	50	16518.762	16.518762	False	1	0.429
pro_lifelong	8	3	50	14592.963	14.592963	False	1	0.446
pro_lifelong	8	4	50	6052.952	6.052952	False	1	0.133
pro_lifelong	8	5	50	1639.209	1.639209	False	1	0.133
pro_lifelong	8	6	50	17467.809	17.467809	False	1	0.387
pro_lifelong	8	7	50	18338.332	18.338332	False	1	0.37
pro_lifelong	8	8	50	20382.857	20.382857	False	1	0.418
pro_lifelong	9	1	50	23546.196	23.546196	False	1	0.133
pro_lifelong	9	2	50	2530.140	2.530140	False	1	0.133
pro_lifelong	9	3	50	13395.411	13.395411	False	1	0.133
pro_lifelong	9	4	50	17960.535	17.960535	False	1	0.403
pro_lifelong	9	5	50	2159.736	2.159736	False	1	0.133
pro_lifelong	9	6	50	3038.331	3.038331	False	1	0.133
pro_lifelong	9	7	50	16087.867	16.087867	False	1	0.133
pro_lifelong	9	8	50	9516.868	9.516868	False	1	0.133
pro_lifelong	10	1	50	13280.902	13.280902	False	1	0.133
pro_lifelong	10	2	50	22531.951	22.531951	False	1	0.494
pro_lifelong	10	3	50	14442.626	14.442626	False	1	0.133
pro_lifelong	10	4	50	20818.073	20.818073	False	1	0.461
pro_lifelong	10	5	50	26339.893	26.339893	False	1	0.504
pro_lifelong	10	6	50	27181.706	27.181706	False	1	0.133
pro_lifelong	10	7	50	7129.350	7.129350	False	1	0.567
pro_lifelong	10	8	50	14473.176	14.473176	False	1	0.133
pro_lifelong	10	9	50	16806.564	16.806564	False	1	0.133
pro_lifelong	10	10	50	14797.075	14.797075	False	1	0.448
pro_lifelong	10	11	50	13118.933	13.118933	True	1	0.758
pro_lifelong	11	1	50	14786.140	14.786140	False	1	0.413
pro_lifelong	11	2	50	6489.854	6.489854	False	1	0.602
pro_lifelong	11	3	50	20331.449	20.331449	True	1	0.779
pro_lifelong	12	1	50	16176.452	16.176452	False	1	0.378
pro_lifelong	12	2	50	8998.353	8.998353	True	1	0.932
pro_lifelong	13	1	50	11442.198	11.442198	False	1	0.133
pro_lifelong	13	2	50	22963.799	22.963799	False	1	0.405
pro_lifelong	13	3	50	8396.960	8.396960	False	1	0.366
pro_lifelong	13	4	50	18207.189	18.207189	False	1	0.395
pro_lifelong	13	5	50	3952.328	3.952328	False	1	0.366
pro_lifelong	13	6	50	18168.666	18.168666	False	1	0.363
pro_lifelong	13	7	50	19472.903	19.472903	False	1	0.44
pro_lifelong	13	8	50	13600.205	13.600205	False	1	0.438
pro_lifelong	13	9	50	10917.481	10.917481	False	1	0.366
pro_lifelong	13	10	50	15746.456	15.746456	False	1	0.491
pro_lifelong	13	11	50	22501.731	22.501731	False	1	0.389
pro_lifelong	13	12	50	13626.313	13.626313	False	1	0.366
pro_lifelong	13	13	50	18946.502	18.946502	False	1	0.4
pro_lifelong	13	14	50	18161.015	18.161015	False	1	0.411
pro_lifelong	13	15	50	9842.599	9.842599	False	1	0.366
pro_lifelong	14	1	50	17599.129	17.599129	False	1	0.496
pro_lifelong	14	2	50	19269.805	19.269805	True	1	0.761
pro_lifelong	15	1	50	3131.101	3.131101	False	1	0.133
pro_lifelong	15	2	50	11765.690	11.765690	False	1	0.133
pro_lifelong	15	3	50	3203.362	3.203362	False	1	0.133
pro_lifelong	15	4	50	14581.575	14.581575	False	1	0.133
pro_lifelong	16	1	50	16817.885	16.817885	False	1	0.403
pro_lifelong	16	2	50	2902.916	2.902916	False	1	0.133
pro_lifelong	16	3	50	12775.543	12.775543	False	1	0.133
pro_lifelong	16	4	50	12692.172	12.692172	False	1	0.133
pro_lifelong	16	5	50	12670.926	12.670926	False	1	0.416
pro_lifelong	16	6	50	15007.119	15.007119	False	1	0.359
pro_lifelong	16	7	50	19109.621	19.109621	False	1	0.441
pro_lifelong	16	8	50	3321.067	3.321067	False	1	0.133
pro_lifelong	16	9	50	17738.152	17.738152	False	1	0.43
pro_lifelong	16	10	50	1622.040	1.622040	False	1	0.133
pro_lifelong	16	11	50	11525.978	11.525978	False	1	0.445
pro_lifelong	16	12	50	2439.864	2.439864	False	1	0.133
pro_lifelong	17	1	50	14349.825	14.349825	False	1	0.133
pro_lifelong	17	2	50	2748.481	2.748481	False	1	0.133
pro_lifelong	17	3	50	4841.363	4.841363	False	1	0.133
pro_lifelong	17	4	50	2063.109	2.063109	False	1	0.133
pro_lifelong	18	1	50	17375.158	17.375158	False	1	0.133
pro_lifelong	18	2	50	19835.104	19.835104	False	1	0.423
pro_lifelong	18	3	50	2590.777	2.590777	False	1	0.133
pro_lifelong	18	4	50	3573.708	3.573708	False	1	0.133
pro_lifelong	18	5	50	9729.432	9.729432	False	1	0.133
pro_lifelong	18	6	50	8446.609	8.446609	False	1	0.133
pro_lifelong	19	1	50	4672.388	4.672388	False	1	0.133
pro_lifelong	19	2	50	10321.177	10.321177	False	1	0.133
pro_lifelong	19	3	50	2002.486	2.002486	False	1	0.133
pro_lifelong	19	4	50	15254.142	15.254142	False	1	0.133
pro_lifelong	20	1	50	15606.274	15.606274	False	1	0.385
pro_lifelong	20	2	50	3866.762	3.866762	False	1	0.133
pro_lifelong	20	3	50	2334.281	2.334281	False	1	0.133
pro_lifelong	20	4	50	2485.836	2.485836	False	1	0.133
pro_lifelong	20	5	50	2651.987	2.651987	False	1	0.133
pro_lifelong	21	1	50	10717.857	10.717857	False	1	0.133
pro_lifelong	21	2	50	18008.624	18.008624	False	1	0.434
pro_lifelong	21	3	50	20489.300	20.489300	False	1	0.519
pro_lifelong	21	4	50	18944.933	18.944933	False	1	0.495
pro_lifelong	21	5	50	2989.388	2.989388	False	1	0.133
pro_lifelong	21	6	50	2919.628	2.919628	False	1	0.133
pro_lifelong	21	7	50	13987.218	13.987218	False	1	0.526
pro_lifelong	21	8	50	20093.774	20.093774	False	1	0.356
pro_lifelong	22	1	50	17442.038	17.442038	False	1	0.534
pro_lifelong	22	2	50	16712.361	16.712361	False	1	0.566
pro_lifelong	22	3	50	25944.166	25.944166	False	1	0.487
pro_lifelong	22	4	50	18132.919	18.132919	False	1	0.133
pro_lifelong	22	5	50	16167.306	16.167306	False	1	0.573
pro_lifelong	22	6	50	5181.720	5.181720	False	1	0.133
pro_lifelong	22	7	50	2498.531	2.498531	False	1	0.133
pro_lifelong	23	1	50	17324.835	17.324835	False	1	0.398
pro_lifelong	23	2	50	16185.728	16.185728	False	1	0.133
pro_lifelong	23	3	50	14149.520	14.149520	False	1	0.407
pro_lifelong	23	4	50	13357.473	13.357473	False	1	0.133
pro_lifelong	23	5	50	2196.107	2.196107	False	1	0.133
pro_lifelong	23	6	50	15210.393	15.210393	False	1	0.133
pro_lifelong	24	1	50	13500.096	13.500096	False	1	0.437
pro_lifelong	24	2	50	18053.334	18.053334	False	1	0.406
pro_lifelong	24	3	50	3607.330	3.607330	False	1	0.133
pro_lifelong	24	4	50	9508.006	9.508006	False	1	0.133
pro_lifelong	24	5	50	9701.513	9.701513	False	1	0.133
pro_lifelong	24	6	50	11615.710	11.615710	False	1	0.133
pro_lifelong	25	1	50	18410.247	18.410247	False	1	0.367
pro_lifelong	25	2	50	19727.499	19.727499	False	1	0.46
pro_lifelong	25	3	50	16466.399	16.466399	False	1	0.365
pro_lifelong	25	4	50	3359.433	3.359433	False	1	0.367
pro_lifelong	25	5	50	2721.465	2.721465	False	1	0.367
pro_lifelong	25	6	50	14931.422	14.931422	False	1	0.401
pro_lifelong	25	7	50	4144.130	4.144130	False	1	0.367
pro_lifelong	26	1	50	15346.337	15.346337	False	1	0.423
pro_lifelong	26	2	50	23553.079	23.553079	False	1	0.484
pro_lifelong	26	3	50	14607.475	14.607475	False	1	0.426
pro_lifelong	26	4	50	17755.349	17.755349	False	1	0.408
pro_lifelong	26	5	50	13026.378	13.026378	False	1	0.133
pro_lifelong	26	6	50	22211.085	22.211085	False	1	0.429
pro_lifelong	26	7	50	4116.568	4.116568	False	1	0.133
pro_lifelong	27	1	50	39927.305	39.927305	False	1	0.596
pro_lifelong	27	2	50	19134.659	19.134659	False	1	0.437
pro_lifelong	27	3	50	12893.705	12.893705	False	1	0.133
pro_lifelong	27	4	50	25948.505	25.948505	False	1	0.453
pro_lifelong	27	5	50	8075.860	8.075860	False	1	0.574
pro_lifelong	27	6	50	8722.109	8.722109	False	1	0.133
pro_lifelong	28	1	50	20554.521	20.554521	False	1	0.433
pro_lifelong	28	2	50	17503.702	17.503702	False	1	0.399
pro_lifelong	28	3	50	15909.951	15.909951	False	1	0.457
pro_lifelong	28	4	50	19285.746	19.285746	False	1	0.464
pro_lifelong	28	5	50	15475.225	15.475225	False	1	0.445
pro_lifelong	28	6	50	17941.749	17.941749	False	1	0.464
pro_lifelong	28	7	50	3090.313	3.090313	False	1	0.133
pro_lifelong	28	8	50	9013.154	9.013154	False	1	0.133
pro_lifelong	29	1	50	4310.411	4.310411	False	1	0.133
pro_lifelong	29	2	50	25081.273	25.081273	False	1	0.464
pro_lifelong	29	3	50	13334.346	13.334346	False	1	0.133
pro_lifelong	29	4	50	2670.195	2.670195	False	1	0.133
pro_lifelong	29	5	50	14847.140	14.847140	False	1	0.43
pro_lifelong	29	6	50	12108.799	12.108799	False	1	0.133
pro_lifelong	29	7	50	10843.310	10.843310	False	1	0.133
pro_lifelong	30	1	50	8870.073	8.870073	False	1	0.407
pro_lifelong	30	2	50	15574.858	15.574858	False	1	0.402
pro_lifelong	30	3	50	2340.640	2.340640	False	1	0.407
pro_lifelong	30	4	50	3246.989	3.246989	False	1	0.407
pro_lifelong	30	5	50	21270.259	21.270259	False	1	0.414
pro_lifelong	30	6	50	4605.092	4.605092	False	1	0.407
pro_lifelong	31	1	50	22075.292	22.075292	False	1	0.416
pro_lifelong	31	2	50	12048.572	12.048572	False	1	0.133
pro_lifelong	31	3	50	8884.277	8.884277	False	1	0.416
pro_lifelong	31	4	50	10976.991	10.976991	False	1	0.416
pro_lifelong	31	5	50	3526.603	3.526603	False	1	0.416
pro_lifelong	31	6	50	21876.970	21.876970	False	1	0.405
pro_lifelong	32	1	50	15931.837	15.931837	False	1	0.384
pro_lifelong	32	2	50	7863.702	7.863702	False	1	0.417
pro_lifelong	32	3	50	18434.672	18.434672	False	1	0.465
pro_lifelong	32	4	50	17362.553	17.362553	False	1	0.418
pro_lifelong	32	5	50	2812.380	2.812380	False	1	0.417
pro_lifelong	32	6	50	14804.462	14.804462	False	1	0.411
pro_lifelong	32	7	50	3761.290	3.761290	False	1	0.417
pro_lifelong	32	8	50	10736.495	10.736495	False	1	0.417
pro_lifelong	33	1	50	22071.493	22.071493	False	1	0.438
pro_lifelong	33	2	50	17408.573	17.408573	False	1	0.382
pro_lifelong	33	3	50	7556.067	7.556067	False	1	0.412
pro_lifelong	33	4	50	2894.623	2.894623	False	1	0.412
pro_lifelong	33	5	50	12038.951	12.038951	False	1	0.412
pro_lifelong	33	6	50	2576.647	2.576647	False	1	0.412
pro_lifelong	34	1	50	17450.485	17.450485	False	1	0.427
pro_lifelong	34	2	50	17866.488	17.866488	False	1	0.444
pro_lifelong	34	3	50	12012.025	12.012025	False	1	0.427
pro_lifelong	34	4	50	10178.263	10.178263	False	1	0.427
pro_lifelong	34	5	50	12962.437	12.962437	False	1	0.419
pro_lifelong	34	6	50	18590.150	18.590150	False	1	0.424
pro_lifelong	34	7	50	13158.774	13.158774	False	1	0.404
pro_lifelong	35	1	50	16526.981	16.526981	False	1	0.434
pro_lifelong	35	2	50	4477.195	4.477195	False	1	0.434
pro_lifelong	35	3	50	4730.324	4.730324	False	1	0.434
pro_lifelong	35	4	50	2960.073	2.960073	False	1	0.434
pro_lifelong	35	5	50	12172.474	12.172474	False	1	0.434
pro_lifelong	35	6	50	16684.425	16.684425	False	1	0.48
pro_lifelong	35	7	50	16692.110	16.692110	False	1	0.396
pro_lifelong	35	8	50	2639.612	2.639612	False	1	0.434
pro_lifelong	35	9	50	14786.397	14.786397	False	1	0.453
pro_lifelong	35	10	50	2964.044	2.964044	False	1	0.434
pro_lifelong	35	11	50	13052.014	13.052014	False	1	0.434
pro_lifelong	36	1	50	17364.266	17.364266	True	1	0.785
pro_lifelong	37	1	50	20096.664	20.096664	False	1	0.421
pro_lifelong	37	2	50	14621.944	14.621944	False	1	0.133
pro_lifelong	37	3	50	17835.076	17.835076	False	1	0.434
pro_lifelong	37	4	50	13245.659	13.245659	False	1	0.133
pro_lifelong	37	5	50	9424.633	9.424633	False	1	0.133
pro_lifelong	37	6	50	8498.970	8.498970	False	1	0.421
pro_lifelong	37	7	50	2648.427	2.648427	False	1	0.421
pro_lifelong	37	8	50	2489.561	2.489561	False	1	0.421
pro_lifelong	38	1	50	24559.495	24.559495	False	1	0.421
pro_lifelong	38	2	50	20059.143	20.059143	False	1	0.387
pro_lifelong	38	3	50	20438.294	20.438294	False	1	0.44
pro_lifelong	38	4	50	16260.605	16.260605	False	1	0.418
pro_lifelong	38	5	50	17952.100	17.952100	False	1	0.458
pro_lifelong	38	6	50	17192.929	17.192929	False	1	0.418
pro_lifelong	38	7	50	10498.727	10.498727	False	1	0.418
pro_lifelong	38	8	50	22354.190	22.354190	False	1	0.372
pro_lifelong	38	9	50	14447.890	14.447890	False	1	0.405
pro_lifelong	38	10	50	22368.179	22.368179	False	1	0.393
pro_lifelong	39	1	50	14661.420	14.661420	False	1	0.413
pro_lifelong	39	2	50	8767.459	8.767459	False	1	0.429
pro_lifelong	39	3	50	21910.994	21.910994	False	1	0.436
pro_lifelong	39	4	50	16193.224	16.193224	False	1	0.43
pro_lifelong	39	5	50	16973.028	16.973028	False	1	0.417
pro_lifelong	39	6	50	16259.151	16.259151	False	1	0.422
pro_lifelong	39	7	50	26320.244	26.320244	True	1	0.812
pro_lifelong	40	1	50	13063.332	13.063332	False	1	0.386
pro_lifelong	40	2	50	12840.647	12.840647	False	1	0.133
pro_lifelong	40	3	50	21087.052	21.087052	False	1	0.418
pro_lifelong	40	4	50	4063.193	4.063193	False	1	0.133
pro_lifelong	40	5	50	10933.930	10.933930	False	1	0.133
pro_lifelong	40	6	50	15357.326	15.357326	False	1	0.133
pro_lifelong	40	7	50	14813.706	14.813706	False	1	0.391
pro_lifelong	40	8	50	17127.268	17.127268	False	1	0.415
pro_lifelong	41	1	50	17451.384	17.451384	False	1	0.396
pro_lifelong	41	2	50	7082.932	7.082932	False	1	0.416
pro_lifelong	41	3	50	2605.210	2.605210	False	1	0.416
pro_lifelong	41	4	50	16322.739	16.322739	False	1	0.409
pro_lifelong	41	5	50	18206.508	18.206508	False	1	0.398
pro_lifelong	41	6	50	15444.623	15.444623	False	1	0.422
pro_lifelong	41	7	50	16195.915	16.195915	False	1	0.477
pro_lifelong	41	8	50	18354.140	18.354140	False	1	0.444
pro_lifelong	41	9	50	16899.587	16.899587	False	1	0.41
pro_lifelong	41	10	50	15200.492	15.200492	False	1	0.362
pro_lifelong	41	11	50	15154.740	15.154740	False	1	0.422
pro_lifelong	41	12	50	19495.737	19.495737	False	1	0.381
pro_lifelong	42	1	50	15620.680	15.620680	False	1	0.412
pro_lifelong	42	2	50	22364.717	22.364717	False	1	0.458
pro_lifelong	42	3	50	16833.411	16.833411	False	1	0.42
pro_lifelong	42	4	50	13053.454	13.053454	False	1	0.442
pro_lifelong	42	5	50	16980.123	16.980123	False	1	0.428
pro_lifelong	42	6	50	3074.936	3.074936	False	1	0.133
pro_lifelong	42	7	50	2265.437	2.265437	False	1	0.133
pro_lifelong	43	1	50	5189.700	5.189700	False	1	0.133
pro_lifelong	43	2	50	11221.906	11.221906	False	1	0.452
pro_lifelong	43	3	50	2413.113	2.413113	False	1	0.133
pro_lifelong	43	4	50	16771.920	16.771920	False	1	0.371
pro_lifelong	43	5	50	13683.741	13.683741	False	1	0.393
pro_lifelong	43	6	50	9653.479	9.653479	False	1	0.133
pro_lifelong	43	7	50	3368.490	3.368490	False	1	0.133
pro_lifelong	44	1	50	12875.677	12.875677	False	1	0.431
pro_lifelong	44	2	50	17199.571	17.199571	False	1	0.431
pro_lifelong	44	3	50	17287.529	17.287529	False	1	0.446
pro_lifelong	44	4	50	19018.598	19.018598	False	1	0.431
pro_lifelong	44	5	50	17985.024	17.985024	False	1	0.39
pro_lifelong	44	6	50	2890.925	2.890925	False	1	0.431
pro_lifelong	44	7	50	2319.939	2.319939	False	1	0.431
pro_lifelong	44	8	50	14147.566	14.147566	False	1	0.431
pro_lifelong	45	1	50	14984.633	14.984633	False	1	0.398
pro_lifelong	45	2	50	20848.594	20.848594	False	1	0.403
pro_lifelong	45	3	50	13212.540	13.212540	False	1	0.133
pro_lifelong	45	4	50	2539.817	2.539817	False	1	0.133
pro_lifelong	45	5	50	4922.754	4.922754	False	1	0.133
pro_lifelong	45	6	50	2681.189	2.681189	False	1	0.133
pro_lifelong	46	1	50	6970.154	6.970154	False	1	0.412
pro_lifelong	46	2	50	15030.959	15.030959	False	1	0.41
pro_lifelong	46	3	50	12823.710	12.823710	False	1	0.133
pro_lifelong	46	4	50	15338.469	15.338469	False	1	0.468
pro_lifelong	46	5	50	12139.705	12.139705	False	1	0.133
pro_lifelong	46	6	50	3147.998	3.147998	False	1	0.412
pro_lifelong	46	7	50	2449.113	2.449113	False	1	0.412
pro_lifelong	46	8	50	8436.680	8.436680	False	1	0.412
pro_lifelong	46	9	50	15781.615	15.781615	False	1	0.37
pro_lifelong	47	1	50	20670.333	20.670333	False	1	0.406
pro_lifelong	47	2	50	13237.262	13.237262	True	1	0.792
pro_lifelong	48	1	50	16956.321	16.956321	False	1	0.412
pro_lifelong	48	2	50	16766.488	16.766488	False	1	0.476
pro_lifelong	48	3	50	17840.840	17.840840	False	1	0.449
pro_lifelong	48	4	50	16623.066	16.623066	False	1	0.41
pro_lifelong	48	5	50	11357.118	11.357118	True	1	0.749
pro_lifelong	49	1	50	6120.540	6.120540	False	1	0.133
pro_lifelong	49	2	50	22452.410	22.452410	True	1	0.773
pro_lifelong	50	1	50	11584.611	11.584611	False	1	0.133
pro_lifelong	50	2	50	11613.454	11.613454	False	1	0.133
pro_lifelong	50	3	50	18586.126	18.586126	False	1	0.373
pro_lifelong	50	4	50	2595.041	2.595041	False	1	0.133
pro_lifelong	50	5	50	16106.575	16.106575	False	1	0.423
pro_lifelong	50	6	50	18970.134	18.970134	False	1	0.402
pro_lifelong	50	7	50	13078.490	13.078490	False	1	0.133
pro_lifelong	50	8	50	15599.955	15.599955	False	1	0.46
pro_lifelong	50	9	50	21460.646	21.460646	False	1	0.436
pro_lifelong	50	10	50	10120.239	10.120239	False	1	0.133
pro_lifelong	50	11	50	9830.999	9.830999	False	1	0.133
pro_lifelong	50	12	50	13362.065	13.362065	False	1	0.133
pro_lifelong	50	13	50	3487.724	3.487724	False	1	0.133
pro_lifelong	51	1	50	4433.323	4.433323	False	1	0.133
pro_lifelong	51	2	50	11565.526	11.565526	False	1	0.133
pro_lifelong	51	3	50	18791.754	18.791754	False	1	0.433
pro_lifelong	51	4	50	23351.664	23.351664	False	1	0.417
pro_lifelong	51	5	50	11903.774	11.903774	False	1	0.432
pro_lifelong	51	6	50	13809.014	13.809014	False	1	0.133
pro_lifelong	51	7	50	15233.183	15.233183	False	1	0.408
pro_lifelong	51	8	50	18656.551	18.656551	False	1	0.516
pro_lifelong	51	9	50	15961.173	15.961173	False	1	0.418
pro_lifelong	51	10	50	17441.345	17.441345	False	1	0.426
pro_lifelong	51	11	50	14855.832	14.855832	False	1	0.431
pro_lifelong	51	12	50	15570.668	15.570668	False	1	0.356
pro_lifelong	51	13	50	12532.935	12.532935	False	1	0.133
pro_lifelong	52	1	50	19886.671	19.886671	False	1	0.41
pro_lifelong	52	2	50	22897.278	22.897278	False	1	0.401
pro_lifelong	52	3	50	19283.361	19.283361	False	1	0.402
pro_lifelong	52	4	50	19529.266	19.529266	False	1	0.406
pro_lifelong	52	5	50	15399.398	15.399398	False	1	0.421
pro_lifelong	52	6	50	16315.517	16.315517	False	1	0.422
pro_lifelong	52	7	50	14553.906	14.553906	False	1	0.447
pro_lifelong	52	8	50	20192.637	20.192637	False	1	0.41
pro_lifelong	52	9	50	8917.017	8.917017	False	1	0.41
pro_lifelong	52	10	50	21520.635	21.520635	False	1	0.405
pro_lifelong	52	11	50	11640.267	11.640267	False	1	0.41
pro_lifelong	52	12	50	11041.061	11.041061	False	1	0.41
pro_lifelong	53	1	50	14727.893	14.727893	False	1	0.413
pro_lifelong	53	2	50	13465.631	13.465631	False	1	0.423
pro_lifelong	53	3	50	7166.222	7.166222	False	1	0.414
pro_lifelong	53	4	50	17013.176	17.013176	False	1	0.407
pro_lifelong	53	5	50	3810.008	3.810008	False	1	0.414
pro_lifelong	53	6	50	2195.163	2.195163	False	1	0.414
pro_lifelong	54	1	50	15227.789	15.227789	False	1	0.357
pro_lifelong	54	2	50	15604.229	15.604229	False	1	0.476
pro_lifelong	54	3	50	21074.243	21.074243	False	1	0.432
pro_lifelong	54	4	50	20405.134	20.405134	True	1	0.751
pro_lifelong	55	1	50	19120.087	19.120087	False	1	0.472
pro_lifelong	55	2	50	14020.000	14.020000	False	1	0.482
pro_lifelong	55	3	50	19921.215	19.921215	False	1	0.478
pro_lifelong	55	4	50	16376.402	16.376402	False	1	0.498
pro_lifelong	55	5	50	16497.335	16.497335	False	1	0.133
pro_lifelong	55	6	50	13127.016	13.127016	False	1	0.474
pro_lifelong	55	7	50	18288.206	18.288206	False	1	0.442
pro_lifelong	55	8	50	18331.119	18.331119	False	1	0.392
pro_lifelong	55	9	50	18776.965	18.776965	False	1	0.473
pro_lifelong	56	1	50	17001.030	17.001030	False	1	0.361
pro_lifelong	56	2	50	16239.623	16.239623	False	1	0.592
pro_lifelong	56	3	50	9374.010	9.374010	False	1	0.52
pro_lifelong	56	4	50	13832.072	13.832072	False	1	0.133
pro_lifelong	56	5	50	19702.719	19.702719	False	1	0.398
pro_lifelong	56	6	50	2959.997	2.959997	False	1	0.52
pro_lifelong	56	7	50	1758.959	1.758959	False	1	0.52
pro_lifelong	57	1	50	15210.246	15.210246	False	1	0.385
pro_lifelong	57	2	50	4364.862	4.364862	False	1	0.133
pro_lifelong	57	3	50	13134.938	13.134938	False	1	0.133
pro_lifelong	57	4	50	2342.239	2.342239	False	1	0.133
pro_lifelong	57	5	50	22125.362	22.125362	True	1	0.795
pro_lifelong	58	1	50	16561.997	16.561997	False	1	0.507
pro_lifelong	58	2	50	19503.767	19.503767	False	1	0.408
pro_lifelong	58	3	50	17565.418	17.565418	False	1	0.513
pro_lifelong	58	4	50	12566.841	12.566841	False	1	0.396
pro_lifelong	58	5	50	15248.109	15.248109	False	1	0.398
pro_lifelong	58	6	50	17330.283	17.330283	False	1	0.573
pro_lifelong	58	7	50	2183.749	2.183749	False	1	0.513
pro_lifelong	58	8	50	16304.475	16.304475	False	1	0.133
pro_lifelong	58	9	50	4661.513	4.661513	False	1	0.513
pro_lifelong	58	10	50	17382.064	17.382064	False	1	0.415
pro_lifelong	58	11	50	18490.625	18.490625	False	1	0.502
pro_lifelong	59	1	50	12637.728	12.637728	False	1	0.414
pro_lifelong	59	2	50	7966.714	7.966714	False	1	0.565
pro_lifelong	59	3	50	10885.002	10.885002	False	1	0.133
pro_lifelong	59	4	50	3546.851	3.546851	False	1	0.565
pro_lifelong	59	5	50	4968.876	4.968876	False	1	0.565
pro_lifelong	59	6	50	20775.549	20.775549	False	1	0.447
pro_lifelong	59	7	50	2738.952	2.738952	False	1	0.565
pro_lifelong	60	1	50	14250.659	14.250659	False	1	0.133
pro_lifelong	60	2	50	10653.828	10.653828	False	1	0.133
pro_lifelong	60	3	50	17512.728	17.512728	False	1	0.535
pro_lifelong	60	4	50	7383.392	7.383392	False	1	0.564
pro_lifelong	60	5	50	2888.706	2.888706	False	1	0.564
pro_lifelong	60	6	50	33820.664	33.820664	False	1	0.604
pro_lifelong	60	7	50	2973.935	2.973935	False	1	0.564
pro_lifelong	60	8	50	17464.122	17.464122	False	1	0.441
pro_lifelong	60	9	50	2804.546	2.804546	False	1	0.564
pro_lifelong	60	10	50	2968.360	2.968360	False	1	0.564
pro_lifelong	60	11	50	14432.165	14.432165	False	1	0.564
pro_lifelong	61	1	50	2872.816	2.872816	False	1	0.133
pro_lifelong	61	2	50	12099.353	12.099353	False	1	0.133
pro_lifelong	61	3	50	16767.252	16.767252	False	1	0.418
pro_lifelong	61	4	50	13261.503	13.261503	False	1	0.133
pro_lifelong	61	5	50	17127.309	17.127309	False	1	0.384
pro_lifelong	61	6	50	4096.380	4.096380	False	1	0.133
pro_lifelong	61	7	50	13525.216	13.525216	False	1	0.133
pro_lifelong	61	8	50	11541.354	11.541354	False	1	0.133
pro_lifelong	62	1	50	3519.978	3.519978	False	1	0.133
pro_lifelong	62	2	50	17011.626	17.011626	False	1	0.437
pro_lifelong	62	3	50	13346.006	13.346006	False	1	0.133
pro_lifelong	62	4	50	4389.793	4.389793	False	1	0.133
pro_lifelong	62	5	50	4029.966	4.029966	False	1	0.133
pro_lifelong	62	6	50	17680.307	17.680307	False	1	0.466
pro_lifelong	62	7	50	23498.520	23.498520	False	1	0.408
pro_lifelong	62	8	50	13226.053	13.226053	False	1	0.536
pro_lifelong	62	9	50	4109.294	4.109294	False	1	0.133
pro_lifelong	62	10	50	10974.962	10.974962	False	1	0.133
pro_lifelong	62	11	50	16004.263	16.004263	False	1	0.446
pro_lifelong	62	12	50	13303.508	13.303508	False	1	0.133
pro_lifelong	62	13	50	2952.464	2.952464	False	1	0.133
pro_lifelong	63	1	50	4944.440	4.944440	False	1	0.133
pro_lifelong	63	2	50	16159.577	16.159577	False	1	0.403
pro_lifelong	63	3	50	16486.659	16.486659	False	1	0.408
pro_lifelong	63	4	50	8830.078	8.830078	False	1	0.133
pro_lifelong	63	5	50	15116.746	15.116746	False	1	0.419
pro_lifelong	63	6	50	15679.899	15.679899	False	1	0.408
pro_lifelong	63	7	50	15910.499	15.910499	False	1	0.488
pro_lifelong	63	8	50	3044.467	3.044467	False	1	0.133
pro_lifelong	63	9	50	2427.005	2.427005	False	1	0.133
pro_lifelong	63	10	50	2567.094	2.567094	False	1	0.133
pro_lifelong	63	11	50	14187.774	14.187774	False	1	0.401
pro_lifelong	63	12	50	12557.516	12.557516	False	1	0.383
pro_lifelong	64	1	50	14668.535	14.668535	False	1	0.133
pro_lifelong	64	2	50	20109.304	20.109304	False	1	0.409
pro_lifelong	64	3	50	15193.316	15.193316	False	1	0.444
pro_lifelong	64	4	50	3081.265	3.081265	False	1	0.444
pro_lifelong	64	5	50	11313.918	11.313918	False	1	0.444
pro_lifelong	64	6	50	16886.713	16.886713	False	1	0.447
pro_lifelong	64	7	50	7276.392	7.276392	False	1	0.133
pro_lifelong	64	8	50	14389.514	14.389514	False	1	0.374
pro_lifelong	65	1	50	4589.540	4.589540	False	1	0.133
pro_lifelong	65	2	50	11026.566	11.026566	False	1	0.133
pro_lifelong	65	3	50	20280.191	20.280191	False	1	0.404
pro_lifelong	65	4	50	12999.691	12.999691	False	1	0.485
pro_lifelong	65	5	50	13594.817	13.594817	False	1	0.401
pro_lifelong	65	6	50	11808.776	11.808776	False	1	0.133
pro_lifelong	65	7	50	18083.869	18.083869	False	1	0.423
pro_lifelong	65	8	50	4214.421	4.214421	False	1	0.133
pro_lifelong	65	9	50	17364.872	17.364872	False	1	0.438
pro_lifelong	66	1	50	15578.632	15.578632	False	1	0.388
pro_lifelong	66	2	50	15715.173	15.715173	False	1	0.448
pro_lifelong	66	3	50	4182.086	4.182086	False	1	0.133
pro_lifelong	66	4	50	15582.048	15.582048	False	1	0.433
pro_lifelong	66	5	50	3202.307	3.202307	False	1	0.133
pro_lifelong	66	6	50	22156.375	22.156375	False	1	0.133
pro_lifelong	66	7	50	15842.436	15.842436	False	1	0.42
pro_lifelong	67	1	50	18446.759	18.446759	False	1	0.478
pro_lifelong	67	2	50	15362.939	15.362939	False	1	0.617
pro_lifelong	67	3	50	8321.573	8.321573	False	1	0.562
pro_lifelong	67	4	50	2641.452	2.641452	False	1	0.562
pro_lifelong	67	5	50	18357.251	18.357251	False	1	0.463
pro_lifelong	67	6	50	2887.436	2.887436	False	1	0.562
pro_lifelong	67	7	50	18323.785	18.323785	False	1	0.596
pro_lifelong	68	1	50	8576.714	8.576714	False	1	0.429
pro_lifelong	68	2	50	12688.508	12.688508	False	1	0.429
pro_lifelong	68	3	50	21536.296	21.536296	False	1	0.457
pro_lifelong	68	4	50	19367.460	19.367460	False	1	0.446
pro_lifelong	68	5	50	20079.623	20.079623	False	1	0.388
pro_lifelong	68	6	50	9724.503	9.724503	False	1	0.429
pro_lifelong	68	7	50	17674.712	17.674712	False	1	0.382
pro_lifelong	68	8	50	4327.261	4.327261	False	1	0.429
pro_lifelong	69	1	50	10174.031	10.174031	False	1	0.411
pro_lifelong	69	2	50	18138.743	18.138743	False	1	0.424
pro_lifelong	69	3	50	14908.914	14.908914	False	1	0.409
pro_lifelong	69	4	50	14253.001	14.253001	False	1	0.477
pro_lifelong	69	5	50	16624.683	16.624683	False	1	0.461
pro_lifelong	69	6	50	16479.930	16.479930	False	1	0.458
pro_lifelong	69	7	50	16677.789	16.677789	False	1	0.369
pro_lifelong	69	8	50	17133.876	17.133876	False	1	0.458
pro_lifelong	69	9	50	15650.981	15.650981	False	1	0.459
pro_lifelong	70	1	50	15226.449	15.226449	False	1	0.463
pro_lifelong	70	2	50	8121.948	8.121948	False	1	0.422
pro_lifelong	70	3	50	12743.512	12.743512	False	1	0.422
pro_lifelong	70	4	50	2741.607	2.741607	False	1	0.422
pro_lifelong	70	5	50	15410.300	15.410300	False	1	0.401
pro_lifelong	70	6	50	14489.440	14.489440	False	1	0.408
pro_lifelong	71	1	50	19802.870	19.802870	False	1	0.433
pro_lifelong	71	2	50	16528.482	16.528482	False	1	0.398
pro_lifelong	71	3	50	27918.522	27.918522	False	1	0.377
pro_lifelong	71	4	50	11659.230	11.659230	False	1	0.396
pro_lifelong	71	5	50	13731.260	13.731260	False	1	0.374
pro_lifelong	71	6	50	14905.556	14.905556	False	1	0.472
pro_lifelong	71	7	50	18667.840	18.667840	False	1	0.466
pro_lifelong	71	8	50	15469.968	15.469968	False	1	0.408
pro_lifelong	71	9	50	16994.898	16.994898	False	1	0.418
pro_lifelong	71	10	50	18244.907	18.244907	False	1	0.399
pro_lifelong	71	11	50	15089.580	15.089580	False	1	0.388
pro_lifelong	72	1	50	14173.948	14.173948	False	1	0.361
pro_lifelong	72	2	50	14259.518	14.259518	False	1	0.471
pro_lifelong	72	3	50	5325.510	5.325510	False	1	0.133
pro_lifelong	72	4	50	2987.645	2.987645	False	1	0.133
pro_lifelong	72	5	50	14955.092	14.955092	False	1	0.393
pro_lifelong	72	6	50	26527.564	26.527564	False	1	0.466
pro_lifelong	72	7	50	2744.929	2.744929	False	1	0.133
pro_lifelong	73	1	50	11034.341	11.034341	False	1	0.412
pro_lifelong	73	2	50	1734.783	1.734783	False	1	0.133
pro_lifelong	73	3	50	1961.440	1.961440	False	1	0.133
pro_lifelong	73	4	50	10128.124	10.128124	False	1	0.133
pro_lifelong	73	5	50	2275.076	2.275076	False	1	0.133
pro_lifelong	74	1	50	18302.708	18.302708	False	1	0.463
pro_lifelong	74	2	50	6913.884	6.913884	False	1	0.459
pro_lifelong	74	3	50	15514.202	15.514202	False	1	0.133
pro_lifelong	74	4	50	2968.829	2.968829	False	1	0.459
pro_lifelong	74	5	50	13060.253	13.060253	False	1	0.492
pro_lifelong	74	6	50	2400.616	2.400616	False	1	0.459
pro_lifelong	74	7	50	22325.019	22.325019	False	1	0.417
pro_lifelong	74	8	50	13000.989	13.000989	False	1	0.444
pro_lifelong	74	9	50	16021.515	16.021515	False	1	0.459
pro_lifelong	74	10	50	16081.437	16.081437	False	1	0.448
pro_lifelong	75	1	50	15454.572	15.454572	True	1	0.899
pro_lifelong	76	1	50	10694.234	10.694234	False	1	0.133
pro_lifelong	76	2	50	2580.615	2.580615	False	1	0.133
pro_lifelong	76	3	50	16281.556	16.281556	False	1	0.508
pro_lifelong	76	4	50	14210.935	14.210935	False	1	0.133
pro_lifelong	76	5	50	23288.494	23.288494	False	1	0.488
pro_lifelong	76	6	50	19190.099	19.190099	False	1	0.502
pro_lifelong	76	7	50	17477.507	17.477507	False	1	0.418
pro_lifelong	76	8	50	10983.803	10.983803	False	1	0.133
pro_lifelong	77	1	50	13573.898	13.573898	False	1	0.133
pro_lifelong	77	2	50	3611.944	3.611944	False	1	0.133
pro_lifelong	77	3	50	3045.664	3.045664	False	1	0.133
pro_lifelong	77	4	50	2724.938	2.724938	False	1	0.133
pro_lifelong	78	1	50	9349.999	9.349999	False	1	0.468
pro_lifelong	78	2	50	16967.703	16.967703	False	1	0.479
pro_lifelong	78	3	50	25453.040	25.453040	False	1	0.491
pro_lifelong	78	4	50	20192.834	20.192834	False	1	0.452
pro_lifelong	78	5	50	16195.515	16.195515	False	1	0.468
pro_lifelong	78	6	50	15002.575	15.002575	False	1	0.474
pro_lifelong	78	7	50	22399.320	22.399320	False	1	0.393
pro_lifelong	78	8	50	11934.052	11.934052	False	1	0.468
pro_lifelong	79	1	50	15780.486	15.780486	False	1	0.466
pro_lifelong	79	2	50	15146.907	15.146907	False	1	0.45
pro_lifelong	79	3	50	18295.678	18.295678	False	1	0.433
pro_lifelong	79	4	50	8581.884	8.581884	False	1	0.499
pro_lifelong	79	5	50	18451.222	18.451222	False	1	0.421
pro_lifelong	79	6	50	14690.292	14.690292	False	1	0.392
pro_lifelong	79	7	50	16564.906	16.564906	False	1	0.502
pro_lifelong	79	8	50	12575.232	12.575232	False	1	0.466
pro_lifelong	79	9	50	17987.595	17.987595	False	1	0.501
pro_lifelong	80	1	50	8527.973	8.527973	False	1	0.471
pro_lifelong	80	2	50	20772.727	20.772727	False	1	0.471
pro_lifelong	80	3	50	4236.751	4.236751	False	1	0.471
pro_lifelong	80	4	50	14889.313	14.889313	False	1	0.513
pro_lifelong	80	5	50	18455.199	18.455199	False	1	0.466
pro_lifelong	80	6	50	24701.695	24.701695	False	1	0.475
pro_lifelong	80	7	50	17043.221	17.043221	False	1	0.494
pro_lifelong	80	8	50	9442.139	9.442139	False	1	0.471
pro_lifelong	80	9	50	25078.575	25.078575	False	1	0.39
pro_lifelong	81	1	50	19465.096	19.465096	False	1	0.536
pro_lifelong	81	2	50	18529.047	18.529047	False	1	0.133
pro_lifelong	81	3	50	24625.356	24.625356	False	1	0.473
pro_lifelong	81	4	50	19851.243	19.851243	False	1	0.431
pro_lifelong	81	5	50	12036.122	12.036122	False	1	0.133
pro_lifelong	81	6	50	4122.300	4.122300	False	1	0.133
pro_lifelong	82	1	50	18687.492	18.687492	False	1	0.469
pro_lifelong	82	2	50	25411.716	25.411716	False	1	0.439
pro_lifelong	82	3	50	12300.736	12.300736	False	1	0.133
pro_lifelong	82	4	50	22732.007	22.732007	False	1	0.437
pro_lifelong	82	5	50	3358.148	3.358148	False	1	0.133
pro_lifelong	82	6	50	15857.489	15.857489	False	1	0.427
pro_lifelong	83	1	50	13557.840	13.557840	False	1	0.496
pro_lifelong	83	2	50	2596.915	2.596915	False	1	0.133
pro_lifelong	83	3	50	17131.671	17.131671	False	1	0.613
pro_lifelong	83	4	50	19734.363	19.734363	False	1	0.133
pro_lifelong	83	5	50	17277.723	17.277723	False	1	0.539
pro_lifelong	83	6	50	2315.261	2.315261	False	1	0.133
pro_lifelong	83	7	50	14457.631	14.457631	False	1	0.133
pro_lifelong	83	8	50	1994.786	1.994786	False	1	0.133
pro_lifelong	84	1	50	18805.753	18.805753	False	1	0.39
pro_lifelong	84	2	50	17035.974	17.035974	False	1	0.133
pro_lifelong	84	3	50	4595.293	4.595293	False	1	0.133
pro_lifelong	84	4	50	16174.576	16.174576	False	1	0.133
pro_lifelong	84	5	50	13703.824	13.703824	False	1	0.133
pro_lifelong	85	1	50	15006.627	15.006627	False	1	0.133
pro_lifelong	85	2	50	4104.990	4.104990	False	1	0.133
pro_lifelong	85	3	50	16316.535	16.316535	False	1	0.535
pro_lifelong	85	4	50	12306.715	12.306715	False	1	0.133
pro_lifelong	85	5	50	1992.919	1.992919	False	1	0.133
pro_lifelong	85	6	50	22739.589	22.739589	False	1	0.577
pro_lifelong	85	7	50	14597.172	14.597172	False	1	0.576
pro_lifelong	85	8	50	13096.048	13.096048	True	1	0.844
pro_lifelong	86	1	50	10426.397	10.426397	False	1	0.133
pro_lifelong	86	2	50	2442.865	2.442865	False	1	0.133
pro_lifelong	86	3	50	18739.066	18.739066	False	1	0.133
pro_lifelong	86	4	50	12441.020	12.441020	False	1	0.507
pro_lifelong	86	5	50	12959.511	12.959511	False	1	0.133
pro_lifelong	86	6	50	2463.100	2.463100	False	1	0.133
pro_lifelong	86	7	50	7665.509	7.665509	False	1	0.499
pro_lifelong	86	8	50	13949.901	13.949901	False	1	0.511
pro_lifelong	86	9	50	16302.632	16.302632	False	1	0.568
pro_lifelong	86	10	50	12385.023	12.385023	False	1	0.133
pro_lifelong	86	11	50	14814.258	14.814258	False	1	0.512
pro_lifelong	86	12	50	43455.842	43.455842	False	1	0.133
pro_lifelong	86	13	50	2734.425	2.734425	False	1	0.133
pro_lifelong	86	14	50	20413.750	20.413750	False	1	0.393
pro_lifelong	87	1	50	12659.548	12.659548	False	1	0.133
pro_lifelong	87	2	50	4616.725	4.616725	False	1	0.133
pro_lifelong	87	3	50	12446.770	12.446770	False	1	0.133
pro_lifelong	87	4	50	14174.491	14.174491	False	1	0.133
pro_lifelong	88	1	50	18509.880	18.509880	False	1	0.522
pro_lifelong	88	2	50	2510.537	2.510537	False	1	0.133
pro_lifelong	88	3	50	19811.842	19.811842	False	1	0.549
pro_lifelong	88	4	50	9079.432	9.079432	False	1	0.482
pro_lifelong	88	5	50	14029.480	14.029480	True	1	0.821
pro_lifelong	89	1	50	11042.713	11.042713	False	1	0.133
pro_lifelong	89	2	50	18529.358	18.529358	False	1	0.469
pro_lifelong	89	3	50	20127.569	20.127569	False	1	0.413
pro_lifelong	89	4	50	4487.222	4.487222	False	1	0.133
pro_lifelong	89	5	50	16871.962	16.871962	False	1	0.381
pro_lifelong	89	6	50	18605.479	18.605479	False	1	0.492
pro_lifelong	89	7	50	13909.660	13.909660	False	1	0.346
pro_lifelong	89	8	50	17489.776	17.489776	False	1	0.401
pro_lifelong	89	9	50	11575.338	11.575338	False	1	0.133
pro_lifelong	89	10	50	17428.539	17.428539	False	1	0.338
pro_lifelong	89	11	50	15298.435	15.298435	False	1	0.371
pro_lifelong	90	1	50	15794.327	15.794327	False	1	0.133
pro_lifelong	90	2	50	3714.637	3.714637	False	1	0.133
pro_lifelong	90	3	50	23721.407	23.721407	False	1	0.501
pro_lifelong	90	4	50	11061.665	11.061665	False	1	0.133
pro_lifelong	90	5	50	15762.197	15.762197	False	1	0.133
pro_lifelong	90	6	50	2250.363	2.250363	False	1	0.133
pro_lifelong	90	7	50	16168.784	16.168784	False	1	0.408
pro_lifelong	90	8	50	2361.052	2.361052	False	1	0.133
pro_lifelong	91	1	50	12371.652	12.371652	False	1	0.133
pro_lifelong	91	2	50	16267.156	16.267156	False	1	0.407
pro_lifelong	91	3	50	41928.239	41.928239	False	1	0.508
pro_lifelong	91	4	50	2255.981	2.255981	False	1	0.133
pro_lifelong	91	5	50	23106.697	23.106697	False	1	0.511
pro_lifelong	91	6	50	28336.243	28.336243	False	1	0.424
pro_lifelong	91	7	50	19061.084	19.061084	False	1	0.425
pro_lifelong	91	8	50	1763.251	1.763251	False	1	0.133
pro_lifelong	92	1	50	22050.193	22.050193	False	1	0.133
pro_lifelong	92	2	50	23030.300	23.030300	False	1	0.133
pro_lifelong	92	3	50	18911.684	18.911684	False	1	0.501
pro_lifelong	92	4	50	11852.463	11.852463	False	1	0.133
pro_lifelong	92	5	50	16988.161	16.988161	False	1	0.133
pro_lifelong	92	6	50	14386.478	14.386478	False	1	0.462
pro_lifelong	92	7	50	22767.544	22.767544	False	1	0.457
pro_lifelong	92	8	50	13803.725	13.803725	False	1	0.133
pro_lifelong	93	1	50	4354.172	4.354172	False	1	0.133
pro_lifelong	93	2	50	3454.410	3.454410	False	1	0.133
pro_lifelong	93	3	50	23823.482	23.823482	False	1	0.512
pro_lifelong	93	4	50	14574.551	14.574551	False	1	0.436
pro_lifelong	93	5	50	2425.968	2.425968	False	1	0.133
pro_lifelong	93	6	50	25996.705	25.996705	False	1	0.524
pro_lifelong	93	7	50	2185.441	2.185441	False	1	0.133
pro_lifelong	93	8	50	1705.775	1.705775	False	1	0.133
pro_lifelong	93	9	50	12644.772	12.644772	False	1	0.133
pro_lifelong	93	10	50	18235.157	18.235157	False	1	0.421
pro_lifelong	93	11	50	21949.214	21.949214	False	1	0.404
pro_lifelong	94	1	50	24200.732	24.200732	False	1	0.502
pro_lifelong	94	2	50	15305.616	15.305616	False	1	0.45
pro_lifelong	94	3	50	17592.856	17.592856	False	1	0.421
pro_lifelong	94	4	50	23562.198	23.562198	False	1	0.395
pro_lifelong	94	5	50	19353.746	19.353746	False	1	0.451
pro_lifelong	94	6	50	21404.288	21.404288	False	1	0.495
pro_lifelong	95	1	50	4285.005	4.285005	False	1	0.133
pro_lifelong	95	2	50	21827.360	21.827360	False	1	0.392
pro_lifelong	95	3	50	11802.302	11.802302	False	1	0.133
pro_lifelong	95	4	50	3471.694	3.471694	False	1	0.133
pro_lifelong	95	5	50	13695.909	13.695909	False	1	0.133
pro_lifelong	95	6	50	12756.730	12.756730	False	1	0.133
pro_lifelong	96	1	50	18671.291	18.671291	False	1	0.421
pro_lifelong	96	2	50	22874.279	22.874279	False	1	0.467
pro_lifelong	96	3	50	28863.121	28.863121	False	1	0.483
pro_lifelong	96	4	50	9676.190	9.676190	False	1	0.133
pro_lifelong	96	5	50	2335.574	2.335574	False	1	0.133
pro_lifelong	96	6	50	17390.190	17.390190	False	1	0.433
pro_lifelong	96	7	50	22849.439	22.849439	False	1	0.133
pro_lifelong	96	8	50	10840.650	10.840650	False	1	0.133
pro_lifelong	97	1	50	13688.655	13.688655	False	1	0.537
pro_lifelong	97	2	50	21274.796	21.274796	False	1	0.437
pro_lifelong	97	3	50	15711.704	15.711704	False	1	0.471
pro_lifelong	97	4	50	8737.051	8.737051	False	1	0.446
pro_lifelong	97	5	50	29845.363	29.845363	False	1	0.432
pro_lifelong	97	6	50	3522.324	3.522324	False	1	0.446
pro_lifelong	98	1	50	28790.280	28.790280	False	1	0.456
pro_lifelong	98	2	50	22747.541	22.747541	False	1	0.504
pro_lifelong	98	3	50	16407.221	16.407221	False	1	0.465
pro_lifelong	98	4	50	9486.701	9.486701	False	1	0.133
pro_lifelong	98	5	50	18084.374	18.084374	False	1	0.477
pro_lifelong	98	6	50	16814.103	16.814103	False	1	0.465
pro_lifelong	98	7	50	14933.621	14.933621	False	1	0.446
pro_lifelong	99	1	50	13811.657	13.811657	False	1	0.133
pro_lifelong	99	2	50	14501.041	14.501041	False	1	0.44
pro_lifelong	99	3	50	12860.221	12.860221	False	1	0.392
pro_lifelong	99	4	50	17905.783	17.905783	True	1	0.738
pro_lifelong	100	1	50	10371.039	10.371039	False	1	0.133
pro_lifelong	100	2	50	12618.922	12.618922	False	1	0.133
pro_lifelong	100	3	50	15674.430	15.674430	False	1	0.42
pro_lifelong	100	4	50	14714.913	14.714913	False	1	0.382
pro_lifelong	100	5	50	16349.707	16.349707	False	1	0.44
pro_lifelong	100	6	50	12320.461	12.320461	False	1	0.133
pro_lifelong	100	7	50	26589.614	26.589614	False	1	0.543
pro_lifelong	100	8	50	14061.841	14.061841	False	1	0.133
pro_lifelong	100	9	50	1704.976	1.704976	False	1	0.133
pro_lifelong	100	10	50	15849.013	15.849013	False	1	0.462
pro_lifelong	100	11	50	9070.802	9.070802	False	1	0.133
pro_lifelong	100	12	50	4664.025	4.664025	False	1	0.133
pro_lifelong	101	1	50	17821.182	17.821182	False	1	0.416
pro_lifelong	101	2	50	6963.869	6.963869	False	1	0.401
pro_lifelong	101	3	50	14596.278	14.596278	False	1	0.328
pro_lifelong	101	4	50	25273.989	25.273989	False	1	0.447
pro_lifelong	101	5	50	3110.061	3.110061	False	1	0.401
pro_lifelong	101	6	50	12353.770	12.353770	False	1	0.393
pro_lifelong	101	7	50	26712.848	26.712848	False	1	0.401
pro_lifelong	101	8	50	16929.356	16.929356	False	1	0.535
pro_lifelong	101	9	50	5913.121	5.913121	False	1	0.401
pro_lifelong	101	10	50	7434.263	7.434263	False	1	0.401
pro_lifelong	101	11	50	25179.352	25.179352	False	1	0.401
pro_lifelong	101	12	50	4381.845	4.381845	False	1	0.401
pro_lifelong	101	13	50	13718.344	13.718344	False	1	0.454
pro_lifelong	102	1	50	17312.015	17.312015	False	1	0.526
pro_lifelong	102	2	50	4106.064	4.106064	False	1	0.133
pro_lifelong	102	3	50	14060.394	14.060394	False	1	0.133
pro_lifelong	102	4	50	12290.906	12.290906	False	1	0.133
pro_lifelong	102	5	50	17824.747	17.824747	True	1	0.844
pro_lifelong	103	1	50	15250.743	15.250743	False	1	0.379
pro_lifelong	103	2	50	5144.616	5.144616	False	1	0.133
pro_lifelong	103	3	50	13190.913	13.190913	False	1	0.459
pro_lifelong	103	4	50	17463.528	17.463528	True	1	0.791
pro_lifelong	104	1	50	16412.542	16.412542	False	1	0.524
pro_lifelong	104	2	50	15971.151	15.971151	False	1	0.485
pro_lifelong	104	3	50	17736.809	17.736809	False	1	0.474
pro_lifelong	104	4	50	4599.622	4.599622	False	1	0.133
pro_lifelong	104	5	50	2249.071	2.249071	False	1	0.133
pro_lifelong	104	6	50	3817.170	3.817170	False	1	0.133
pro_lifelong	105	1	50	15783.315	15.783315	False	1	0.456
pro_lifelong	105	2	50	17187.570	17.187570	False	1	0.438
pro_lifelong	105	3	50	16279.542	16.279542	False	1	0.408
pro_lifelong	105	4	50	13827.434	13.827434	False	1	0.133
pro_lifelong	105	5	50	4037.275	4.037275	False	1	0.133
pro_lifelong	105	6	50	15683.185	15.683185	False	1	0.507
pro_lifelong	105	7	50	16405.303	16.405303	False	1	0.133
pro_lifelong	105	8	50	19110.905	19.110905	False	1	0.468
pro_lifelong	105	9	50	16228.736	16.228736	False	1	0.451
pro_lifelong	105	10	50	2996.136	2.996136	False	1	0.133
pro_lifelong	105	11	50	2442.672	2.442672	False	1	0.133
pro_lifelong	106	1	50	17778.928	17.778928	False	1	0.367
pro_lifelong	106	2	50	15125.128	15.125128	False	1	0.459
pro_lifelong	106	3	50	17774.093	17.774093	False	1	0.389
pro_lifelong	106	4	50	13098.633	13.098633	False	1	0.133
pro_lifelong	106	5	50	17097.727	17.097727	False	1	0.456
pro_lifelong	106	6	50	17450.523	17.450523	False	1	0.416
pro_lifelong	106	7	50	14207.902	14.207902	False	1	0.133
pro_lifelong	107	1	50	12692.590	12.692590	False	1	0.133
pro_lifelong	107	2	50	4086.818	4.086818	False	1	0.133
pro_lifelong	107	3	50	22904.630	22.904630	False	1	0.444
pro_lifelong	107	4	50	10160.483	10.160483	False	1	0.133
pro_lifelong	107	5	50	19642.738	19.642738	False	1	0.518
pro_lifelong	107	6	50	19052.548	19.052548	False	1	0.497
pro_lifelong	107	7	50	13352.328	13.352328	False	1	0.133
pro_lifelong	107	8	50	2433.558	2.433558	False	1	0.133
pro_lifelong	107	9	50	1224.645	1.224645	False	1	0.133
pro_lifelong	107	10	50	10495.601	10.495601	False	1	0.133
pro_lifelong	108	1	50	17396.032	17.396032	False	1	0.4
pro_lifelong	108	2	50	18600.171	18.600171	False	1	0.422
pro_lifelong	108	3	50	5633.368	5.633368	False	1	0.133
pro_lifelong	108	4	50	1828.465	1.828465	False	1	0.133
pro_lifelong	108	5	50	2788.031	2.788031	False	1	0.133
pro_lifelong	108	6	50	17842.597	17.842597	False	1	0.426
pro_lifelong	108	7	50	16253.576	16.253576	False	1	0.404
pro_lifelong	109	1	50	4011.273	4.011273	False	1	0.133
pro_lifelong	109	2	50	3521.442	3.521442	False	1	0.133
pro_lifelong	109	3	50	16204.584	16.204584	False	1	0.468
pro_lifelong	109	4	50	1756.173	1.756173	False	1	0.133
pro_lifelong	109	5	50	4556.153	4.556153	False	1	0.133
pro_lifelong	109	6	50	15633.683	15.633683	False	1	0.398
pro_lifelong	109	7	50	11071.819	11.071819	False	1	0.133
pro_lifelong	109	8	50	15425.529	15.425529	False	1	0.424
pro_lifelong	110	1	50	16066.483	16.066483	False	1	0.445
pro_lifelong	110	2	50	13435.923	13.435923	False	1	0.396
pro_lifelong	110	3	50	20885.952	20.885952	False	1	0.383
pro_lifelong	110	4	50	20777.814	20.777814	False	1	0.403
pro_lifelong	110	5	50	18394.136	18.394136	False	1	0.424
pro_lifelong	110	6	50	15544.986	15.544986	False	1	0.472
pro_lifelong	110	7	50	4086.284	4.086284	False	1	0.133
pro_lifelong	110	8	50	2268.615	2.268615	False	1	0.133
pro_lifelong	110	9	50	13476.555	13.476555	False	1	0.396
pro_lifelong	110	10	50	13959.558	13.959558	False	1	0.133
pro_lifelong	110	11	50	14947.542	14.947542	False	1	0.409
pro_lifelong	111	1	50	13939.380	13.939380	False	1	0.133
pro_lifelong	111	2	50	19303.026	19.303026	False	1	0.48
pro_lifelong	111	3	50	12019.080	12.019080	False	1	0.428
pro_lifelong	111	4	50	19372.708	19.372708	False	1	0.458
pro_lifelong	111	5	50	19562.964	19.562964	False	1	0.477
pro_lifelong	111	6	50	12868.750	12.868750	False	1	0.133
pro_lifelong	111	7	50	17425.645	17.425645	False	1	0.133
pro_lifelong	112	1	50	13691.956	13.691956	False	1	0.133
pro_lifelong	112	2	50	16699.072	16.699072	False	1	0.43
pro_lifelong	112	3	50	16520.191	16.520191	False	1	0.462
pro_lifelong	112	4	50	4581.809	4.581809	False	1	0.133
pro_lifelong	112	5	50	11243.895	11.243895	False	1	0.133
pro_lifelong	112	6	50	16935.362	16.935362	False	1	0.133
pro_lifelong	112	7	50	21586.021	21.586021	False	1	0.431
pro_lifelong	112	8	50	13695.786	13.695786	False	1	0.388
pro_lifelong	113	1	50	12730.981	12.730981	False	1	0.133
pro_lifelong	113	2	50	13399.638	13.399638	False	1	0.133
pro_lifelong	113	3	50	18835.876	18.835876	False	1	0.382
pro_lifelong	113	4	50	4820.077	4.820077	False	1	0.133
pro_lifelong	113	5	50	18934.263	18.934263	False	1	0.501
pro_lifelong	113	6	50	1756.766	1.756766	False	1	0.133
pro_lifelong	113	7	50	19402.656	19.402656	False	1	0.133
pro_lifelong	113	8	50	2551.122	2.551122	False	1	0.133
pro_lifelong	113	9	50	12780.546	12.780546	False	1	0.133
pro_lifelong	114	1	50	18305.275	18.305275	False	1	0.471
pro_lifelong	114	2	50	13551.997	13.551997	False	1	0.133
pro_lifelong	114	3	50	3065.053	3.065053	False	1	0.133
pro_lifelong	114	4	50	19470.141	19.470141	False	1	0.485
pro_lifelong	114	5	50	14757.784	14.757784	False	1	0.355
pro_lifelong	114	6	50	12932.891	12.932891	False	1	0.401
pro_lifelong	114	7	50	13226.563	13.226563	False	1	0.434
pro_lifelong	114	8	50	14434.921	14.434921	False	1	0.133
pro_lifelong	114	9	50	1504.201	1.504201	False	1	0.133
pro_lifelong	115	1	50	19351.760	19.351760	False	1	0.429
pro_lifelong	115	2	50	15237.705	15.237705	False	1	0.133
pro_lifelong	115	3	50	19395.222	19.395222	False	1	0.445
pro_lifelong	115	4	50	4123.526	4.123526	False	1	0.133
pro_lifelong	115	5	50	2953.374	2.953374	False	1	0.133
pro_lifelong	115	6	50	2417.423	2.417423	False	1	0.133
pro_lifelong	115	7	50	6541.389	6.541389	False	1	0.133
pro_lifelong	116	1	50	3274.142	3.274142	False	1	0.133
pro_lifelong	116	2	50	17103.017	17.103017	False	1	0.489
pro_lifelong	116	3	50	16902.588	16.902588	False	1	0.133
pro_lifelong	116	4	50	11577.661	11.577661	False	1	0.133
pro_lifelong	116	5	50	12378.924	12.378924	False	1	0.133
pro_lifelong	116	6	50	11157.265	11.157265	False	1	0.133
pro_lifelong	117	1	50	18709.990	18.709990	False	1	0.133
pro_lifelong	117	2	50	11320.037	11.320037	False	1	0.133
pro_lifelong	117	3	50	13581.130	13.581130	False	1	0.133
pro_lifelong	117	4	50	2770.046	2.770046	False	1	0.133
pro_lifelong	118	1	50	28921.405	28.921405	False	1	0.428
pro_lifelong	118	2	50	21537.987	21.537987	False	1	0.431
pro_lifelong	118	3	50	12039.130	12.039130	False	1	0.133
pro_lifelong	118	4	50	22252.888	22.252888	False	1	0.133
pro_lifelong	118	5	50	13234.511	13.234511	False	1	0.133
pro_lifelong	118	6	50	11663.687	11.663687	False	1	0.429
pro_lifelong	119	1	50	8566.161	8.566161	False	1	0.459
pro_lifelong	119	2	50	6770.587	6.770587	False	1	0.459
pro_lifelong	119	3	50	45428.812	45.428812	False	1	0.47
pro_lifelong	119	4	50	54653.629	54.653629	True	1	0.855
pro_lifelong	120	1	50	27436.519	27.436519	False	1	0.54
pro_lifelong	120	2	50	15828.219	15.828219	False	1	0.133
pro_lifelong	120	3	50	12506.350	12.506350	False	1	0.133
pro_lifelong	120	4	50	3315.530	3.315530	False	1	0.133
pro_lifelong	120	5	50	2975.194	2.975194	False	1	0.133
pro_lifelong	121	1	50	10546.881	10.546881	False	1	0.133
pro_lifelong	121	2	50	19045.786	19.045786	False	1	0.501
pro_lifelong	121	3	50	19883.405	19.883405	False	1	0.377
pro_lifelong	121	4	50	11610.766	11.610766	False	1	0.133
pro_lifelong	121	5	50	16286.160	16.286160	False	1	0.542
pro_lifelong	121	6	50	17120.681	17.120681	False	1	0.443
pro_lifelong	121	7	50	13037.730	13.037730	False	1	0.422
pro_lifelong	121	8	50	17568.420	17.568420	False	1	0.516
pro_lifelong	121	9	50	8243.199	8.243199	False	1	0.133
pro_lifelong	121	10	50	16818.188	16.818188	False	1	0.505
pro_lifelong	122	1	50	4912.290	4.912290	False	1	0.133
pro_lifelong	122	2	50	12321.012	12.321012	False	1	0.133
pro_lifelong	122	3	50	33467.543	33.467543	False	1	0.545
pro_lifelong	122	4	50	22147.117	22.147117	False	1	0.457
pro_lifelong	122	5	50	14672.682	14.672682	False	1	0.494
pro_lifelong	122	6	50	12699.844	12.699844	False	1	0.133
pro_lifelong	122	7	50	31577.452	31.577452	False	1	0.133
pro_lifelong	122	8	50	18319.855	18.319855	True	1	0.858
pro_lifelong	123	1	50	21541.944	21.541944	False	1	0.423
pro_lifelong	123	2	50	2447.483	2.447483	False	1	0.133
pro_lifelong	123	3	50	2274.744	2.274744	False	1	0.133
pro_lifelong	123	4	50	15395.839	15.395839	False	1	0.437
pro_lifelong	123	5	50	17266.096	17.266096	False	1	0.457
pro_lifelong	123	6	50	17982.978	17.982978	False	1	0.394
pro_lifelong	123	7	50	11687.747	11.687747	False	1	0.133
pro_lifelong	123	8	50	20766.328	20.766328	False	1	0.389
pro_lifelong	123	9	50	30630.573	30.630573	False	1	0.522
pro_lifelong	123	10	50	2753.490	2.753490	False	1	0.133
pro_lifelong	123	11	50	2998.075	2.998075	False	1	0.133
pro_lifelong	123	12	50	10421.205	10.421205	False	1	0.133
pro_lifelong	123	13	50	15706.470	15.706470	False	1	0.455
pro_lifelong	123	14	50	18857.424	18.857424	False	1	0.56
pro_lifelong	123	15	50	33481.193	33.481193	False	1	0.133
pro_lifelong	123	16	50	2594.047	2.594047	False	1	0.133
pro_lifelong	123	17	50	1176.097	1.176097	False	1	0.133
pro_lifelong	123	18	50	9753.658	9.753658	False	1	0.133
pro_lifelong	124	1	50	4022.371	4.022371	False	1	0.133
pro_lifelong	124	2	50	15996.766	15.996766	False	1	0.403
pro_lifelong	124	3	50	18740.362	18.740362	False	1	0.481
pro_lifelong	124	4	50	16982.070	16.982070	False	1	0.455
pro_lifelong	124	5	50	12502.776	12.502776	False	1	0.133
pro_lifelong	124	6	50	31353.563	31.353563	True	1	0.734
pro_lifelong	125	1	50	17049.495	17.049495	True	1	0.857
pro_lifelong	126	1	50	7629.310	7.629310	False	1	0.133
pro_lifelong	126	2	50	14582.759	14.582759	False	1	0.133
pro_lifelong	126	3	50	14060.317	14.060317	False	1	0.514
pro_lifelong	126	4	50	20964.835	20.964835	False	1	0.485
pro_lifelong	126	5	50	16012.601	16.012601	False	1	0.487
pro_lifelong	126	6	50	32647.374	32.647374	False	1	0.133
pro_lifelong	126	7	50	11481.004	11.481004	False	1	0.133
pro_lifelong	126	8	50	14898.044	14.898044	False	1	0.485
pro_lifelong	127	1	50	18548.134	18.548134	False	1	0.453
pro_lifelong	127	2	50	10571.449	10.571449	False	1	0.133
pro_lifelong	127	3	50	7111.108	7.111108	False	1	0.459
pro_lifelong	127	4	50	14526.779	14.526779	False	1	0.413
pro_lifelong	127	5	50	11220.603	11.220603	False	1	0.459
pro_lifelong	127	6	50	14449.238	14.449238	False	1	0.329
pro_lifelong	128	1	50	15178.208	15.178208	False	1	0.133
pro_lifelong	128	2	50	14532.396	14.532396	False	1	0.516
pro_lifelong	128	3	50	18393.371	18.393371	False	1	0.133
pro_lifelong	128	4	50	17839.130	17.839130	False	1	0.516
pro_lifelong	128	5	50	12516.437	12.516437	False	1	0.467
pro_lifelong	128	6	50	14812.372	14.812372	False	1	0.498
pro_lifelong	128	7	50	14511.176	14.511176	False	1	0.448
pro_lifelong	129	1	50	7268.120	7.268120	False	1	0.133
pro_lifelong	129	2	50	11369.305	11.369305	False	1	0.133
pro_lifelong	129	3	50	36109.770	36.109770	False	1	0.487
pro_lifelong	129	4	50	10303.476	10.303476	True	1	0.904
pro_lifelong	130	1	50	16996.465	16.996465	False	1	0.411
pro_lifelong	130	2	50	15084.069	15.084069	False	1	0.133
pro_lifelong	130	3	50	17229.986	17.229986	False	1	0.395
pro_lifelong	130	4	50	18336.984	18.336984	False	1	0.394
pro_lifelong	130	5	50	19953.753	19.953753	False	1	0.38
pro_lifelong	130	6	50	15433.809	15.433809	False	1	0.133
pro_lifelong	131	1	50	12351.409	12.351409	False	1	0.133
pro_lifelong	131	2	50	14239.728	14.239728	False	1	0.594
pro_lifelong	131	3	50	12452.433	12.452433	False	1	0.512
pro_lifelong	131	4	50	17707.499	17.707499	False	1	0.447
pro_lifelong	131	5	50	11947.136	11.947136	False	1	0.133
pro_lifelong	131	6	50	4904.735	4.904735	False	1	0.133
pro_lifelong	131	7	50	1749.470	1.749470	False	1	0.133
pro_lifelong	132	1	50	12344.051	12.344051	False	1	0.133
pro_lifelong	132	2	50	2352.477	2.352477	False	1	0.133
pro_lifelong	132	3	50	17666.875	17.666875	False	1	0.403
pro_lifelong	132	4	50	15548.819	15.548819	True	1	0.72
pro_lifelong	133	1	50	3784.728	3.784728	False	1	0.133
pro_lifelong	133	2	50	11641.765	11.641765	True	1	0.81
pro_lifelong	134	1	50	13747.977	13.747977	False	1	0.133
pro_lifelong	134	2	50	9905.363	9.905363	False	1	0.133
pro_lifelong	134	3	50	14286.836	14.286836	False	1	0.133
pro_lifelong	134	4	50	15975.558	15.975558	False	1	0.381
pro_lifelong	134	5	50	10510.891	10.510891	False	1	0.133
pro_lifelong	134	6	50	20416.921	20.416921	False	1	0.425
pro_lifelong	134	7	50	1966.445	1.966445	False	1	0.133
pro_lifelong	134	8	50	11229.291	11.229291	False	1	0.133
pro_lifelong	134	9	50	14786.797	14.786797	False	1	0.392
pro_lifelong	134	10	50	8134.450	8.134450	False	1	0.133
pro_lifelong	134	11	50	1416.790	1.416790	False	1	0.133
pro_lifelong	135	1	50	19498.720	19.498720	False	1	0.133
pro_lifelong	135	2	50	18290.224	18.290224	False	1	0.48
pro_lifelong	135	3	50	22236.773	22.236773	False	1	0.457
pro_lifelong	135	4	50	16712.595	16.712595	False	1	0.407
pro_lifelong	135	5	50	14441.213	14.441213	False	1	0.133
pro_lifelong	135	6	50	11832.106	11.832106	False	1	0.133
pro_lifelong	135	7	50	14989.245	14.989245	False	1	0.347
pro_lifelong	136	1	50	15924.721	15.924721	False	1	0.369
pro_lifelong	136	2	50	15824.146	15.824146	False	1	0.585
pro_lifelong	136	3	50	11174.041	11.174041	False	1	0.423
pro_lifelong	136	4	50	10614.986	10.614986	False	1	0.133
pro_lifelong	136	5	50	4912.601	4.912601	True	1	0.888
pro_lifelong	137	1	50	3314.665	3.314665	False	1	0.133
pro_lifelong	137	2	50	11615.554	11.615554	False	1	0.133
pro_lifelong	137	3	50	2137.684	2.137684	False	1	0.133
pro_lifelong	137	4	50	15645.282	15.645282	False	1	0.504
pro_lifelong	137	5	50	19714.542	19.714542	False	1	0.49
pro_lifelong	137	6	50	14086.084	14.086084	False	1	0.133
pro_lifelong	137	7	50	12700.573	12.700573	False	1	0.133
pro_lifelong	137	8	50	3272.852	3.272852	False	1	0.133
pro_lifelong	137	9	50	8784.008	8.784008	False	1	0.133
pro_lifelong	138	1	50	17155.741	17.155741	False	1	0.448
pro_lifelong	138	2	50	13359.269	13.359269	False	1	0.133
pro_lifelong	138	3	50	16185.886	16.185886	False	1	0.458
pro_lifelong	138	4	50	16721.183	16.721183	False	1	0.435
pro_lifelong	138	5	50	12869.591	12.869591	False	1	0.133
pro_lifelong	138	6	50	7003.741	7.003741	False	1	0.448
pro_lifelong	139	1	50	2848.103	2.848103	False	1	0.133
pro_lifelong	139	2	50	15589.749	15.589749	False	1	0.494
pro_lifelong	139	3	50	17568.232	17.568232	False	1	0.429
pro_lifelong	139	4	50	12968.012	12.968012	False	1	0.133
pro_lifelong	139	5	50	20020.711	20.020711	False	1	0.471
pro_lifelong	139	6	50	1454.167	1.454167	False	1	0.133
pro_lifelong	139	7	50	22982.317	22.982317	False	1	0.439
pro_lifelong	140	1	50	18930.214	18.930214	False	1	0.413
pro_lifelong	140	2	50	11417.109	11.417109	False	1	0.527
pro_lifelong	140	3	50	12729.653	12.729653	False	1	0.133
pro_lifelong	140	4	50	1602.488	1.602488	False	1	0.133
pro_lifelong	140	5	50	10740.149	10.740149	False	1	0.133
pro_lifelong	140	6	50	2175.027	2.175027	False	1	0.133
pro_lifelong	141	1	50	14297.750	14.297750	False	1	0.469
pro_lifelong	141	2	50	4355.602	4.355602	False	1	0.133
pro_lifelong	141	3	50	7747.718	7.747718	False	1	0.133
pro_lifelong	141	4	50	12626.416	12.626416	False	1	0.133
pro_lifelong	141	5	50	13462.930	13.462930	False	1	0.133
pro_lifelong	142	1	50	9821.940	9.821940	False	1	0.133
pro_lifelong	142	2	50	15081.934	15.081934	False	1	0.47
pro_lifelong	142	3	50	18870.612	18.870612	False	1	0.482
pro_lifelong	142	4	50	11576.818	11.576818	False	1	0.133
pro_lifelong	142	5	50	16799.123	16.799123	False	1	0.54
pro_lifelong	142	6	50	9184.367	9.184367	False	1	0.133
pro_lifelong	142	7	50	2647.616	2.647616	False	1	0.133
pro_lifelong	142	8	50	4108.262	4.108262	False	1	0.133
pro_lifelong	142	9	50	2293.542	2.293542	False	1	0.133
pro_lifelong	143	1	50	14357.324	14.357324	False	1	0.133
pro_lifelong	143	2	50	9174.851	9.174851	False	1	0.133
pro_lifelong	143	3	50	15426.115	15.426115	False	1	0.435
pro_lifelong	143	4	50	11921.101	11.921101	False	1	0.133
pro_lifelong	143	5	50	2003.371	2.003371	False	1	0.133
pro_lifelong	143	6	50	2935.264	2.935264	False	1	0.133
pro_lifelong	143	7	50	19637.391	19.637391	False	1	0.48
pro_lifelong	143	8	50	12919.487	12.919487	False	1	0.133
pro_lifelong	143	9	50	13382.806	13.382806	False	1	0.448
pro_lifelong	143	10	50	18607.336	18.607336	False	1	0.437
pro_lifelong	143	11	50	17369.586	17.369586	False	1	0.482
pro_lifelong	143	12	50	14235.541	14.235541	False	1	0.133
pro_lifelong	144	1	50	14516.116	14.516116	False	1	0.133
pro_lifelong	144	2	50	2516.327	2.516327	False	1	0.133
pro_lifelong	144	3	50	14397.918	14.397918	False	1	0.454
pro_lifelong	144	4	50	2903.064	2.903064	False	1	0.133
pro_lifelong	144	5	50	18393.201	18.393201	False	1	0.531
pro_lifelong	144	6	50	1229.957	1.229957	False	1	0.133
pro_lifelong	144	7	50	11782.067	11.782067	True	1	0.794
pro_lifelong	145	1	50	12228.350	12.228350	False	1	0.133
pro_lifelong	145	2	50	22370.983	22.370983	False	1	0.133
pro_lifelong	145	3	50	18464.417	18.464417	False	1	0.133
pro_lifelong	145	4	50	15319.122	15.319122	False	1	0.438
pro_lifelong	145	5	50	15254.707	15.254707	False	1	0.354
pro_lifelong	145	6	50	12746.722	12.746722	False	1	0.133
pro_lifelong	145	7	50	13402.618	13.402618	False	1	0.133
pro_lifelong	145	8	50	30482.862	30.482862	True	1	0.899
pro_lifelong	146	1	50	14908.093	14.908093	False	1	0.385
pro_lifelong	146	2	50	10889.869	10.889869	False	1	0.133
pro_lifelong	146	3	50	12824.294	12.824294	False	1	0.358
pro_lifelong	146	4	50	14400.561	14.400561	False	1	0.133
pro_lifelong	146	5	50	2751.137	2.751137	False	1	0.133
pro_lifelong	146	6	50	11671.811	11.671811	False	1	0.133
pro_lifelong	147	1	50	19195.182	19.195182	False	1	0.396
pro_lifelong	147	2	50	7865.483	7.865483	False	1	0.434
pro_lifelong	147	3	50	20906.844	20.906844	False	1	0.431
pro_lifelong	147	4	50	15958.470	15.958470	False	1	0.42
pro_lifelong	147	5	50	17389.358	17.389358	False	1	0.425
pro_lifelong	147	6	50	3612.210	3.612210	False	1	0.434
pro_lifelong	147	7	50	12012.368	12.012368	False	1	0.42
pro_lifelong	148	1	50	7090.007	7.090007	False	1	0.133
pro_lifelong	148	2	50	17180.917	17.180917	False	1	0.422
pro_lifelong	148	3	50	14589.363	14.589363	False	1	0.133
pro_lifelong	148	4	50	1700.497	1.700497	False	1	0.133
pro_lifelong	148	5	50	2391.646	2.391646	False	1	0.133
pro_lifelong	148	6	50	16096.516	16.096516	False	1	0.419
pro_lifelong	148	7	50	2754.783	2.754783	False	1	0.133
pro_lifelong	149	1	50	8173.354	8.173354	False	1	0.433
pro_lifelong	149	2	50	18246.641	18.246641	False	1	0.448
pro_lifelong	149	3	50	12727.710	12.727710	False	1	0.133
pro_lifelong	149	4	50	3082.647	3.082647	False	1	0.433
pro_lifelong	149	5	50	14643.736	14.643736	False	1	0.433
pro_lifelong	149	6	50	10521.239	10.521239	False	1	0.133
pro_lifelong	149	7	50	10176.314	10.176314	False	1	0.133
pro_lifelong	150	1	50	16012.451	16.012451	False	1	0.408
pro_lifelong	150	2	50	11071.777	11.071777	False	1	0.416
pro_lifelong	150	3	50	17969.841	17.969841	False	1	0.412
pro_lifelong	150	4	50	14092.002	14.092002	False	1	0.407
pro_lifelong	150	5	50	14897.701	14.897701	False	1	0.413
pro_lifelong	150	6	50	15298.486	15.298486	False	1	0.428
pro_lifelong	150	7	50	23578.925	23.578925	False	1	0.419
pro_lifelong	150	8	50	7444.528	7.444528	False	1	0.431
pro_lifelong	150	9	50	16625.160	16.625160	False	1	0.41
pro_lifelong	150	10	50	2291.777	2.291777	False	1	0.431
pro_lifelong	150	11	50	16557.825	16.557825	False	1	0.43
pro_lifelong	151	1	50	18014.619	18.014619	False	1	0.432
pro_lifelong	151	2	50	13237.293	13.237293	False	1	0.133
pro_lifelong	151	3	50	19007.961	19.007961	False	1	0.459
pro_lifelong	151	4	50	2339.770	2.339770	False	1	0.133
pro_lifelong	151	5	50	3374.817	3.374817	False	1	0.133
pro_lifelong	151	6	50	3296.342	3.296342	False	1	0.133
pro_lifelong	151	7	50	11456.351	11.456351	False	1	0.133
pro_lifelong	152	1	50	15815.713	15.815713	False	1	0.424
pro_lifelong	152	2	50	12806.136	12.806136	False	1	0.589
pro_lifelong	152	3	50	14144.059	14.144059	False	1	0.133
pro_lifelong	152	4	50	17439.128	17.439128	False	1	0.432
pro_lifelong	152	5	50	19944.460	19.944460	False	1	0.443
pro_lifelong	152	6	50	12657.526	12.657526	False	1	0.133
pro_lifelong	152	7	50	3838.165	3.838165	False	1	0.133
pro_lifelong	153	1	50	12013.639	12.013639	False	1	0.133
pro_lifelong	153	2	50	7899.319	7.899319	False	1	0.415
pro_lifelong	153	3	50	17319.047	17.319047	False	1	0.38
pro_lifelong	153	4	50	13582.776	13.582776	False	1	0.438
pro_lifelong	153	5	50	17981.380	17.981380	False	1	0.427
pro_lifelong	153	6	50	20993.821	20.993821	False	1	0.416
pro_lifelong	153	7	50	14074.430	14.074430	False	1	0.418
pro_lifelong	153	8	50	14632.386	14.632386	False	1	0.402
pro_lifelong	153	9	50	15759.621	15.759621	False	1	0.378
pro_lifelong	154	1	50	4094.260	4.094260	False	1	0.133
pro_lifelong	154	2	50	20821.912	20.821912	False	1	0.387
pro_lifelong	154	3	50	1738.651	1.738651	False	1	0.133
pro_lifelong	154	4	50	12037.326	12.037326	False	1	0.133
pro_lifelong	154	5	50	15393.908	15.393908	False	1	0.486
pro_lifelong	154	6	50	17672.288	17.672288	False	1	0.397
pro_lifelong	154	7	50	17081.558	17.081558	False	1	0.399
pro_lifelong	154	8	50	16647.470	16.647470	False	1	0.411
pro_lifelong	154	9	50	13694.323	13.694323	False	1	0.411
pro_lifelong	154	10	50	18446.156	18.446156	False	1	0.466
pro_lifelong	155	1	50	3625.516	3.625516	False	1	0.133
pro_lifelong	155	2	50	24422.328	24.422328	False	1	0.509
pro_lifelong	155	3	50	2581.291	2.581291	False	1	0.133
pro_lifelong	155	4	50	17502.169	17.502169	False	1	0.372
pro_lifelong	155	5	50	12767.644	12.767644	False	1	0.133
pro_lifelong	155	6	50	17872.910	17.872910	False	1	0.422
pro_lifelong	155	7	50	19243.541	19.243541	False	1	0.433
pro_lifelong	156	1	50	21136.079	21.136079	False	1	0.133
pro_lifelong	156	2	50	15833.119	15.833119	True	1	0.847
pro_lifelong	157	1	50	11237.626	11.237626	False	1	0.133
pro_lifelong	157	2	50	18034.885	18.034885	False	1	0.384
pro_lifelong	157	3	50	13353.211	13.353211	False	1	0.403
pro_lifelong	157	4	50	17676.805	17.676805	False	1	0.387
pro_lifelong	157	5	50	12944.788	12.944788	False	1	0.471
pro_lifelong	157	6	50	4482.422	4.482422	False	1	0.133
pro_lifelong	157	7	50	16359.697	16.359697	False	1	0.372
pro_lifelong	157	8	50	2140.020	2.140020	False	1	0.133
pro_lifelong	157	9	50	13437.169	13.437169	False	1	0.133
pro_lifelong	157	10	50	13975.317	13.975317	False	1	0.422
pro_lifelong	158	1	50	13905.476	13.905476	False	1	0.429
pro_lifelong	158	2	50	18391.064	18.391064	False	1	0.424
pro_lifelong	158	3	50	7451.855	7.451855	False	1	0.418
pro_lifelong	158	4	50	16092.582	16.092582	False	1	0.427
pro_lifelong	158	5	50	2690.856	2.690856	False	1	0.418
pro_lifelong	158	6	50	19223.340	19.223340	False	1	0.461
pro_lifelong	158	7	50	2855.482	2.855482	False	1	0.418
pro_lifelong	158	8	50	17705.043	17.705043	False	1	0.407
pro_lifelong	158	9	50	14938.116	14.938116	False	1	0.457
pro_lifelong	158	10	50	16208.123	16.208123	False	1	0.406
pro_lifelong	158	11	50	16025.138	16.025138	False	1	0.429
pro_lifelong	159	1	50	15296.241	15.296241	False	1	0.396
pro_lifelong	159	2	50	22988.489	22.988489	False	1	0.421
pro_lifelong	159	3	50	8091.413	8.091413	False	1	0.133
pro_lifelong	159	4	50	7288.832	7.288832	False	1	0.413
pro_lifelong	159	5	50	10045.960	10.045960	False	1	0.133
pro_lifelong	159	6	50	3589.616	3.589616	False	1	0.413
pro_lifelong	159	7	50	15824.660	15.824660	False	1	0.469
pro_lifelong	159	8	50	10979.885	10.979885	False	1	0.413
pro_lifelong	159	9	50	2197.826	2.197826	False	1	0.413
pro_lifelong	159	10	50	17634.969	17.634969	False	1	0.405
pro_lifelong	159	11	50	10223.687	10.223687	False	1	0.413
pro_lifelong	159	12	50	2195.042	2.195042	False	1	0.413
pro_lifelong	160	1	50	33506.980	33.506980	False	1	0.133
pro_lifelong	160	2	50	10609.297	10.609297	False	1	0.133
pro_lifelong	160	3	50	15399.849	15.399849	False	1	0.433
pro_lifelong	160	4	50	24136.923	24.136923	False	1	0.133
pro_lifelong	160	5	50	16424.774	16.424774	False	1	0.445
pro_lifelong	160	6	50	29106.649	29.106649	False	1	0.525
pro_lifelong	160	7	50	2243.352	2.243352	False	1	0.133
pro_lifelong	160	8	50	26146.163	26.146163	False	1	0.473
pro_lifelong	160	9	50	13903.019	13.903019	False	1	0.424
pro_lifelong	160	10	50	18297.431	18.297431	True	1	0.865
pro_lifelong	161	1	50	13804.983	13.804983	False	1	0.475
pro_lifelong	161	2	50	17599.328	17.599328	False	1	0.425
pro_lifelong	161	3	50	2641.347	2.641347	False	1	0.133
pro_lifelong	161	4	50	13411.056	13.411056	False	1	0.133
pro_lifelong	161	5	50	19712.678	19.712678	False	1	0.133
pro_lifelong	161	6	50	17158.134	17.158134	False	1	0.494
pro_lifelong	161	7	50	21488.393	21.488393	False	1	0.556
pro_lifelong	161	8	50	16888.346	16.888346	False	1	0.579
pro_lifelong	161	9	50	45119.428	45.119428	False	1	0.501
pro_lifelong	161	10	50	10698.366	10.698366	False	1	0.133
pro_lifelong	161	11	50	22962.319	22.962319	True	1	0.856
pro_lifelong	162	1	50	17729.599	17.729599	False	1	0.388
pro_lifelong	162	2	50	12695.793	12.695793	False	1	0.133
pro_lifelong	162	3	50	15887.784	15.887784	False	1	0.415
pro_lifelong	162	4	50	15042.117	15.042117	False	1	0.362
pro_lifelong	162	5	50	12670.514	12.670514	False	1	0.133
pro_lifelong	162	6	50	4920.270	4.920270	False	1	0.133
pro_lifelong	162	7	50	13400.951	13.400951	False	1	0.39
pro_lifelong	162	8	50	14629.271	14.629271	False	1	0.133
pro_lifelong	163	1	50	12699.956	12.699956	False	1	0.133
pro_lifelong	163	2	50	14726.958	14.726958	False	1	0.377
pro_lifelong	163	3	50	2458.453	2.458453	False	1	0.133
pro_lifelong	163	4	50	11861.848	11.861848	False	1	0.133
pro_lifelong	163	5	50	22861.279	22.861279	False	1	0.133
pro_lifelong	163	6	50	20948.029	20.948029	False	1	0.475
pro_lifelong	163	7	50	3211.858	3.211858	False	1	0.133
pro_lifelong	163	8	50	15036.194	15.036194	False	1	0.443
pro_lifelong	163	9	50	23031.459	23.031459	False	1	0.46
pro_lifelong	163	10	50	16048.425	16.048425	False	1	0.517
pro_lifelong	163	11	50	12268.658	12.268658	False	1	0.133
pro_lifelong	163	12	50	11915.365	11.915365	False	1	0.133
pro_lifelong	163	13	50	11346.131	11.346131	False	1	0.133
pro_lifelong	163	14	50	14253.334	14.253334	False	1	0.133
pro_lifelong	164	1	50	4936.950	4.936950	False	1	0.133
pro_lifelong	164	2	50	13239.668	13.239668	False	1	0.133
pro_lifelong	164	3	50	2818.663	2.818663	False	1	0.133
pro_lifelong	164	4	50	17465.663	17.465663	False	1	0.356
pro_lifelong	164	5	50	14048.986	14.048986	False	1	0.133
pro_lifelong	164	6	50	2772.658	2.772658	False	1	0.133
pro_lifelong	164	7	50	1871.282	1.871282	False	1	0.133
pro_lifelong	164	8	50	11885.122	11.885122	False	1	0.133
pro_lifelong	165	1	50	13347.502	13.347502	True	1	0.761
pro_lifelong	166	1	50	19357.976	19.357976	False	1	0.471
pro_lifelong	166	2	50	15262.283	15.262283	False	1	0.476
pro_lifelong	166	3	50	13099.195	13.099195	False	1	0.133
pro_lifelong	166	4	50	13557.885	13.557885	False	1	0.133
pro_lifelong	166	5	50	16821.659	16.821659	False	1	0.461
pro_lifelong	166	6	50	3301.488	3.301488	False	1	0.133
pro_lifelong	167	1	50	15970.087	15.970087	False	1	0.355
pro_lifelong	167	2	50	15128.806	15.128806	False	1	0.411
pro_lifelong	167	3	50	6779.491	6.779491	False	1	0.395
pro_lifelong	167	4	50	3102.970	3.102970	False	1	0.395
pro_lifelong	167	5	50	9896.919	9.896919	False	1	0.395
pro_lifelong	167	6	50	11669.474	11.669474	False	1	0.395
pro_lifelong	167	7	50	16881.930	16.881930	False	1	0.459
pro_lifelong	167	8	50	2614.067	2.614067	False	1	0.395
pro_lifelong	167	9	50	13355.440	13.355440	False	1	0.401
pro_lifelong	167	10	50	21328.470	21.328470	False	1	0.478
pro_lifelong	167	11	50	18580.183	18.580183	False	1	0.408
pro_lifelong	167	12	50	16352.511	16.352511	False	1	0.4
pro_lifelong	167	13	50	12891.642	12.891642	False	1	0.133
pro_lifelong	167	14	50	15840.286	15.840286	False	1	0.362
pro_lifelong	167	15	50	21669.382	21.669382	False	1	0.358
pro_lifelong	168	1	50	17211.762	17.211762	False	1	0.361
pro_lifelong	168	2	50	14731.172	14.731172	False	1	0.452
pro_lifelong	168	3	50	10613.354	10.613354	False	1	0.133
pro_lifelong	168	4	50	13816.737	13.816737	False	1	0.133
pro_lifelong	168	5	50	15772.727	15.772727	False	1	0.401
pro_lifelong	168	6	50	21037.440	21.037440	False	1	0.427
pro_lifelong	168	7	50	14748.624	14.748624	False	1	0.133
pro_lifelong	169	1	50	4617.581	4.617581	False	1	0.133
pro_lifelong	169	2	50	3976.914	3.976914	False	1	0.133
pro_lifelong	169	3	50	23640.196	23.640196	False	1	0.501
pro_lifelong	169	4	50	11289.401	11.289401	False	1	0.133
pro_lifelong	169	5	50	12070.852	12.070852	False	1	0.133
pro_lifelong	169	6	50	10183.860	10.183860	False	1	0.133
pro_lifelong	169	7	50	21204.176	21.204176	False	1	0.459
pro_lifelong	169	8	50	18455.212	18.455212	False	1	0.594
pro_lifelong	169	9	50	15137.685	15.137685	False	1	0.133
pro_lifelong	169	10	50	13895.392	13.895392	False	1	0.133
pro_lifelong	169	11	50	17996.640	17.996640	False	1	0.467
pro_lifelong	169	12	50	2139.992	2.139992	False	1	0.133
pro_lifelong	169	13	50	2619.062	2.619062	False	1	0.133
pro_lifelong	170	1	50	22224.798	22.224798	False	1	0.464
pro_lifelong	170	2	50	11431.776	11.431776	False	1	0.133
pro_lifelong	170	3	50	19178.986	19.178986	False	1	0.42
pro_lifelong	170	4	50	13152.895	13.152895	False	1	0.133
pro_lifelong	170	5	50	17373.511	17.373511	False	1	0.436
pro_lifelong	170	6	50	20848.622	20.848622	False	1	0.516
pro_lifelong	170	7	50	16373.628	16.373628	False	1	0.511
pro_lifelong	170	8	50	14234.985	14.234985	False	1	0.531
pro_lifelong	170	9	50	17803.498	17.803498	True	1	0.791
pro_lifelong	171	1	50	19671.833	19.671833	False	1	0.443
pro_lifelong	171	2	50	11689.226	11.689226	False	1	0.133
pro_lifelong	171	3	50	13526.694	13.526694	False	1	0.133
pro_lifelong	171	4	50	15074.538	15.074538	False	1	0.417
pro_lifelong	171	5	50	18258.836	18.258836	False	1	0.445
pro_lifelong	171	6	50	12137.937	12.137937	False	1	0.133
pro_lifelong	172	1	50	18113.829	18.113829	False	1	0.475
pro_lifelong	172	2	50	12384.761	12.384761	True	1	0.913
pro_lifelong	173	1	50	3160.807	3.160807	False	1	0.133
pro_lifelong	173	2	50	14113.754	14.113754	False	1	0.133
pro_lifelong	173	3	50	2582.405	2.582405	False	1	0.133
pro_lifelong	173	4	50	25327.440	25.327440	False	1	0.133
pro_lifelong	174	1	50	15967.654	15.967654	False	1	0.44
pro_lifelong	174	2	50	4203.040	4.203040	False	1	0.133
pro_lifelong	174	3	50	11120.769	11.120769	True	1	0.829
pro_lifelong	175	1	50	8966.720	8.966720	False	1	0.133
pro_lifelong	175	2	50	11563.282	11.563282	False	1	0.133
pro_lifelong	175	3	50	16216.835	16.216835	False	1	0.459
pro_lifelong	175	4	50	14807.567	14.807567	False	1	0.466
pro_lifelong	175	5	50	15509.440	15.509440	False	1	0.45
pro_lifelong	175	6	50	16980.622	16.980622	False	1	0.412
pro_lifelong	175	7	50	11690.495	11.690495	False	1	0.417
pro_lifelong	175	8	50	16746.774	16.746774	False	1	0.422
pro_lifelong	176	1	50	13633.765	13.633765	False	1	0.133
pro_lifelong	176	2	50	15441.130	15.441130	False	1	0.133
pro_lifelong	176	3	50	6723.673	6.723673	False	1	0.416
pro_lifelong	176	4	50	10655.423	10.655423	False	1	0.133
pro_lifelong	176	5	50	3853.257	3.853257	False	1	0.416
pro_lifelong	176	6	50	11767.189	11.767189	False	1	0.133
pro_lifelong	176	7	50	10726.329	10.726329	False	1	0.133
pro_lifelong	176	8	50	24805.430	24.805430	False	1	0.404
pro_lifelong	177	1	50	14888.547	14.888547	False	1	0.491
pro_lifelong	177	2	50	18533.305	18.533305	False	1	0.47
pro_lifelong	177	3	50	23158.122	23.158122	False	1	0.432
pro_lifelong	177	4	50	15914.755	15.914755	False	1	0.42
pro_lifelong	177	5	50	17617.592	17.617592	False	1	0.503
pro_lifelong	177	6	50	17440.071	17.440071	False	1	0.427
pro_lifelong	177	7	50	17407.442	17.407442	False	1	0.482
pro_lifelong	177	8	50	12762.227	12.762227	False	1	0.445
pro_lifelong	177	9	50	14998.613	14.998613	False	1	0.133
pro_lifelong	177	10	50	7020.307	7.020307	False	1	0.419
pro_lifelong	178	1	50	10062.940	10.062940	False	1	0.133
pro_lifelong	178	2	50	18041.127	18.041127	False	1	0.412
pro_lifelong	178	3	50	12831.998	12.831998	False	1	0.133
pro_lifelong	178	4	50	9896.282	9.896282	False	1	0.133
pro_lifelong	178	5	50	14187.590	14.187590	False	1	0.433
pro_lifelong	178	6	50	17944.438	17.944438	False	1	0.403
pro_lifelong	178	7	50	16413.261	16.413261	False	1	0.44
pro_lifelong	178	8	50	2493.428	2.493428	False	1	0.133
pro_lifelong	178	9	50	17076.209	17.076209	False	1	0.46
pro_lifelong	178	10	50	25082.165	25.082165	False	1	0.466
pro_lifelong	178	11	50	15250.694	15.250694	False	1	0.133
pro_lifelong	178	12	50	19042.904	19.042904	False	1	0.397
pro_lifelong	178	13	50	16933.398	16.933398	False	1	0.437
pro_lifelong	178	14	50	13982.948	13.982948	False	1	0.498
pro_lifelong	178	15	50	19246.073	19.246073	False	1	0.439
pro_lifelong	178	16	50	12979.167	12.979167	False	1	0.133
pro_lifelong	178	17	50	15019.881	15.019881	False	1	0.454
pro_lifelong	178	18	50	18036.574	18.036574	False	1	0.428
pro_lifelong	178	19	50	16806.935	16.806935	False	1	0.439
pro_lifelong	179	1	50	12715.259	12.715259	True	1	0.755
pro_lifelong	180	1	50	15120.507	15.120507	False	1	0.516
pro_lifelong	180	2	50	20536.207	20.536207	False	1	0.448
pro_lifelong	180	3	50	16142.713	16.142713	False	1	0.521
pro_lifelong	180	4	50	5760.822	5.760822	False	1	0.524
pro_lifelong	180	5	50	11804.640	11.804640	True	1	0.853
pro_lifelong	181	1	50	12120.827	12.120827	False	1	0.133
pro_lifelong	181	2	50	15057.632	15.057632	False	1	0.616
pro_lifelong	181	3	50	13386.680	13.386680	False	1	0.613
pro_lifelong	181	4	50	18213.180	18.213180	False	1	0.49
pro_lifelong	181	5	50	3846.168	3.846168	True	1	0.946
pro_lifelong	182	1	50	13838.060	13.838060	False	1	0.552
pro_lifelong	182	2	50	7958.957	7.958957	False	1	0.612
pro_lifelong	182	3	50	14650.881	14.650881	False	1	0.595
pro_lifelong	182	4	50	17743.445	17.743445	False	1	0.468
pro_lifelong	182	5	50	2623.891	2.623891	False	1	0.612
pro_lifelong	182	6	50	22122.832	22.122832	False	1	0.527
pro_lifelong	182	7	50	15288.390	15.288390	False	1	0.612
pro_lifelong	183	1	50	15757.267	15.757267	False	1	0.444
pro_lifelong	183	2	50	2574.970	2.574970	False	1	0.444
pro_lifelong	183	3	50	16739.204	16.739204	False	1	0.499
pro_lifelong	183	4	50	2772.051	2.772051	False	1	0.444
pro_lifelong	183	5	50	1788.245	1.788245	False	1	0.444
pro_lifelong	183	6	50	17496.586	17.496586	False	1	0.483
pro_lifelong	183	7	50	9642.443	9.642443	False	1	0.133
pro_lifelong	183	8	50	11686.715	11.686715	False	1	0.444
pro_lifelong	184	1	50	11244.283	11.244283	False	1	0.133
pro_lifelong	184	2	50	9172.103	9.172103	False	1	0.133
pro_lifelong	184	3	50	6850.905	6.850905	False	1	0.427
pro_lifelong	184	4	50	9657.121	9.657121	False	1	0.427
pro_lifelong	184	5	50	1689.390	1.689390	False	1	0.427
pro_lifelong	184	6	50	19406.606	19.406606	False	1	0.456
pro_lifelong	184	7	50	9802.822	9.802822	False	1	0.133
pro_lifelong	184	8	50	3102.474	3.102474	False	1	0.427
pro_lifelong	184	9	50	9810.022	9.810022	False	1	0.133
pro_lifelong	184	10	50	26873.970	26.873970	False	1	0.533
pro_lifelong	184	11	50	16361.150	16.361150	False	1	0.133
pro_lifelong	184	12	50	3090.860	3.090860	False	1	0.427
pro_lifelong	184	13	50	2143.564	2.143564	False	1	0.427
pro_lifelong	184	14	50	19038.413	19.038413	False	1	0.463
pro_lifelong	184	15	50	2776.070	2.776070	False	1	0.427
pro_lifelong	185	1	50	12407.176	12.407176	False	1	0.133
pro_lifelong	185	2	50	16216.227	16.216227	False	1	0.507
pro_lifelong	185	3	50	30629.253	30.629253	False	1	0.542
pro_lifelong	185	4	50	13750.437	13.750437	False	1	0.482
pro_lifelong	185	5	50	47100.825	47.100825	False	1	0.463
pro_lifelong	185	6	50	19844.522	19.844522	False	1	0.438
pro_lifelong	185	7	50	15318.175	15.318175	False	1	0.459
pro_lifelong	185	8	50	11271.744	11.271744	False	1	0.476
pro_lifelong	186	1	50	15164.504	15.164504	True	1	0.804
pro_lifelong	187	1	50	15310.083	15.310083	False	1	0.439
pro_lifelong	187	2	50	10443.538	10.443538	False	1	0.133
pro_lifelong	187	3	50	21265.807	21.265807	False	1	0.43
pro_lifelong	187	4	50	27475.551	27.475551	False	1	0.49
pro_lifelong	187	5	50	2178.351	2.178351	False	1	0.43
pro_lifelong	187	6	50	3257.672	3.257672	False	1	0.43
pro_lifelong	187	7	50	16333.987	16.333987	False	1	0.517
pro_lifelong	187	8	50	17722.811	17.722811	False	1	0.479
pro_lifelong	187	9	50	15918.009	15.918009	False	1	0.439
pro_lifelong	187	10	50	14472.453	14.472453	False	1	0.133
pro_lifelong	187	11	50	15773.570	15.773570	False	1	0.448
pro_lifelong	187	12	50	2852.149	2.852149	False	1	0.43
pro_lifelong	188	1	50	15242.762	15.242762	False	1	0.447
pro_lifelong	188	2	50	10869.066	10.869066	False	1	0.133
pro_lifelong	188	3	50	46635.756	46.635756	False	1	0.42
pro_lifelong	188	4	50	17727.022	17.727022	False	1	0.432
pro_lifelong	188	5	50	31330.648	31.330648	True	1	0.785
pro_lifelong	189	1	50	12576.229	12.576229	False	1	0.133
pro_lifelong	189	2	50	52358.184	52.358184	False	1	0.428
pro_lifelong	189	3	50	13745.569	13.745569	False	1	0.435
pro_lifelong	189	4	50	35472.987	35.472987	False	1	0.469
pro_lifelong	189	5	50	17582.527	17.582527	False	1	0.431
pro_lifelong	189	6	50	16156.827	16.156827	False	1	0.405
pro_lifelong	189	7	50	23879.742	23.879742	False	1	0.133
pro_lifelong	189	8	50	15345.784	15.345784	False	1	0.385
pro_lifelong	189	9	50	2892.657	2.892657	False	1	0.405
pro_lifelong	190	1	50	2484.107	2.484107	False	1	0.133
pro_lifelong	190	2	50	12795.314	12.795314	False	1	0.133
pro_lifelong	190	3	50	1469.528	1.469528	False	1	0.133
pro_lifelong	190	4	50	10673.551	10.673551	False	1	0.467
pro_lifelong	190	5	50	14735.412	14.735412	False	1	0.401
pro_lifelong	190	6	50	12523.473	12.523473	False	1	0.39
pro_lifelong	190	7	50	13148.450	13.148450	False	1	0.133
pro_lifelong	190	8	50	10071.714	10.071714	False	1	0.133
pro_lifelong	190	9	50	2484.899	2.484899	False	1	0.133
pro_lifelong	191	1	50	15789.438	15.789438	False	1	0.133
pro_lifelong	191	2	50	9065.300	9.065300	False	1	0.133
pro_lifelong	191	3	50	15446.774	15.446774	False	1	0.463
pro_lifelong	191	4	50	18639.584	18.639584	False	1	0.41
pro_lifelong	191	5	50	8633.595	8.633595	False	1	0.404
pro_lifelong	191	6	50	9458.348	9.458348	False	1	0.499
pro_lifelong	191	7	50	1231.980	1.231980	False	1	0.404
pro_lifelong	191	8	50	2458.287	2.458287	False	1	0.404
pro_lifelong	191	9	50	15228.493	15.228493	False	1	0.44
pro_lifelong	191	10	50	3259.323	3.259323	False	1	0.404
pro_lifelong	191	11	50	10399.700	10.399700	False	1	0.133
pro_lifelong	192	1	50	7923.843	7.923843	False	1	0.543
pro_lifelong	192	2	50	15153.601	15.153601	False	1	0.445
pro_lifelong	192	3	50	15714.315	15.714315	False	1	0.557
pro_lifelong	192	4	50	4209.643	4.209643	False	1	0.543
pro_lifelong	192	5	50	17858.198	17.858198	False	1	0.559
pro_lifelong	192	6	50	38446.263	38.446263	True	1	0.844
pro_lifelong	193	1	50	7645.562	7.645562	False	1	0.574
pro_lifelong	193	2	50	12921.380	12.921380	True	1	0.922
pro_lifelong	194	1	50	23935.353	23.935353	False	1	0.496
pro_lifelong	194	2	50	17080.036	17.080036	False	1	0.423
pro_lifelong	194	3	50	1962.611	1.962611	False	1	0.133
pro_lifelong	194	4	50	14271.612	14.271612	False	1	0.133
pro_lifelong	194	5	50	16155.151	16.155151	False	1	0.501
pro_lifelong	194	6	50	15361.561	15.361561	False	1	0.501
pro_lifelong	195	1	50	11052.142	11.052142	False	1	0.133
pro_lifelong	195	2	50	17210.034	17.210034	False	1	0.499
pro_lifelong	195	3	50	18528.954	18.528954	False	1	0.556
pro_lifelong	195	4	50	12038.998	12.038998	False	1	0.133
pro_lifelong	195	5	50	12508.878	12.508878	False	1	0.133
pro_lifelong	195	6	50	1629.365	1.629365	False	1	0.133
pro_lifelong	195	7	50	2619.987	2.619987	False	1	0.133
pro_lifelong	196	1	50	25459.040	25.459040	False	1	0.558
pro_lifelong	196	2	50	8024.980	8.024980	False	1	0.579
pro_lifelong	196	3	50	20598.002	20.598002	False	1	0.499
pro_lifelong	196	4	50	18458.400	18.458400	False	1	0.595
pro_lifelong	196	5	50	2859.125	2.859125	False	1	0.579
pro_lifelong	196	6	50	16116.484	16.116484	False	1	0.571
pro_lifelong	196	7	50	39913.113	39.913113	False	1	0.54
pro_lifelong	196	8	50	20755.872	20.755872	False	1	0.133
pro_lifelong	196	9	50	32047.377	32.047377	True	1	0.949
pro_lifelong	197	1	50	14400.583	14.400583	False	1	0.47
pro_lifelong	197	2	50	19875.220	19.875220	False	1	0.472
pro_lifelong	197	3	50	20679.458	20.679458	False	1	0.459
pro_lifelong	197	4	50	18256.755	18.256755	True	1	0.724
pro_lifelong	198	1	50	13054.178	13.054178	False	1	0.133
pro_lifelong	198	2	50	24359.726	24.359726	False	1	0.454
pro_lifelong	198	3	50	2907.453	2.907453	False	1	0.133
pro_lifelong	198	4	50	16062.943	16.062943	False	1	0.133
pro_lifelong	198	5	50	12449.911	12.449911	False	1	0.133
pro_lifelong	198	6	50	19579.290	19.579290	False	1	0.133
pro_lifelong	199	1	50	20017.701	20.017701	False	1	0.414
pro_lifelong	199	2	50	20011.863	20.011863	False	1	0.435
pro_lifelong	199	3	50	2259.140	2.259140	False	1	0.414
pro_lifelong	199	4	50	27500.756	27.500756	False	1	0.405
pro_lifelong	199	5	50	15916.652	15.916652	False	1	0.133
pro_lifelong	199	6	50	15445.473	15.445473	False	1	0.432
pro_lifelong	199	7	50	14607.734	14.607734	False	1	0.44
pro_lifelong	200	1	50	16819.371	16.819371	False	1	0.462
pro_lifelong	200	2	50	11050.351	11.050351	False	1	0.133
pro_lifelong	200	3	50	16731.457	16.731457	False	1	0.447
pro_lifelong	200	4	50	18018.903	18.018903	False	1	0.446
pro_lifelong	200	5	50	11269.614	11.269614	False	1	0.133
pro_lifelong	200	6	50	2687.953	2.687953	False	1	0.446
pro_lifelong	201	1	50	23538.510	23.538510	False	1	0.532
pro_lifelong	201	2	50	13336.412	13.336412	False	1	0.133
pro_lifelong	201	3	50	4334.839	4.334839	False	1	0.133
pro_lifelong	201	4	50	13473.813	13.473813	False	1	0.503
pro_lifelong	201	5	50	18497.621	18.497621	False	1	0.497
pro_lifelong	201	6	50	17384.526	17.384526	False	1	0.436
pro_lifelong	202	1	50	20352.578	20.352578	False	1	0.474
pro_lifelong	202	2	50	9075.266	9.075266	False	1	0.434
pro_lifelong	202	3	50	10642.743	10.642743	False	1	0.434
pro_lifelong	202	4	50	12063.565	12.063565	False	1	0.133
pro_lifelong	202	5	50	13477.254	13.477254	False	1	0.133
pro_lifelong	202	6	50	2694.137	2.694137	False	1	0.434
pro_lifelong	203	1	50	8501.527	8.501527	False	1	0.441
pro_lifelong	203	2	50	1744.073	1.744073	False	1	0.441
pro_lifelong	203	3	50	16890.052	16.890052	False	1	0.445
pro_lifelong	203	4	50	16015.718	16.015718	False	1	0.443
pro_lifelong	203	5	50	14421.871	14.421871	False	1	0.443
pro_lifelong	203	6	50	7778.985	7.778985	False	1	0.133
pro_lifelong	204	1	50	6964.282	6.964282	False	1	0.44
pro_lifelong	204	2	50	2205.275	2.205275	False	1	0.44
pro_lifelong	204	3	50	12562.150	12.562150	False	1	0.133
pro_lifelong	204	4	50	11155.459	11.155459	False	1	0.44
pro_lifelong	204	5	50	2694.101	2.694101	False	1	0.44
pro_lifelong	204	6	50	2598.252	2.598252	False	1	0.44
pro_lifelong	205	1	50	18653.173	18.653173	False	1	0.436
pro_lifelong	205	2	50	21765.020	21.765020	False	1	0.47
pro_lifelong	205	3	50	17702.590	17.702590	False	1	0.438
pro_lifelong	205	4	50	16927.197	16.927197	False	1	0.439
pro_lifelong	205	5	50	12923.533	12.923533	False	1	0.468
pro_lifelong	205	6	50	3710.159	3.710159	False	1	0.133
pro_lifelong	205	7	50	13725.155	13.725155	False	1	0.133
pro_lifelong	206	1	50	11830.981	11.830981	False	1	0.133
pro_lifelong	206	2	50	18721.216	18.721216	False	1	0.438
pro_lifelong	206	3	50	15183.461	15.183461	False	1	0.133
pro_lifelong	206	4	50	11321.848	11.321848	False	1	0.438
pro_lifelong	206	5	50	15608.645	15.608645	False	1	0.42
pro_lifelong	206	6	50	16668.683	16.668683	False	1	0.387
pro_lifelong	206	7	50	7370.999	7.370999	False	1	0.133
pro_lifelong	207	1	50	11230.931	11.230931	False	1	0.44
pro_lifelong	207	2	50	2534.435	2.534435	False	1	0.44
pro_lifelong	207	3	50	11728.518	11.728518	False	1	0.133
pro_lifelong	207	4	50	13897.673	13.897673	False	1	0.133
pro_lifelong	207	5	50	2843.219	2.843219	False	1	0.44
pro_lifelong	207	6	50	14019.832	14.019832	False	1	0.44
pro_lifelong	208	1	50	13067.605	13.067605	False	1	0.133
pro_lifelong	208	2	50	15833.357	15.833357	False	1	0.464
pro_lifelong	208	3	50	2576.880	2.576880	False	1	0.133
pro_lifelong	208	4	50	12797.700	12.797700	False	1	0.448
pro_lifelong	208	5	50	14287.463	14.287463	False	1	0.133
pro_lifelong	208	6	50	13079.856	13.079856	False	1	0.133
pro_lifelong	208	7	50	12976.062	12.976062	False	1	0.133
pro_lifelong	209	1	50	8654.004	8.654004	False	1	0.133
pro_lifelong	209	2	50	16425.619	16.425619	False	1	0.444
pro_lifelong	209	3	50	2445.580	2.445580	False	1	0.133
pro_lifelong	209	4	50	1727.883	1.727883	False	1	0.133
pro_lifelong	209	5	50	20600.998	20.600998	False	1	0.432
pro_lifelong	209	6	50	12620.746	12.620746	False	1	0.133
pro_lifelong	209	7	50	11532.120	11.532120	False	1	0.133
pro_lifelong	210	1	50	11081.606	11.081606	False	1	0.133
pro_lifelong	210	2	50	17197.805	17.197805	False	1	0.545
pro_lifelong	210	3	50	11052.850	11.052850	False	1	0.133
pro_lifelong	210	4	50	2293.236	2.293236	False	1	0.133
pro_lifelong	210	5	50	23876.133	23.876133	False	1	0.538
pro_lifelong	210	6	50	10134.119	10.134119	False	1	0.133
pro_lifelong	210	7	50	17528.473	17.528473	False	1	0.424
pro_lifelong	211	1	50	15973.579	15.973579	False	1	0.133
pro_lifelong	211	2	50	11905.276	11.905276	False	1	0.133
pro_lifelong	211	3	50	13891.505	13.891505	False	1	0.133
pro_lifelong	211	4	50	13295.293	13.295293	True	1	0.804
pro_lifelong	212	1	50	15031.732	15.031732	False	1	0.133
pro_lifelong	212	2	50	3770.569	3.770569	False	1	0.133
pro_lifelong	212	3	50	18806.028	18.806028	False	1	0.444
pro_lifelong	212	4	50	4806.493	4.806493	False	1	0.133
pro_lifelong	212	5	50	4257.413	4.257413	False	1	0.133
pro_lifelong	212	6	50	16999.184	16.999184	False	1	0.547
pro_lifelong	212	7	50	13214.414	13.214414	False	1	0.133
pro_lifelong	212	8	50	16198.173	16.198173	True	1	0.876
pro_lifelong	213	1	50	16162.911	16.162911	False	1	0.133
pro_lifelong	213	2	50	13235.245	13.235245	False	1	0.133
pro_lifelong	213	3	50	12248.177	12.248177	False	1	0.133
pro_lifelong	213	4	50	30145.624	30.145624	False	1	0.393
pro_lifelong	213	5	50	14821.262	14.821262	False	1	0.133
pro_lifelong	213	6	50	11883.838	11.883838	False	1	0.133
pro_lifelong	213	7	50	10567.983	10.567983	False	1	0.484
pro_lifelong	213	8	50	15107.786	15.107786	False	1	0.403
pro_lifelong	213	9	50	13250.238	13.250238	False	1	0.133
pro_lifelong	213	10	50	2295.180	2.295180	False	1	0.133
pro_lifelong	213	11	50	11163.504	11.163504	False	1	0.133
pro_lifelong	213	12	50	19314.631	19.314631	False	1	0.451
pro_lifelong	214	1	50	24652.272	24.652272	True	1	0.758
pro_lifelong	215	1	50	9405.576	9.405576	False	1	0.434
pro_lifelong	215	2	50	11358.530	11.358530	False	1	0.133
pro_lifelong	215	3	50	10129.508	10.129508	False	1	0.133
pro_lifelong	215	4	50	3412.257	3.412257	False	1	0.434
pro_lifelong	215	5	50	2534.186	2.534186	False	1	0.434
pro_lifelong	215	6	50	2290.222	2.290222	False	1	0.434
pro_lifelong	216	1	50	13125.324	13.125324	False	1	0.133
pro_lifelong	216	2	50	14473.405	14.473405	False	1	0.133
pro_lifelong	216	3	50	15078.349	15.078349	False	1	0.133
pro_lifelong	216	4	50	18805.710	18.805710	False	1	0.434
pro_lifelong	216	5	50	21930.774	21.930774	False	1	0.438
pro_lifelong	216	6	50	9134.059	9.134059	False	1	0.443
pro_lifelong	216	7	50	14051.310	14.051310	False	1	0.42
pro_lifelong	216	8	50	17928.501	17.928501	False	1	0.453
pro_lifelong	216	9	50	12838.459	12.838459	False	1	0.443
pro_lifelong	216	10	50	12191.207	12.191207	False	1	0.443
pro_lifelong	216	11	50	10037.802	10.037802	False	1	0.133
pro_lifelong	216	12	50	8672.581	8.672581	False	1	0.133
pro_lifelong	216	13	50	2127.628	2.127628	False	1	0.443
pro_lifelong	217	1	50	13774.776	13.774776	False	1	0.452
pro_lifelong	217	2	50	20868.655	20.868655	False	1	0.468
pro_lifelong	217	3	50	17374.148	17.374148	False	1	0.439
pro_lifelong	217	4	50	19453.904	19.453904	False	1	0.418
pro_lifelong	217	5	50	18787.238	18.787238	False	1	0.441
pro_lifelong	217	6	50	15742.407	15.742407	False	1	0.422
pro_lifelong	217	7	50	9280.896	9.280896	False	1	0.436
pro_lifelong	218	1	50	17884.918	17.884918	False	1	0.133
pro_lifelong	218	2	50	17807.471	17.807471	False	1	0.413
pro_lifelong	218	3	50	8030.440	8.030440	False	1	0.438
pro_lifelong	218	4	50	2711.694	2.711694	False	1	0.438
pro_lifelong	218	5	50	18112.964	18.112964	False	1	0.133
pro_lifelong	218	6	50	16840.695	16.840695	False	1	0.452
pro_lifelong	218	7	50	12634.448	12.634448	False	1	0.434
pro_lifelong	218	8	50	12123.899	12.123899	False	1	0.133
pro_lifelong	218	9	50	2116.837	2.116837	False	1	0.438
pro_lifelong	218	10	50	21222.320	21.222320	False	1	0.513
pro_lifelong	218	11	50	10965.215	10.965215	False	1	0.438
pro_lifelong	218	12	50	2580.863	2.580863	False	1	0.438
pro_lifelong	218	13	50	19261.665	19.261665	False	1	0.428
pro_lifelong	218	14	50	16435.856	16.435856	False	1	0.493
pro_lifelong	218	15	50	12055.837	12.055837	False	1	0.438
pro_lifelong	219	1	50	17156.746	17.156746	False	1	0.415
pro_lifelong	219	2	50	16865.359	16.865359	False	1	0.389
pro_lifelong	219	3	50	15802.621	15.802621	False	1	0.133
pro_lifelong	219	4	50	2255.521	2.255521	False	1	0.133
pro_lifelong	219	5	50	15180.575	15.180575	False	1	0.133
pro_lifelong	219	6	50	18106.915	18.106915	False	1	0.516
pro_lifelong	219	7	50	13337.380	13.337380	False	1	0.133
pro_lifelong	219	8	50	16806.619	16.806619	False	1	0.468
pro_lifelong	219	9	50	12982.212	12.982212	False	1	0.133
pro_lifelong	219	10	50	1961.361	1.961361	False	1	0.133
pro_lifelong	219	11	50	13146.202	13.146202	False	1	0.133
pro_lifelong	220	1	50	20195.249	20.195249	False	1	0.53
pro_lifelong	220	2	50	17514.289	17.514289	False	1	0.4
pro_lifelong	220	3	50	18427.126	18.427126	False	1	0.406
pro_lifelong	220	4	50	12268.359	12.268359	False	1	0.449
pro_lifelong	220	5	50	11948.946	11.948946	False	1	0.449
pro_lifelong	220	6	50	27990.123	27.990123	False	1	0.474
pro_lifelong	221	1	50	18230.242	18.230242	False	1	0.133
pro_lifelong	221	2	50	3846.140	3.846140	False	1	0.133
pro_lifelong	221	3	50	20572.927	20.572927	False	1	0.494
pro_lifelong	221	4	50	21840.630	21.840630	True	1	0.758
pro_lifelong	222	1	50	8714.129	8.714129	False	1	0.438
pro_lifelong	222	2	50	10392.051	10.392051	False	1	0.438
pro_lifelong	222	3	50	13628.688	13.628688	False	1	0.133
pro_lifelong	222	4	50	1756.485	1.756485	False	1	0.438
pro_lifelong	222	5	50	15559.324	15.559324	False	1	0.446
pro_lifelong	222	6	50	11433.649	11.433649	False	1	0.133
pro_lifelong	223	1	50	11225.495	11.225495	False	1	0.133
pro_lifelong	223	2	50	4490.786	4.490786	False	1	0.133
pro_lifelong	223	3	50	14231.221	14.231221	False	1	0.133
pro_lifelong	223	4	50	24220.904	24.220904	True	1	0.756
pro_lifelong	224	1	50	20182.798	20.182798	False	1	0.133
pro_lifelong	224	2	50	3442.994	3.442994	False	1	0.133
pro_lifelong	224	3	50	1983.228	1.983228	False	1	0.133
pro_lifelong	224	4	50	18329.719	18.329719	False	1	0.428
pro_lifelong	224	5	50	17893.408	17.893408	False	1	0.429
pro_lifelong	224	6	50	16678.062	16.678062	False	1	0.47
pro_lifelong	224	7	50	21813.073	21.813073	False	1	0.5
pro_lifelong	224	8	50	14324.662	14.324662	False	1	0.445
pro_lifelong	224	9	50	4898.488	4.898488	False	1	0.133
pro_lifelong	224	10	50	4021.811	4.021811	False	1	0.133
pro_lifelong	224	11	50	8503.486	8.503486	False	1	0.133
pro_lifelong	224	12	50	2978.680	2.978680	False	1	0.133
pro_lifelong	225	1	50	15430.292	15.430292	False	1	0.43
pro_lifelong	225	2	50	15354.658	15.354658	False	1	0.431
pro_lifelong	225	3	50	13976.080	13.976080	False	1	0.434
pro_lifelong	225	4	50	21077.916	21.077916	False	1	0.454
pro_lifelong	225	5	50	15428.898	15.428898	False	1	0.483
pro_lifelong	225	6	50	17362.545	17.362545	False	1	0.431
pro_lifelong	225	7	50	18113.627	18.113627	False	1	0.494
pro_lifelong	225	8	50	15279.289	15.279289	False	1	0.133
pro_lifelong	225	9	50	2557.834	2.557834	False	1	0.431
pro_lifelong	225	10	50	21326.256	21.326256	False	1	0.378
pro_lifelong	225	11	50	13664.688	13.664688	False	1	0.457
pro_lifelong	225	12	50	18401.345	18.401345	False	1	0.415
pro_lifelong	226	1	50	17517.883	17.517883	True	1	0.811
pro_lifelong	227	1	50	12910.751	12.910751	True	1	0.789
pro_lifelong	228	1	50	11844.786	11.844786	False	1	0.133
pro_lifelong	228	2	50	9335.119	9.335119	False	1	0.437
pro_lifelong	228	3	50	5878.484	5.878484	False	1	0.437
pro_lifelong	228	4	50	2100.371	2.100371	False	1	0.437
pro_lifelong	228	5	50	16374.879	16.374879	False	1	0.451
pro_lifelong	228	6	50	2487.522	2.487522	False	1	0.437
pro_lifelong	228	7	50	16915.434	16.915434	False	1	0.494
pro_lifelong	228	8	50	2906.436	2.906436	False	1	0.437
pro_lifelong	228	9	50	2531.171	2.531171	False	1	0.437
pro_lifelong	228	10	50	3449.901	3.449901	False	1	0.437
pro_lifelong	228	11	50	10083.829	10.083829	False	1	0.133
pro_lifelong	228	12	50	2379.157	2.379157	False	1	0.437
pro_lifelong	229	1	50	12958.662	12.958662	False	1	0.133
pro_lifelong	229	2	50	3120.995	3.120995	False	1	0.133
pro_lifelong	229	3	50	9336.719	9.336719	False	1	0.434
pro_lifelong	229	4	50	22111.144	22.111144	False	1	0.535
pro_lifelong	229	5	50	10013.051	10.013051	False	1	0.133
pro_lifelong	229	6	50	15568.785	15.568785	False	1	0.452
pro_lifelong	229	7	50	15986.686	15.986686	False	1	0.133
pro_lifelong	229	8	50	8981.114	8.981114	False	1	0.133
pro_lifelong	229	9	50	3001.679	3.001679	False	1	0.133
pro_lifelong	230	1	50	4341.527	4.341527	False	1	0.133
pro_lifelong	230	2	50	11417.116	11.417116	False	1	0.133
pro_lifelong	230	3	50	19648.754	19.648754	False	1	0.447
pro_lifelong	230	4	50	23517.752	23.517752	False	1	0.534
pro_lifelong	230	5	50	18782.318	18.782318	False	1	0.365
pro_lifelong	230	6	50	16540.669	16.540669	False	1	0.408
pro_lifelong	230	7	50	2107.466	2.107466	False	1	0.133
pro_lifelong	230	8	50	12126.646	12.126646	False	1	0.133
pro_lifelong	230	9	50	2245.407	2.245407	False	1	0.133
pro_lifelong	231	1	50	8167.019	8.167019	False	1	0.133
pro_lifelong	231	2	50	13410.188	13.410188	False	1	0.133
pro_lifelong	231	3	50	18743.641	18.743641	False	1	0.133
pro_lifelong	231	4	50	4677.063	4.677063	False	1	0.133
pro_lifelong	232	1	50	10259.997	10.259997	False	1	0.133
pro_lifelong	232	2	50	6999.450	6.999450	False	1	0.444
pro_lifelong	232	3	50	7093.969	7.093969	False	1	0.133
pro_lifelong	232	4	50	10439.213	10.439213	False	1	0.133
pro_lifelong	232	5	50	15825.398	15.825398	False	1	0.451
pro_lifelong	232	6	50	2954.658	2.954658	False	1	0.444
pro_lifelong	232	7	50	5363.482	5.363482	False	1	0.444
pro_lifelong	233	1	50	4981.674	4.981674	False	1	0.133
pro_lifelong	233	2	50	17440.215	17.440215	False	1	0.44
pro_lifelong	233	3	50	17952.132	17.952132	False	1	0.45
pro_lifelong	233	4	50	18686.113	18.686113	False	1	0.47
pro_lifelong	233	5	50	2783.437	2.783437	False	1	0.133
pro_lifelong	233	6	50	2299.839	2.299839	False	1	0.133
pro_lifelong	233	7	50	2218.492	2.218492	False	1	0.133
pro_lifelong	233	8	50	12543.627	12.543627	False	1	0.44
pro_lifelong	233	9	50	4441.164	4.441164	False	1	0.133
pro_lifelong	234	1	50	13430.662	13.430662	False	1	0.133
pro_lifelong	234	2	50	4726.169	4.726169	False	1	0.133
pro_lifelong	234	3	50	17224.869	17.224869	False	1	0.398
pro_lifelong	234	4	50	9223.173	9.223173	False	1	0.133
pro_lifelong	234	5	50	12892.507	12.892507	False	1	0.133
pro_lifelong	234	6	50	12285.183	12.285183	False	1	0.133
pro_lifelong	234	7	50	9758.535	9.758535	False	1	0.133
pro_lifelong	235	1	50	21891.277	21.891277	False	1	0.382
pro_lifelong	235	2	50	8872.614	8.872614	False	1	0.467
pro_lifelong	235	3	50	10056.114	10.056114	False	1	0.133
pro_lifelong	235	4	50	12301.359	12.301359	False	1	0.133
pro_lifelong	235	5	50	16568.005	16.568005	False	1	0.44
pro_lifelong	235	6	50	15477.483	15.477483	False	1	0.133
pro_lifelong	235	7	50	9553.615	9.553615	False	1	0.133
pro_lifelong	236	1	50	4350.581	4.350581	False	1	0.133
pro_lifelong	236	2	50	2517.816	2.517816	False	1	0.133
pro_lifelong	236	3	50	3910.794	3.910794	False	1	0.133
pro_lifelong	236	4	50	13406.651	13.406651	False	1	0.133
pro_lifelong	237	1	50	4280.229	4.280229	False	1	0.133
pro_lifelong	237	2	50	15698.898	15.698898	False	1	0.432
pro_lifelong	237	3	50	16546.283	16.546283	False	1	0.452
pro_lifelong	237	4	50	2497.001	2.497001	False	1	0.133
pro_lifelong	237	5	50	14952.928	14.952928	False	1	0.446
pro_lifelong	237	6	50	25260.840	25.260840	False	1	0.393
pro_lifelong	237	7	50	14372.886	14.372886	False	1	0.133
pro_lifelong	237	8	50	2161.778	2.161778	False	1	0.133
pro_lifelong	238	1	50	10483.734	10.483734	False	1	0.133
pro_lifelong	238	2	50	11147.730	11.147730	False	1	0.133
pro_lifelong	238	3	50	4565.220	4.565220	False	1	0.133
pro_lifelong	238	4	50	2158.258	2.158258	False	1	0.133
pro_lifelong	239	1	50	18014.957	18.014957	False	1	0.442
pro_lifelong	239	2	50	18099.346	18.099346	False	1	0.133
pro_lifelong	239	3	50	4592.365	4.592365	False	1	0.442
pro_lifelong	239	4	50	2200.945	2.200945	False	1	0.442
pro_lifelong	239	5	50	2528.325	2.528325	False	1	0.442
pro_lifelong	239	6	50	3507.477	3.507477	False	1	0.442
pro_lifelong	240	1	50	7290.795	7.290795	False	1	0.432
pro_lifelong	240	2	50	11543.752	11.543752	False	1	0.133
pro_lifelong	240	3	50	2673.507	2.673507	False	1	0.432
pro_lifelong	240	4	50	16533.913	16.533913	False	1	0.441
pro_lifelong	240	5	50	4134.750	4.134750	False	1	0.432
pro_lifelong	240	6	50	2935.527	2.935527	False	1	0.432
pro_lifelong	241	1	50	10425.187	10.425187	False	1	0.45
pro_lifelong	241	2	50	14793.266	14.793266	False	1	0.133
pro_lifelong	241	3	50	16064.599	16.064599	False	1	0.442
pro_lifelong	241	4	50	11933.767	11.933767	False	1	0.133
pro_lifelong	241	5	50	4477.273	4.477273	False	1	0.133
pro_lifelong	241	6	50	2192.896	2.192896	False	1	0.133
pro_lifelong	242	1	50	9527.598	9.527598	False	1	0.133
pro_lifelong	242	2	50	17579.731	17.579731	False	1	0.398
pro_lifelong	242	3	50	4871.613	4.871613	False	1	0.133
pro_lifelong	242	4	50	16527.490	16.527490	False	1	0.133
pro_lifelong	242	5	50	14155.836	14.155836	False	1	0.133
pro_lifelong	242	6	50	9930.216	9.930216	False	1	0.133
pro_lifelong	243	1	50	16919.510	16.919510	False	1	0.378
pro_lifelong	243	2	50	14014.892	14.014892	False	1	0.431
pro_lifelong	243	3	50	18933.505	18.933505	False	1	0.133
pro_lifelong	243	4	50	4444.338	4.444338	False	1	0.133
pro_lifelong	243	5	50	27362.835	27.362835	False	1	0.431
pro_lifelong	243	6	50	18640.804	18.640804	False	1	0.387
pro_lifelong	243	7	50	15053.346	15.053346	False	1	0.433
pro_lifelong	244	1	50	11981.908	11.981908	False	1	0.133
pro_lifelong	244	2	50	18833.719	18.833719	False	1	0.554
pro_lifelong	244	3	50	12263.591	12.263591	False	1	0.133
pro_lifelong	244	4	50	3130.064	3.130064	False	1	0.133
pro_lifelong	244	5	50	13495.380	13.495380	False	1	0.44
pro_lifelong	244	6	50	12382.703	12.382703	False	1	0.133
pro_lifelong	244	7	50	11139.570	11.139570	False	1	0.431
pro_lifelong	245	1	50	6556.273	6.556273	False	1	0.133
pro_lifelong	245	2	50	16386.181	16.386181	False	1	0.519
pro_lifelong	245	3	50	9591.950	9.591950	False	1	0.133
pro_lifelong	245	4	50	13589.213	13.589213	False	1	0.133
pro_lifelong	245	5	50	12226.519	12.226519	False	1	0.133
pro_lifelong	245	6	50	11662.469	11.662469	False	1	0.133
pro_lifelong	246	1	50	16925.107	16.925107	False	1	0.46
pro_lifelong	246	2	50	4118.160	4.118160	False	1	0.133
pro_lifelong	246	3	50	18826.712	18.826712	False	1	0.434
pro_lifelong	246	4	50	10339.516	10.339516	False	1	0.133
pro_lifelong	246	5	50	14334.993	14.334993	False	1	0.488
pro_lifelong	246	6	50	17447.014	17.447014	False	1	0.443
pro_lifelong	246	7	50	10070.535	10.070535	False	1	0.434
pro_lifelong	246	8	50	7383.494	7.383494	False	1	0.133
pro_lifelong	246	9	50	2783.461	2.783461	False	1	0.133
pro_lifelong	246	10	50	14642.076	14.642076	False	1	0.133
pro_lifelong	247	1	50	19030.603	19.030603	False	1	0.433
pro_lifelong	247	2	50	13579.974	13.579974	False	1	0.441
pro_lifelong	247	3	50	13942.520	13.942520	False	1	0.438
pro_lifelong	247	4	50	15774.427	15.774427	False	1	0.494
pro_lifelong	247	5	50	11541.387	11.541387	False	1	0.133
pro_lifelong	247	6	50	13441.395	13.441395	False	1	0.441
pro_lifelong	247	7	50	11535.826	11.535826	False	1	0.438
pro_lifelong	247	8	50	3144.951	3.144951	False	1	0.438
pro_lifelong	247	9	50	16437.636	16.437636	False	1	0.461
pro_lifelong	248	1	50	15766.734	15.766734	False	1	0.459
pro_lifelong	248	2	50	8290.024	8.290024	False	1	0.44
pro_lifelong	248	3	50	16625.793	16.625793	False	1	0.348
pro_lifelong	248	4	50	16980.087	16.980087	False	1	0.444
pro_lifelong	248	5	50	16542.434	16.542434	False	1	0.444
pro_lifelong	248	6	50	10352.470	10.352470	False	1	0.133
pro_lifelong	249	1	50	9228.427	9.228427	False	1	0.429
pro_lifelong	249	2	50	12548.566	12.548566	False	1	0.133
pro_lifelong	249	3	50	2526.030	2.526030	False	1	0.429
pro_lifelong	249	4	50	14991.904	14.991904	False	1	0.133
pro_lifelong	249	5	50	17112.833	17.112833	False	1	0.441
pro_lifelong	249	6	50	25794.621	25.794621	False	1	0.518
pro_lifelong	249	7	50	19333.888	19.333888	False	1	0.48
pro_lifelong	249	8	50	18924.037	18.924037	False	1	0.133
pro_lifelong	249	9	50	2760.555	2.760555	False	1	0.429
pro_lifelong	249	10	50	16105.878	16.105878	False	1	0.433
pro_lifelong	249	11	50	19579.075	19.579075	False	1	0.446
pro_lifelong	250	1	50	17026.785	17.026785	False	1	0.372
pro_lifelong	250	2	50	16292.377	16.292377	False	1	0.509
pro_lifelong	250	3	50	14965.691	14.965691	False	1	0.385
pro_lifelong	250	4	50	17615.673	17.615673	False	1	0.396
pro_lifelong	250	5	50	8724.917	8.724917	False	1	0.424
pro_lifelong	250	6	50	12189.714	12.189714	False	1	0.424
pro_lifelong	250	7	50	5568.491	5.568491	False	1	0.424
pro_lifelong	251	1	50	6309.947	6.309947	False	1	0.422
pro_lifelong	251	2	50	14981.109	14.981109	False	1	0.133
pro_lifelong	251	3	50	12093.184	12.093184	False	1	0.422
pro_lifelong	251	4	50	14584.597	14.584597	False	1	0.343
pro_lifelong	251	5	50	18156.616	18.156616	False	1	0.133
pro_lifelong	251	6	50	2511.599	2.511599	False	1	0.422
pro_lifelong	252	1	50	8551.660	8.551660	False	1	0.427
pro_lifelong	252	2	50	1795.661	1.795661	False	1	0.427
pro_lifelong	252	3	50	23671.323	23.671323	False	1	0.46
pro_lifelong	252	4	50	8147.416	8.147416	False	1	0.133
pro_lifelong	252	5	50	18201.145	18.201145	False	1	0.43
pro_lifelong	252	6	50	2751.961	2.751961	False	1	0.427
pro_lifelong	252	7	50	15882.628	15.882628	False	1	0.428
pro_lifelong	252	8	50	19882.863	19.882863	False	1	0.385
pro_lifelong	253	1	50	17445.485	17.445485	False	1	0.363
pro_lifelong	253	2	50	22806.707	22.806707	False	1	0.416
pro_lifelong	253	3	50	7917.621	7.917621	False	1	0.416
pro_lifelong	253	4	50	18886.638	18.886638	False	1	0.446
pro_lifelong	253	5	50	16510.978	16.510978	False	1	0.393
pro_lifelong	253	6	50	10430.187	10.430187	False	1	0.133
pro_lifelong	253	7	50	10596.669	10.596669	False	1	0.416
pro_lifelong	253	8	50	17920.016	17.920016	False	1	0.425
pro_lifelong	253	9	50	17176.714	17.176714	False	1	0.382
pro_lifelong	254	1	50	18932.388	18.932388	False	1	0.447
pro_lifelong	254	2	50	19257.141	19.257141	False	1	0.349
pro_lifelong	254	3	50	9110.419	9.110419	False	1	0.415
pro_lifelong	254	4	50	18110.200	18.110200	False	1	0.405
pro_lifelong	254	5	50	2112.577	2.112577	False	1	0.415
pro_lifelong	254	6	50	11523.573	11.523573	False	1	0.415
pro_lifelong	255	1	50	16678.387	16.678387	False	1	0.363
pro_lifelong	255	2	50	3413.289	3.413289	False	1	0.133
pro_lifelong	255	3	50	19086.694	19.086694	False	1	0.39
pro_lifelong	255	4	50	14650.387	14.650387	False	1	0.36
pro_lifelong	255	5	50	27130.965	27.130965	False	1	0.45
pro_lifelong	255	6	50	17733.155	17.733155	False	1	0.432
pro_lifelong	255	7	50	17039.517	17.039517	False	1	0.402
pro_lifelong	255	8	50	30096.787	30.096787	False	1	0.471
pro_lifelong	255	9	50	14013.926	14.013926	False	1	0.486
pro_lifelong	255	10	50	5443.274	5.443274	False	1	0.133
pro_lifelong	255	11	50	18952.505	18.952505	False	1	0.453
pro_lifelong	255	12	50	16807.973	16.807973	False	1	0.511
pro_lifelong	255	13	50	17136.787	17.136787	False	1	0.516
pro_lifelong	255	14	50	14374.792	14.374792	True	1	0.816
pro_lifelong	256	1	50	21982.353	21.982353	False	1	0.405
pro_lifelong	256	2	50	18996.394	18.996394	False	1	0.399
pro_lifelong	256	3	50	11118.726	11.118726	False	1	0.133
pro_lifelong	256	4	50	17611.178	17.611178	False	1	0.443
pro_lifelong	256	5	50	20086.172	20.086172	False	1	0.431
pro_lifelong	256	6	50	17310.900	17.310900	False	1	0.354
pro_lifelong	256	7	50	4061.387	4.061387	False	1	0.431
pro_lifelong	256	8	50	20600.388	20.600388	True	1	0.786
pro_lifelong	257	1	50	14097.379	14.097379	False	1	0.133
pro_lifelong	257	2	50	18276.616	18.276616	False	1	0.362
pro_lifelong	257	3	50	6612.439	6.612439	False	1	0.43
pro_lifelong	257	4	50	15348.177	15.348177	False	1	0.393
pro_lifelong	257	5	50	8942.001	8.942001	False	1	0.133
pro_lifelong	257	6	50	20435.701	20.435701	False	1	0.405
pro_lifelong	257	7	50	1802.619	1.802619	False	1	0.43
pro_lifelong	257	8	50	3581.656	3.581656	False	1	0.43
pro_lifelong	258	1	50	20809.952	20.809952	False	1	0.379
pro_lifelong	258	2	50	16207.017	16.207017	False	1	0.435
pro_lifelong	258	3	50	16017.351	16.017351	False	1	0.365
pro_lifelong	258	4	50	15388.967	15.388967	False	1	0.423
pro_lifelong	258	5	50	19620.258	19.620258	False	1	0.458
pro_lifelong	258	6	50	17163.512	17.163512	False	1	0.453
pro_lifelong	258	7	50	8551.374	8.551374	False	1	0.435
pro_lifelong	258	8	50	18491.644	18.491644	False	1	0.411
pro_lifelong	258	9	50	19199.683	19.199683	False	1	0.433
pro_lifelong	258	10	50	21028.923	21.028923	False	1	0.41
pro_lifelong	259	1	50	14972.291	14.972291	False	1	0.457
pro_lifelong	259	2	50	14775.008	14.775008	False	1	0.44
pro_lifelong	259	3	50	21795.426	21.795426	False	1	0.414
pro_lifelong	259	4	50	16909.746	16.909746	False	1	0.411
pro_lifelong	259	5	50	19039.857	19.039857	False	1	0.432
pro_lifelong	259	6	50	19558.725	19.558725	False	1	0.455
pro_lifelong	260	1	50	7488.778	7.488778	False	1	0.424
pro_lifelong	260	2	50	19552.601	19.552601	False	1	0.42
pro_lifelong	260	3	50	14754.427	14.754427	False	1	0.444
pro_lifelong	260	4	50	17651.927	17.651927	False	1	0.497
pro_lifelong	260	5	50	14603.063	14.603063	False	1	0.356
pro_lifelong	260	6	50	8625.390	8.625390	False	1	0.133
pro_lifelong	260	7	50	2804.814	2.804814	False	1	0.424
pro_lifelong	260	8	50	18193.395	18.193395	False	1	0.361
pro_lifelong	260	9	50	19796.838	19.796838	False	1	0.428
pro_lifelong	261	1	50	10249.739	10.249739	False	1	0.133
pro_lifelong	261	2	50	13807.018	13.807018	False	1	0.381
pro_lifelong	261	3	50	15340.394	15.340394	False	1	0.428
pro_lifelong	261	4	50	21748.190	21.748190	False	1	0.45
pro_lifelong	261	5	50	6805.580	6.805580	False	1	0.422
pro_lifelong	261	6	50	16466.652	16.466652	False	1	0.469
pro_lifelong	261	7	50	4105.142	4.105142	False	1	0.422
pro_lifelong	261	8	50	15824.972	15.824972	False	1	0.433
pro_lifelong	261	9	50	18145.901	18.145901	False	1	0.428
pro_lifelong	261	10	50	17073.010	17.073010	False	1	0.378
pro_lifelong	261	11	50	8866.178	8.866178	False	1	0.133
pro_lifelong	262	1	50	19624.656	19.624656	False	1	0.436
pro_lifelong	262	2	50	7837.146	7.837146	False	1	0.435
pro_lifelong	262	3	50	2796.178	2.796178	False	1	0.435
pro_lifelong	262	4	50	18048.654	18.048654	False	1	0.453
pro_lifelong	262	5	50	2568.329	2.568329	False	1	0.435
pro_lifelong	262	6	50	2241.249	2.241249	False	1	0.435
pro_lifelong	262	7	50	10047.241	10.047241	False	1	0.435
pro_lifelong	262	8	50	11167.022	11.167022	False	1	0.435
pro_lifelong	262	9	50	10035.805	10.035805	False	1	0.133
pro_lifelong	263	1	50	18411.211	18.411211	False	1	0.447
pro_lifelong	263	2	50	10207.262	10.207262	False	1	0.133
pro_lifelong	263	3	50	15756.393	15.756393	False	1	0.388
pro_lifelong	263	4	50	19652.001	19.652001	False	1	0.43
pro_lifelong	263	5	50	8108.791	8.108791	False	1	0.426
pro_lifelong	263	6	50	17961.724	17.961724	False	1	0.518
pro_lifelong	263	7	50	10284.695	10.284695	False	1	0.133
pro_lifelong	263	8	50	9618.618	9.618618	False	1	0.133
pro_lifelong	263	9	50	13433.144	13.433144	False	1	0.37
pro_lifelong	263	10	50	2232.317	2.232317	False	1	0.426
pro_lifelong	263	11	50	11755.771	11.755771	False	1	0.426
pro_lifelong	264	1	50	11937.768	11.937768	False	1	0.133
pro_lifelong	264	2	50	13825.790	13.825790	False	1	0.133
pro_lifelong	264	3	50	9324.368	9.324368	False	1	0.133
pro_lifelong	264	4	50	18485.568	18.485568	False	1	0.36
pro_lifelong	264	5	50	7808.346	7.808346	False	1	0.423
pro_lifelong	264	6	50	17016.367	17.016367	False	1	0.395
pro_lifelong	264	7	50	11210.808	11.210808	False	1	0.133
pro_lifelong	264	8	50	2642.223	2.642223	False	1	0.423
pro_lifelong	264	9	50	15616.935	15.616935	False	1	0.442
pro_lifelong	264	10	50	11446.844	11.446844	False	1	0.133
pro_lifelong	264	11	50	15654.560	15.654560	False	1	0.444
pro_lifelong	264	12	50	18475.543	18.475543	False	1	0.39
pro_lifelong	264	13	50	1952.757	1.952757	False	1	0.423
pro_lifelong	264	14	50	16755.844	16.755844	False	1	0.373
pro_lifelong	265	1	50	11078.206	11.078206	False	1	0.133
pro_lifelong	265	2	50	11839.617	11.839617	False	1	0.133
pro_lifelong	265	3	50	20090.649	20.090649	False	1	0.431
pro_lifelong	265	4	50	20976.270	20.976270	False	1	0.418
pro_lifelong	265	5	50	19501.118	19.501118	False	1	0.494
pro_lifelong	265	6	50	7945.123	7.945123	False	1	0.431
pro_lifelong	265	7	50	2931.616	2.931616	False	1	0.431
pro_lifelong	265	8	50	7721.003	7.721003	False	1	0.431
pro_lifelong	265	9	50	19638.810	19.638810	False	1	0.377
pro_lifelong	265	10	50	2504.496	2.504496	False	1	0.431
pro_lifelong	266	1	50	8148.472	8.148472	False	1	0.429
pro_lifelong	266	2	50	16955.737	16.955737	False	1	0.417
pro_lifelong	266	3	50	16874.407	16.874407	False	1	0.36
pro_lifelong	266	4	50	17870.287	17.870287	False	1	0.399
pro_lifelong	266	5	50	17513.091	17.513091	False	1	0.358
pro_lifelong	266	6	50	10261.405	10.261405	False	1	0.133
pro_lifelong	267	1	50	18359.861	18.359861	False	1	0.435
pro_lifelong	267	2	50	16729.026	16.729026	False	1	0.422
pro_lifelong	267	3	50	12747.038	12.747038	False	1	0.427
pro_lifelong	267	4	50	12720.670	12.720670	False	1	0.406
pro_lifelong	267	5	50	17892.861	17.892861	False	1	0.345
pro_lifelong	267	6	50	20485.791	20.485791	False	1	0.405
pro_lifelong	268	1	50	7436.021	7.436021	False	1	0.422
pro_lifelong	268	2	50	21047.338	21.047338	False	1	0.453
pro_lifelong	268	3	50	20333.900	20.333900	False	1	0.374
pro_lifelong	268	4	50	17513.562	17.513562	False	1	0.425
pro_lifelong	268	5	50	4032.129	4.032129	False	1	0.422
pro_lifelong	268	6	50	11418.906	11.418906	False	1	0.133
pro_lifelong	268	7	50	19007.089	19.007089	False	1	0.371
pro_lifelong	269	1	50	16060.186	16.060186	False	1	0.416
pro_lifelong	269	2	50	10648.447	10.648447	False	1	0.133
pro_lifelong	269	3	50	14240.587	14.240587	False	1	0.423
pro_lifelong	269	4	50	14134.341	14.134341	False	1	0.422
pro_lifelong	269	5	50	10763.991	10.763991	False	1	0.412
pro_lifelong	269	6	50	12644.955	12.644955	False	1	0.422
pro_lifelong	270	1	50	17469.720	17.469720	False	1	0.448
pro_lifelong	270	2	50	8984.190	8.984190	False	1	0.133
pro_lifelong	270	3	50	9492.554	9.492554	False	1	0.416
pro_lifelong	270	4	50	16103.129	16.103129	False	1	0.133
pro_lifelong	270	5	50	11977.814	11.977814	False	1	0.416
pro_lifelong	270	6	50	16169.965	16.169965	False	1	0.343
pro_lifelong	271	1	50	21486.260	21.486260	False	1	0.454
pro_lifelong	271	2	50	22223.658	22.223658	False	1	0.443
pro_lifelong	271	3	50	19727.686	19.727686	False	1	0.41
pro_lifelong	271	4	50	17998.602	17.998602	False	1	0.384
pro_lifelong	271	5	50	17431.181	17.431181	False	1	0.433
pro_lifelong	271	6	50	11241.584	11.241584	False	1	0.418
pro_lifelong	272	1	50	29496.109	29.496109	False	1	0.438
pro_lifelong	272	2	50	18209.193	18.209193	False	1	0.488
pro_lifelong	272	3	50	17637.556	17.637556	False	1	0.419
pro_lifelong	272	4	50	3012.998	3.012998	False	1	0.419
pro_lifelong	272	5	50	15660.873	15.660873	False	1	0.431
pro_lifelong	272	6	50	16835.062	16.835062	False	1	0.383
pro_lifelong	272	7	50	2743.094	2.743094	False	1	0.419
pro_lifelong	273	1	50	17085.102	17.085102	False	1	0.415
pro_lifelong	273	2	50	17281.456	17.281456	False	1	0.408
pro_lifelong	273	3	50	12568.818	12.568818	False	1	0.133
pro_lifelong	273	4	50	13850.440	13.850440	False	1	0.446
pro_lifelong	273	5	50	16526.169	16.526169	False	1	0.422
pro_lifelong	273	6	50	14694.788	14.694788	False	1	0.433
pro_lifelong	273	7	50	13753.047	13.753047	False	1	0.422
pro_lifelong	273	8	50	2367.060	2.367060	False	1	0.422
pro_lifelong	273	9	50	11302.987	11.302987	False	1	0.422
pro_lifelong	274	1	50	19396.228	19.396228	False	1	0.456
pro_lifelong	274	2	50	15122.440	15.122440	False	1	0.45
pro_lifelong	274	3	50	18947.359	18.947359	False	1	0.44
pro_lifelong	274	4	50	18415.429	18.415429	False	1	0.445
pro_lifelong	274	5	50	14682.957	14.682957	False	1	0.426
pro_lifelong	274	6	50	3472.536	3.472536	False	1	0.426
pro_lifelong	275	1	50	15497.073	15.497073	False	1	0.486
pro_lifelong	275	2	50	20850.729	20.850729	False	1	0.512
pro_lifelong	275	3	50	15508.720	15.508720	True	1	0.826
pro_lifelong	276	1	50	7221.673	7.221673	False	1	0.133
pro_lifelong	276	2	50	8578.310	8.578310	False	1	0.441
pro_lifelong	276	3	50	16840.904	16.840904	False	1	0.133
pro_lifelong	276	4	50	14202.707	14.202707	False	1	0.451
pro_lifelong	276	5	50	2641.245	2.641245	False	1	0.441
pro_lifelong	276	6	50	13642.541	13.642541	False	1	0.441
pro_lifelong	276	7	50	9763.532	9.763532	False	1	0.441
pro_lifelong	277	1	50	12054.805	12.054805	False	1	0.133
pro_lifelong	277	2	50	14836.677	14.836677	False	1	0.365
pro_lifelong	277	3	50	7717.828	7.717828	False	1	0.433
pro_lifelong	277	4	50	18143.479	18.143479	False	1	0.456
pro_lifelong	277	5	50	13831.416	13.831416	False	1	0.368
pro_lifelong	277	6	50	20199.931	20.199931	False	1	0.42
pro_lifelong	277	7	50	17028.103	17.028103	False	1	0.411
pro_lifelong	277	8	50	17392.154	17.392154	False	1	0.444
pro_lifelong	277	9	50	13150.645	13.150645	False	1	0.44
pro_lifelong	278	1	50	8331.765	8.331765	False	1	0.429
pro_lifelong	278	2	50	22795.363	22.795363	False	1	0.447
pro_lifelong	278	3	50	2752.682	2.752682	False	1	0.429
pro_lifelong	278	4	50	2515.842	2.515842	False	1	0.429
pro_lifelong	278	5	50	2752.053	2.752053	False	1	0.429
pro_lifelong	278	6	50	17520.877	17.520877	False	1	0.409
pro_lifelong	278	7	50	16606.665	16.606665	False	1	0.446
pro_lifelong	279	1	50	14699.418	14.699418	False	1	0.446
pro_lifelong	279	2	50	14028.893	14.028893	False	1	0.444
pro_lifelong	279	3	50	18696.714	18.696714	False	1	0.439
pro_lifelong	279	4	50	17508.603	17.508603	False	1	0.489
pro_lifelong	279	5	50	17253.413	17.253413	False	1	0.459
pro_lifelong	279	6	50	19306.091	19.306091	False	1	0.434
pro_lifelong	279	7	50	9964.409	9.964409	False	1	0.434
pro_lifelong	279	8	50	18969.528	18.969528	False	1	0.453
pro_lifelong	279	9	50	6861.063	6.861063	False	1	0.428
pro_lifelong	280	1	50	8817.686	8.817686	False	1	0.42
pro_lifelong	280	2	50	2553.364	2.553364	False	1	0.42
pro_lifelong	280	3	50	14491.433	14.491433	False	1	0.371
pro_lifelong	280	4	50	14211.686	14.211686	False	1	0.446
pro_lifelong	280	5	50	16461.253	16.461253	False	1	0.441
pro_lifelong	280	6	50	11086.574	11.086574	False	1	0.133
pro_lifelong	280	7	50	10748.740	10.748740	False	1	0.42
pro_lifelong	280	8	50	2746.936	2.746936	False	1	0.42
pro_lifelong	280	9	50	2273.685	2.273685	False	1	0.42
pro_lifelong	281	1	50	14615.437	14.615437	False	1	0.44
pro_lifelong	281	2	50	7044.056	7.044056	False	1	0.434
pro_lifelong	281	3	50	13920.648	13.920648	False	1	0.133
pro_lifelong	281	4	50	15627.839	15.627839	False	1	0.455
pro_lifelong	281	5	50	15276.214	15.276214	False	1	0.133
pro_lifelong	281	6	50	18387.897	18.387897	False	1	0.377
pro_lifelong	281	7	50	2436.912	2.436912	False	1	0.434
pro_lifelong	281	8	50	13302.608	13.302608	False	1	0.434
pro_lifelong	281	9	50	15846.768	15.846768	False	1	0.409
pro_lifelong	282	1	50	15065.076	15.065076	False	1	0.453
pro_lifelong	282	2	50	18361.122	18.361122	False	1	0.414
pro_lifelong	282	3	50	19314.909	19.314909	False	1	0.471
pro_lifelong	282	4	50	15512.714	15.512714	False	1	0.407
pro_lifelong	282	5	50	17245.374	17.245374	False	1	0.487
pro_lifelong	282	6	50	16041.676	16.041676	False	1	0.133
pro_lifelong	282	7	50	12939.543	12.939543	False	1	0.398
pro_lifelong	282	8	50	17266.741	17.266741	False	1	0.459
pro_lifelong	282	9	50	14488.688	14.488688	False	1	0.133
pro_lifelong	282	10	50	7459.962	7.459962	False	1	0.413
pro_lifelong	283	1	50	3471.430	3.471430	False	1	0.133
pro_lifelong	283	2	50	15680.173	15.680173	False	1	0.38
pro_lifelong	283	3	50	16709.247	16.709247	False	1	0.379
pro_lifelong	283	4	50	9221.255	9.221255	False	1	0.133
pro_lifelong	283	5	50	2273.444	2.273444	False	1	0.133
pro_lifelong	283	6	50	25210.002	25.210002	False	1	0.44
pro_lifelong	283	7	50	17969.226	17.969226	False	1	0.447
pro_lifelong	283	8	50	12445.648	12.445648	False	1	0.133
pro_lifelong	283	9	50	14397.631	14.397631	False	1	0.4
pro_lifelong	283	10	50	2136.428	2.136428	False	1	0.133
pro_lifelong	283	11	50	18808.304	18.808304	False	1	0.45
pro_lifelong	284	1	50	15941.101	15.941101	False	1	0.447
pro_lifelong	284	2	50	16668.498	16.668498	False	1	0.444
pro_lifelong	284	3	50	8051.388	8.051388	False	1	0.439
pro_lifelong	284	4	50	11163.093	11.163093	False	1	0.439
pro_lifelong	284	5	50	23433.329	23.433329	False	1	0.476
pro_lifelong	284	6	50	21941.896	21.941896	False	1	0.423
pro_lifelong	284	7	50	15574.034	15.574034	False	1	0.133
pro_lifelong	284	8	50	17505.233	17.505233	False	1	0.502
pro_lifelong	284	9	50	15971.248	15.971248	False	1	0.416
pro_lifelong	284	10	50	3089.803	3.089803	False	1	0.439
pro_lifelong	284	11	50	13321.598	13.321598	False	1	0.439
pro_lifelong	284	12	50	2221.279	2.221279	False	1	0.439
pro_lifelong	284	13	50	19008.911	19.008911	False	1	0.433
pro_lifelong	285	1	50	16401.389	16.401389	False	1	0.441
pro_lifelong	285	2	50	13550.571	13.550571	False	1	0.473
pro_lifelong	285	3	50	3176.262	3.176262	False	1	0.441
pro_lifelong	285	4	50	2454.515	2.454515	False	1	0.441
pro_lifelong	285	5	50	17356.298	17.356298	False	1	0.467
pro_lifelong	285	6	50	11200.628	11.200628	False	1	0.441
pro_lifelong	285	7	50	8151.353	8.151353	False	1	0.133
pro_lifelong	286	1	50	16194.777	16.194777	False	1	0.441
pro_lifelong	286	2	50	11634.415	11.634415	False	1	0.441
pro_lifelong	286	3	50	13548.970	13.548970	False	1	0.343
pro_lifelong	286	4	50	6281.377	6.281377	False	1	0.43
pro_lifelong	286	5	50	13380.410	13.380410	False	1	0.133
pro_lifelong	286	6	50	15755.560	15.755560	False	1	0.454
pro_lifelong	286	7	50	16806.083	16.806083	False	1	0.443
pro_lifelong	286	8	50	12586.685	12.586685	False	1	0.43
pro_lifelong	286	9	50	15919.750	15.919750	False	1	0.388
pro_lifelong	286	10	50	18554.177	18.554177	False	1	0.355
pro_lifelong	286	11	50	17075.976	17.075976	False	1	0.406
pro_lifelong	287	1	50	21199.019	21.199019	False	1	0.409
pro_lifelong	287	2	50	15867.296	15.867296	False	1	0.445
pro_lifelong	287	3	50	17370.898	17.370898	False	1	0.445
pro_lifelong	287	4	50	14792.854	14.792854	False	1	0.466
pro_lifelong	287	5	50	8740.067	8.740067	False	1	0.133
pro_lifelong	287	6	50	7819.820	7.819820	False	1	0.446
pro_lifelong	287	7	50	2854.953	2.854953	False	1	0.446
pro_lifelong	287	8	50	9813.217	9.813217	False	1	0.133
pro_lifelong	287	9	50	2295.667	2.295667	False	1	0.446
pro_lifelong	288	1	50	15238.844	15.238844	False	1	0.453
pro_lifelong	288	2	50	15374.313	15.374313	False	1	0.425
pro_lifelong	288	3	50	15549.944	15.549944	False	1	0.409
pro_lifelong	288	4	50	7863.240	7.863240	False	1	0.441
pro_lifelong	288	5	50	17604.810	17.604810	False	1	0.47
pro_lifelong	288	6	50	10210.383	10.210383	False	1	0.441
pro_lifelong	288	7	50	2275.917	2.275917	False	1	0.441
pro_lifelong	288	8	50	2756.556	2.756556	False	1	0.441
pro_lifelong	288	9	50	19157.011	19.157011	False	1	0.425
pro_lifelong	288	10	50	12222.279	12.222279	False	1	0.441
pro_lifelong	289	1	50	18711.588	18.711588	False	1	0.374
pro_lifelong	289	2	50	18131.974	18.131974	False	1	0.447
pro_lifelong	289	3	50	15050.710	15.050710	False	1	0.436
pro_lifelong	289	4	50	7489.192	7.489192	False	1	0.44
pro_lifelong	289	5	50	2062.266	2.062266	False	1	0.44
pro_lifelong	289	6	50	14967.733	14.967733	False	1	0.133
pro_lifelong	289	7	50	13345.060	13.345060	False	1	0.44
pro_lifelong	290	1	50	13139.280	13.139280	False	1	0.465
pro_lifelong	290	2	50	15736.127	15.736127	False	1	0.445
pro_lifelong	290	3	50	13762.138	13.762138	False	1	0.436
pro_lifelong	290	4	50	20534.968	20.534968	False	1	0.472
pro_lifelong	290	5	50	17042.941	17.042941	False	1	0.428
pro_lifelong	290	6	50	2712.986	2.712986	False	1	0.436
pro_lifelong	291	1	50	15132.534	15.132534	False	1	0.474
pro_lifelong	291	2	50	12036.834	12.036834	False	1	0.133
pro_lifelong	291	3	50	13529.126	13.529126	False	1	0.399
pro_lifelong	291	4	50	18368.744	18.368744	False	1	0.461
pro_lifelong	291	5	50	8721.476	8.721476	False	1	0.436
pro_lifelong	291	6	50	14397.996	14.397996	False	1	0.418
pro_lifelong	292	1	50	18395.397	18.395397	False	1	0.412
pro_lifelong	292	2	50	15940.714	15.940714	False	1	0.443
pro_lifelong	292	3	50	16967.198	16.967198	False	1	0.133
pro_lifelong	292	4	50	16105.834	16.105834	False	1	0.446
pro_lifelong	292	5	50	19169.007	19.169007	False	1	0.418
pro_lifelong	292	6	50	9013.303	9.013303	False	1	0.438
pro_lifelong	292	7	50	15669.310	15.669310	False	1	0.483
pro_lifelong	292	8	50	18158.894	18.158894	False	1	0.395
pro_lifelong	292	9	50	13529.343	13.529343	False	1	0.133
pro_lifelong	292	10	50	11729.007	11.729007	False	1	0.446
pro_lifelong	292	11	50	17607.729	17.607729	False	1	0.433
pro_lifelong	292	12	50	16168.289	16.168289	False	1	0.441
pro_lifelong	293	1	50	18858.803	18.858803	False	1	0.425
pro_lifelong	293	2	50	16698.269	16.698269	False	1	0.413
pro_lifelong	293	3	50	7545.228	7.545228	False	1	0.435
pro_lifelong	293	4	50	13030.826	13.030826	False	1	0.406
pro_lifelong	293	5	50	17237.398	17.237398	False	1	0.454
pro_lifelong	293	6	50	19118.951	19.118951	False	1	0.452
pro_lifelong	293	7	50	21956.163	21.956163	False	1	0.494
pro_lifelong	293	8	50	16469.524	16.469524	False	1	0.463
pro_lifelong	293	9	50	16804.991	16.804991	False	1	0.422
pro_lifelong	293	10	50	19894.791	19.894791	False	1	0.412
pro_lifelong	293	11	50	16609.057	16.609057	False	1	0.404
pro_lifelong	293	12	50	18499.913	18.499913	False	1	0.449
pro_lifelong	294	1	50	17063.778	17.063778	False	1	0.46
pro_lifelong	294	2	50	7802.326	7.802326	False	1	0.429
pro_lifelong	294	3	50	2299.801	2.299801	False	1	0.429
pro_lifelong	294	4	50	12202.977	12.202977	False	1	0.429
pro_lifelong	294	5	50	20167.215	20.167215	False	1	0.475
pro_lifelong	294	6	50	15571.519	15.571519	False	1	0.422
pro_lifelong	294	7	50	4118.013	4.118013	False	1	0.429
pro_lifelong	294	8	50	13409.027	13.409027	False	1	0.392
pro_lifelong	294	9	50	13145.544	13.145544	False	1	0.429
pro_lifelong	294	10	50	11924.097	11.924097	False	1	0.455
pro_lifelong	295	1	50	15325.049	15.325049	False	1	0.459
pro_lifelong	295	2	50	7833.659	7.833659	False	1	0.416
pro_lifelong	295	3	50	2986.540	2.986540	False	1	0.416
pro_lifelong	295	4	50	15583.218	15.583218	False	1	0.384
pro_lifelong	295	5	50	16919.042	16.919042	False	1	0.344
pro_lifelong	295	6	50	2670.357	2.670357	False	1	0.416
pro_lifelong	296	1	50	15678.606	15.678606	False	1	0.133
pro_lifelong	296	2	50	6908.937	6.908937	False	1	0.426
pro_lifelong	296	3	50	13307.731	13.307731	False	1	0.133
pro_lifelong	296	4	50	14849.080	14.849080	False	1	0.43
pro_lifelong	296	5	50	22111.335	22.111335	False	1	0.467
pro_lifelong	296	6	50	2864.918	2.864918	False	1	0.426
pro_lifelong	296	7	50	18380.837	18.380837	False	1	0.428
pro_lifelong	296	8	50	23079.757	23.079757	False	1	0.437
pro_lifelong	296	9	50	16092.926	16.092926	False	1	0.399
pro_lifelong	296	10	50	2455.642	2.455642	False	1	0.426
pro_lifelong	297	1	50	15810.245	15.810245	False	1	0.426
pro_lifelong	297	2	50	18304.175	18.304175	False	1	0.428
pro_lifelong	297	3	50	16621.558	16.621558	False	1	0.421
pro_lifelong	297	4	50	9041.346	9.041346	False	1	0.412
pro_lifelong	297	5	50	20695.868	20.695868	False	1	0.439
pro_lifelong	297	6	50	2590.276	2.590276	False	1	0.421
pro_lifelong	297	7	50	15289.937	15.289937	False	1	0.421
pro_lifelong	297	8	50	14543.918	14.543918	True	1	0.757
pro_lifelong	298	1	50	16420.492	16.420492	False	1	0.436
pro_lifelong	298	2	50	18369.736	18.369736	False	1	0.351
pro_lifelong	298	3	50	21542.380	21.542380	False	1	0.4
pro_lifelong	298	4	50	7872.711	7.872711	False	1	0.43
pro_lifelong	298	5	50	15781.972	15.781972	False	1	0.39
pro_lifelong	298	6	50	19034.591	19.034591	False	1	0.357
pro_lifelong	299	1	50	17066.723	17.066723	False	1	0.448
pro_lifelong	299	2	50	17922.278	17.922278	False	1	0.428
pro_lifelong	299	3	50	16736.034	16.736034	False	1	0.481
pro_lifelong	299	4	50	17301.838	17.301838	False	1	0.456
pro_lifelong	299	5	50	17127.417	17.127417	False	1	0.345
pro_lifelong	299	6	50	2506.455	2.506455	False	1	0.428
pro_lifelong	299	7	50	14225.561	14.225561	False	1	0.133
pro_lifelong	299	8	50	15767.054	15.767054	False	1	0.444
pro_lifelong	300	1	50	21928.699	21.928699	False	1	0.491
pro_lifelong	300	2	50	25378.141	25.378141	True	1	0.776
pro_lifelong	301	1	50	2174.280	2.174280	False	1	0.133
pro_lifelong	301	2	50	13675.915	13.675915	False	1	0.133
pro_lifelong	301	3	50	14766.260	14.766260	False	1	0.133
pro_lifelong	301	4	50	11019.960	11.019960	True	1	0.821
pro_lifelong	302	1	50	4373.423	4.373423	False	1	0.133
pro_lifelong	302	2	50	2149.556	2.149556	False	1	0.133
pro_lifelong	302	3	50	12968.788	12.968788	False	1	0.133
pro_lifelong	302	4	50	10532.677	10.532677	False	1	0.133
pro_lifelong	303	1	50	14094.805	14.094805	False	1	0.133
pro_lifelong	303	2	50	13283.640	13.283640	False	1	0.133
pro_lifelong	303	3	50	12299.477	12.299477	False	1	0.133
pro_lifelong	303	4	50	12979.886	12.979886	False	1	0.133
pro_lifelong	304	1	50	15118.195	15.118195	False	1	0.396
pro_lifelong	304	2	50	6990.964	6.990964	False	1	0.42
pro_lifelong	304	3	50	16850.162	16.850162	False	1	0.42
pro_lifelong	304	4	50	2762.078	2.762078	False	1	0.42
pro_lifelong	304	5	50	15617.701	15.617701	False	1	0.393
pro_lifelong	304	6	50	19180.057	19.180057	False	1	0.433
pro_lifelong	304	7	50	2677.296	2.677296	False	1	0.42
pro_lifelong	304	8	50	26964.128	26.964128	False	1	0.421
pro_lifelong	304	9	50	3124.658	3.124658	False	1	0.42
pro_lifelong	304	10	50	15905.704	15.905704	False	1	0.133
pro_lifelong	304	11	50	31221.984	31.221984	False	1	0.449
pro_lifelong	304	12	50	2711.831	2.711831	False	1	0.42
pro_lifelong	304	13	50	1831.320	1.831320	False	1	0.42
pro_lifelong	304	14	50	15114.987	15.114987	False	1	0.42
pro_lifelong	304	15	50	5242.762	5.242762	False	1	0.42
pro_lifelong	304	16	50	12788.884	12.788884	False	1	0.42
pro_lifelong	305	1	50	18369.934	18.369934	False	1	0.452
pro_lifelong	305	2	50	3024.397	3.024397	False	1	0.452
pro_lifelong	305	3	50	22554.843	22.554843	False	1	0.539
pro_lifelong	305	4	50	12215.293	12.215293	False	1	0.452
pro_lifelong	305	5	50	2103.760	2.103760	False	1	0.452
pro_lifelong	305	6	50	13741.160	13.741160	False	1	0.401
pro_lifelong	305	7	50	12427.367	12.427367	False	1	0.406
pro_lifelong	305	8	50	16107.127	16.107127	False	1	0.411
pro_lifelong	306	1	50	27754.514	27.754514	False	1	0.488
pro_lifelong	306	2	50	5009.118	5.009118	False	1	0.133
pro_lifelong	306	3	50	21056.386	21.056386	False	1	0.551
pro_lifelong	306	4	50	11064.967	11.064967	False	1	0.133
pro_lifelong	306	5	50	28576.764	28.576764	True	1	0.84
pro_lifelong	307	1	50	15629.882	15.629882	False	1	0.133
pro_lifelong	307	2	50	10945.054	10.945054	False	1	0.133
pro_lifelong	307	3	50	19894.543	19.894543	False	1	0.411
pro_lifelong	307	4	50	11495.509	11.495509	False	1	0.133
pro_lifelong	307	5	50	11091.550	11.091550	False	1	0.133
pro_lifelong	307	6	50	11398.303	11.398303	False	1	0.133
pro_lifelong	307	7	50	2492.819	2.492819	False	1	0.133
pro_lifelong	308	1	50	7546.915	7.546915	False	1	0.503
pro_lifelong	308	2	50	12278.268	12.278268	False	1	0.503
pro_lifelong	308	3	50	11827.009	11.827009	False	1	0.503
pro_lifelong	308	4	50	3064.651	3.064651	False	1	0.503
pro_lifelong	308	5	50	17701.383	17.701383	False	1	0.418
pro_lifelong	308	6	50	23492.747	23.492747	False	1	0.485
pro_lifelong	309	1	50	14644.424	14.644424	False	1	0.133
pro_lifelong	309	2	50	16423.692	16.423692	False	1	0.516
pro_lifelong	309	3	50	2465.486	2.465486	False	1	0.133
pro_lifelong	309	4	50	15758.404	15.758404	False	1	0.434
pro_lifelong	309	5	50	15364.952	15.364952	False	1	0.438
pro_lifelong	309	6	50	16909.311	16.909311	False	1	0.524
pro_lifelong	309	7	50	2609.092	2.609092	False	1	0.133
pro_lifelong	310	1	50	11653.464	11.653464	False	1	0.133
pro_lifelong	310	2	50	9604.788	9.604788	False	1	0.133
pro_lifelong	310	3	50	8139.886	8.139886	False	1	0.133
pro_lifelong	310	4	50	13064.811	13.064811	False	1	0.133
pro_lifelong	311	1	50	8978.198	8.978198	False	1	0.133
pro_lifelong	311	2	50	8869.807	8.869807	False	1	0.133
pro_lifelong	311	3	50	10320.133	10.320133	False	1	0.133
pro_lifelong	311	4	50	2522.292	2.522292	False	1	0.133
pro_lifelong	312	1	50	16543.299	16.543299	False	1	0.422
pro_lifelong	312	2	50	15601.306	15.601306	False	1	0.396
pro_lifelong	312	3	50	8905.191	8.905191	False	1	0.432
pro_lifelong	312	4	50	18153.045	18.153045	False	1	0.407
pro_lifelong	312	5	50	1945.615	1.945615	False	1	0.432
pro_lifelong	312	6	50	18172.029	18.172029	False	1	0.349
pro_lifelong	313	1	50	4191.128	4.191128	False	1	0.133
pro_lifelong	313	2	50	15659.932	15.659932	False	1	0.358
pro_lifelong	313	3	50	3109.163	3.109163	False	1	0.133
pro_lifelong	313	4	50	1853.936	1.853936	False	1	0.133
pro_lifelong	313	5	50	15850.839	15.850839	False	1	0.391
pro_lifelong	313	6	50	13303.132	13.303132	False	1	0.133
pro_lifelong	313	7	50	50459.412	50.459412	False	1	0.417
pro_lifelong	313	8	50	14658.886	14.658886	False	1	0.432
pro_lifelong	313	9	50	2250.305	2.250305	False	1	0.133
pro_lifelong	313	10	50	11581.082	11.581082	False	1	0.133
pro_lifelong	313	11	50	2412.496	2.412496	False	1	0.133
pro_lifelong	313	12	50	13790.577	13.790577	False	1	0.133
pro_lifelong	314	1	50	23129.060	23.129060	False	1	0.402
pro_lifelong	314	2	50	18432.511	18.432511	False	1	0.133
pro_lifelong	314	3	50	17647.207	17.647207	False	1	0.402
pro_lifelong	314	4	50	20858.794	20.858794	False	1	0.405
pro_lifelong	314	5	50	17967.142	17.967142	False	1	0.133
pro_lifelong	314	6	50	7661.827	7.661827	False	1	0.133
pro_lifelong	315	1	50	18371.111	18.371111	False	1	0.376
pro_lifelong	315	2	50	12679.565	12.679565	False	1	0.414
pro_lifelong	315	3	50	18104.710	18.104710	False	1	0.349
pro_lifelong	315	4	50	15695.374	15.695374	False	1	0.397
pro_lifelong	315	5	50	8918.003	8.918003	False	1	0.382
pro_lifelong	315	6	50	18121.410	18.121410	False	1	0.404
pro_lifelong	315	7	50	18847.321	18.847321	False	1	0.409
pro_lifelong	316	1	50	21176.528	21.176528	False	1	0.414
pro_lifelong	316	2	50	11280.229	11.280229	False	1	0.133
pro_lifelong	316	3	50	14039.125	14.039125	False	1	0.133
pro_lifelong	316	4	50	16753.549	16.753549	False	1	0.392
pro_lifelong	316	5	50	12020.443	12.020443	False	1	0.133
pro_lifelong	316	6	50	13063.259	13.063259	False	1	0.44
pro_lifelong	316	7	50	11544.391	11.544391	False	1	0.133
pro_lifelong	316	8	50	10870.784	10.870784	False	1	0.414
pro_lifelong	316	9	50	15423.012	15.423012	False	1	0.424
pro_lifelong	316	10	50	16546.923	16.546923	False	1	0.405
pro_lifelong	316	11	50	2457.517	2.457517	False	1	0.414
pro_lifelong	317	1	50	19149.096	19.149096	False	1	0.384
pro_lifelong	317	2	50	14062.712	14.062712	False	1	0.133
pro_lifelong	317	3	50	4366.458	4.366458	False	1	0.133
pro_lifelong	317	4	50	2941.755	2.941755	False	1	0.133
pro_lifelong	317	5	50	2067.559	2.067559	False	1	0.133
pro_lifelong	318	1	50	19490.334	19.490334	False	1	0.507
pro_lifelong	318	2	50	19992.699	19.992699	True	1	0.777
pro_lifelong	319	1	50	39432.134	39.432134	False	1	0.391
pro_lifelong	319	2	50	20215.504	20.215504	False	1	0.41
pro_lifelong	319	3	50	3908.586	3.908586	False	1	0.133
pro_lifelong	319	4	50	10779.969	10.779969	False	1	0.133
pro_lifelong	319	5	50	14155.194	14.155194	False	1	0.133
pro_lifelong	319	6	50	12366.736	12.366736	False	1	0.133
pro_lifelong	320	1	50	23110.744	23.110744	True	1	0.761
pro_lifelong	321	1	50	16851.375	16.851375	False	1	0.399
pro_lifelong	321	2	50	4406.791	4.406791	False	1	0.133
pro_lifelong	321	3	50	18950.504	18.950504	False	1	0.43
pro_lifelong	321	4	50	12722.072	12.722072	False	1	0.133
pro_lifelong	321	5	50	18014.832	18.014832	False	1	0.42
pro_lifelong	321	6	50	12702.120	12.702120	False	1	0.419
pro_lifelong	321	7	50	14959.942	14.959942	False	1	0.133
pro_lifelong	321	8	50	19833.335	19.833335	False	1	0.408
pro_lifelong	322	1	50	14926.635	14.926635	False	1	0.446
pro_lifelong	322	2	50	17132.111	17.132111	False	1	0.438
pro_lifelong	322	3	50	18134.446	18.134446	False	1	0.469
pro_lifelong	322	4	50	16040.254	16.040254	False	1	0.458
pro_lifelong	322	5	50	14692.918	14.692918	False	1	0.133
pro_lifelong	322	6	50	2069.537	2.069537	False	1	0.469
pro_lifelong	322	7	50	1750.776	1.750776	False	1	0.469
pro_lifelong	322	8	50	10621.131	10.621131	False	1	0.133
pro_lifelong	323	1	50	24739.637	24.739637	True	1	0.625
pro_lifelong	324	1	50	25987.675	25.987675	False	1	0.433
pro_lifelong	324	2	50	17312.533	17.312533	False	1	0.38
pro_lifelong	324	3	50	15178.562	15.178562	False	1	0.437
pro_lifelong	324	4	50	3286.253	3.286253	False	1	0.433
pro_lifelong	324	5	50	13605.068	13.605068	False	1	0.433
pro_lifelong	324	6	50	8010.227	8.010227	False	1	0.433
pro_lifelong	325	1	50	19190.926	19.190926	False	1	0.454
pro_lifelong	325	2	50	17881.145	17.881145	False	1	0.434
pro_lifelong	325	3	50	7669.436	7.669436	False	1	0.47
pro_lifelong	325	4	50	30505.556	30.505556	True	1	0.728
pro_lifelong	326	1	50	26327.435	26.327435	True	1	0.757
pro_lifelong	327	1	50	14010.654	14.010654	False	1	0.418
pro_lifelong	327	2	50	12351.801	12.351801	False	1	0.133
pro_lifelong	327	3	50	5209.969	5.209969	False	1	0.133
pro_lifelong	327	4	50	8659.164	8.659164	False	1	0.133
pro_lifelong	327	5	50	20977.262	20.977262	False	1	0.438
pro_lifelong	327	6	50	11452.663	11.452663	False	1	0.133
pro_lifelong	327	7	50	2679.034	2.679034	False	1	0.133
pro_lifelong	327	8	50	10149.170	10.149170	False	1	0.133
pro_lifelong	327	9	50	3854.767	3.854767	False	1	0.133
pro_lifelong	328	1	50	13865.910	13.865910	False	1	0.133
pro_lifelong	328	2	50	13108.885	13.108885	False	1	0.133
pro_lifelong	328	3	50	10724.494	10.724494	False	1	0.133
pro_lifelong	328	4	50	6998.177	6.998177	False	1	0.415
pro_lifelong	328	5	50	15797.289	15.797289	False	1	0.366
pro_lifelong	328	6	50	2150.259	2.150259	False	1	0.415
pro_lifelong	328	7	50	19721.969	19.721969	False	1	0.459
pro_lifelong	328	8	50	16086.230	16.086230	False	1	0.429
pro_lifelong	328	9	50	2489.631	2.489631	False	1	0.415
pro_lifelong	328	10	50	2284.721	2.284721	False	1	0.415
pro_lifelong	328	11	50	2554.076	2.554076	False	1	0.415
pro_lifelong	328	12	50	29983.001	29.983001	True	1	0.702
pro_lifelong	329	1	50	15222.803	15.222803	False	1	0.391
pro_lifelong	329	2	50	14183.401	14.183401	False	1	0.411
pro_lifelong	329	3	50	14302.434	14.302434	False	1	0.133
pro_lifelong	329	4	50	13012.192	13.012192	False	1	0.133
pro_lifelong	329	5	50	15695.716	15.695716	False	1	0.429
pro_lifelong	329	6	50	14643.862	14.643862	False	1	0.421
pro_lifelong	329	7	50	2132.467	2.132467	False	1	0.133
pro_lifelong	329	8	50	13702.981	13.702981	False	1	0.431
pro_lifelong	329	9	50	1813.488	1.813488	False	1	0.133
pro_lifelong	329	10	50	16387.530	16.387530	False	1	0.397
pro_lifelong	330	1	50	17900.284	17.900284	False	1	0.439
pro_lifelong	330	2	50	7732.111	7.732111	False	1	0.461
pro_lifelong	330	3	50	17419.304	17.419304	False	1	0.458
pro_lifelong	330	4	50	4369.482	4.369482	False	1	0.461
pro_lifelong	330	5	50	3858.428	3.858428	False	1	0.461
pro_lifelong	330	6	50	14829.384	14.829384	False	1	0.498
pro_lifelong	330	7	50	11481.496	11.481496	False	1	0.458
pro_lifelong	330	8	50	15134.606	15.134606	False	1	0.461
pro_lifelong	330	9	50	4210.948	4.210948	False	1	0.461
pro_lifelong	330	10	50	27752.263	27.752263	False	1	0.133
pro_lifelong	330	11	50	1488.832	1.488832	False	1	0.461
pro_lifelong	331	1	50	20287.919	20.287919	False	1	0.452
pro_lifelong	331	2	50	12185.804	12.185804	False	1	0.133
pro_lifelong	331	3	50	17052.170	17.052170	False	1	0.437
pro_lifelong	331	4	50	22545.513	22.545513	False	1	0.456
pro_lifelong	331	5	50	10854.393	10.854393	False	1	0.133
pro_lifelong	331	6	50	14242.065	14.242065	False	1	0.468
pro_lifelong	331	7	50	3890.257	3.890257	False	1	0.133
pro_lifelong	331	8	50	12076.945	12.076945	False	1	0.133
pro_lifelong	331	9	50	14295.817	14.295817	False	1	0.133
pro_lifelong	331	10	50	17601.402	17.601402	False	1	0.133
pro_lifelong	332	1	50	12926.623	12.926623	False	1	0.424
pro_lifelong	332	2	50	18821.684	18.821684	False	1	0.422
pro_lifelong	332	3	50	11438.672	11.438672	False	1	0.133
pro_lifelong	332	4	50	14905.984	14.905984	False	1	0.451
pro_lifelong	332	5	50	15308.606	15.308606	False	1	0.439
pro_lifelong	332	6	50	11358.393	11.358393	False	1	0.133
pro_lifelong	332	7	50	10760.096	10.760096	False	1	0.133
pro_lifelong	332	8	50	12215.084	12.215084	False	1	0.133
pro_lifelong	332	9	50	10600.185	10.600185	False	1	0.133
pro_lifelong	333	1	50	15677.979	15.677979	False	1	0.133
pro_lifelong	333	2	50	17658.586	17.658586	False	1	0.445
pro_lifelong	333	3	50	15707.943	15.707943	False	1	0.397
pro_lifelong	333	4	50	4624.367	4.624367	False	1	0.133
pro_lifelong	333	5	50	18221.618	18.221618	False	1	0.415
pro_lifelong	333	6	50	13645.070	13.645070	False	1	0.133
pro_lifelong	333	7	50	15268.172	15.268172	False	1	0.133
pro_lifelong	334	1	50	22537.142	22.537142	False	1	0.486
pro_lifelong	334	2	50	15608.129	15.608129	False	1	0.441
pro_lifelong	334	3	50	4436.993	4.436993	False	1	0.133
pro_lifelong	334	4	50	20511.041	20.511041	False	1	0.472
pro_lifelong	334	5	50	1752.097	1.752097	False	1	0.133
pro_lifelong	334	6	50	3286.308	3.286308	False	1	0.133
pro_lifelong	335	1	50	24490.174	24.490174	False	1	0.133
pro_lifelong	335	2	50	14595.884	14.595884	False	1	0.52
pro_lifelong	335	3	50	18771.755	18.771755	False	1	0.476
pro_lifelong	335	4	50	19462.594	19.462594	False	1	0.511
pro_lifelong	335	5	50	19121.802	19.121802	False	1	0.526
pro_lifelong	335	6	50	12073.114	12.073114	False	1	0.133
pro_lifelong	335	7	50	21060.269	21.060269	False	1	0.501
pro_lifelong	336	1	50	20347.021	20.347021	True	1	0.889
pro_lifelong	337	1	50	12627.125	12.627125	False	1	0.133
pro_lifelong	337	2	50	4126.230	4.126230	False	1	0.133
pro_lifelong	337	3	50	2816.297	2.816297	False	1	0.133
pro_lifelong	337	4	50	12721.214	12.721214	False	1	0.133
pro_lifelong	338	1	50	13767.262	13.767262	False	1	0.411
pro_lifelong	338	2	50	16748.342	16.748342	False	1	0.391
pro_lifelong	338	3	50	12202.439	12.202439	False	1	0.133
pro_lifelong	338	4	50	2905.353	2.905353	False	1	0.133
pro_lifelong	338	5	50	2443.745	2.443745	False	1	0.133
pro_lifelong	338	6	50	15867.169	15.867169	False	1	0.133
pro_lifelong	339	1	50	3823.766	3.823766	False	1	0.133
pro_lifelong	339	2	50	16180.943	16.180943	False	1	0.133
pro_lifelong	339	3	50	5944.025	5.944025	False	1	0.133
pro_lifelong	339	4	50	25522.111	25.522111	False	1	0.459
pro_lifelong	339	5	50	3023.324	3.023324	False	1	0.133
pro_lifelong	339	6	50	11022.714	11.022714	False	1	0.133
pro_lifelong	339	7	50	19372.309	19.372309	False	1	0.133
pro_lifelong	339	8	50	2623.458	2.623458	False	1	0.133
pro_lifelong	340	1	50	11910.871	11.910871	False	1	0.507
pro_lifelong	340	2	50	19270.140	19.270140	True	1	0.869
pro_lifelong	341	1	50	3270.562	3.270562	False	1	0.133
pro_lifelong	341	2	50	16716.186	16.716186	False	1	0.506
pro_lifelong	341	3	50	1804.578	1.804578	False	1	0.133
pro_lifelong	341	4	50	22583.081	22.583081	True	1	0.826
pro_lifelong	342	1	50	11525.914	11.525914	False	1	0.133
pro_lifelong	342	2	50	17235.490	17.235490	False	1	0.392
pro_lifelong	342	3	50	15973.273	15.973273	False	1	0.444
pro_lifelong	342	4	50	11353.743	11.353743	False	1	0.133
pro_lifelong	342	5	50	20329.525	20.329525	False	1	0.453
pro_lifelong	342	6	50	26933.476	26.933476	False	1	0.406
pro_lifelong	342	7	50	11656.768	11.656768	False	1	0.133
pro_lifelong	342	8	50	14782.624	14.782624	False	1	0.133
pro_lifelong	343	1	50	10350.694	10.350694	False	1	0.133
pro_lifelong	343	2	50	11945.406	11.945406	False	1	0.133
pro_lifelong	343	3	50	14988.702	14.988702	False	1	0.559
pro_lifelong	343	4	50	11072.468	11.072468	False	1	0.133
pro_lifelong	343	5	50	22874.706	22.874706	False	1	0.133
pro_lifelong	343	6	50	16327.119	16.327119	False	1	0.504
pro_lifelong	343	7	50	15291.731	15.291731	False	1	0.46
pro_lifelong	343	8	50	9131.085	9.131085	False	1	0.133
pro_lifelong	344	1	50	17005.118	17.005118	False	1	0.494
pro_lifelong	344	2	50	14905.713	14.905713	False	1	0.492
pro_lifelong	344	3	50	15985.777	15.985777	False	1	0.486
pro_lifelong	344	4	50	7942.245	7.942245	False	1	0.492
pro_lifelong	344	5	50	2523.770	2.523770	False	1	0.492
pro_lifelong	344	6	50	20495.758	20.495758	False	1	0.494
pro_lifelong	345	1	50	14764.056	14.764056	False	1	0.416
pro_lifelong	345	2	50	10201.891	10.201891	False	1	0.133
pro_lifelong	345	3	50	2512.246	2.512246	False	1	0.133
pro_lifelong	345	4	50	18162.637	18.162637	False	1	0.428
pro_lifelong	345	5	50	15077.877	15.077877	False	1	0.133
pro_lifelong	345	6	50	13534.849	13.534849	False	1	0.133
pro_lifelong	345	7	50	2597.052	2.597052	False	1	0.133
pro_lifelong	345	8	50	14533.995	14.533995	False	1	0.403
pro_lifelong	345	9	50	17565.141	17.565141	False	1	0.133
pro_lifelong	346	1	50	14149.909	14.149909	False	1	0.133
pro_lifelong	346	2	50	6965.663	6.965663	False	1	0.468
pro_lifelong	346	3	50	19288.964	19.288964	False	1	0.502
pro_lifelong	346	4	50	11072.548	11.072548	False	1	0.468
pro_lifelong	346	5	50	19152.502	19.152502	False	1	0.406
pro_lifelong	346	6	50	2687.057	2.687057	False	1	0.468
pro_lifelong	346	7	50	18558.717	18.558717	False	1	0.458
pro_lifelong	346	8	50	12366.768	12.366768	False	1	0.468
pro_lifelong	347	1	50	15027.913	15.027913	True	1	0.943
pro_lifelong	348	1	50	22049.870	22.049870	False	1	0.133
pro_lifelong	348	2	50	2291.053	2.291053	False	1	0.133
pro_lifelong	348	3	50	17269.792	17.269792	True	1	0.823
pro_lifelong	349	1	50	20398.571	20.398571	False	1	0.579
pro_lifelong	349	2	50	10731.842	10.731842	False	1	0.133
pro_lifelong	349	3	50	13364.663	13.364663	False	1	0.133
pro_lifelong	349	4	50	14195.967	14.195967	False	1	0.542
pro_lifelong	349	5	50	12793.000	12.793000	False	1	0.133
pro_lifelong	349	6	50	11956.158	11.956158	False	1	0.133
pro_lifelong	350	1	50	13665.714	13.665714	False	1	0.133
pro_lifelong	350	2	50	14780.962	14.780962	False	1	0.133
pro_lifelong	350	3	50	16287.882	16.287882	False	1	0.484
pro_lifelong	350	4	50	1808.062	1.808062	False	1	0.133
pro_lifelong	350	5	50	12686.691	12.686691	False	1	0.133
pro_lifelong	350	6	50	8176.911	8.176911	False	1	0.133
pro_lifelong	350	7	50	44493.364	44.493364	False	1	0.547
pro_lifelong	350	8	50	14574.220	14.574220	False	1	0.493
pro_lifelong	350	9	50	13373.786	13.373786	False	1	0.467
pro_lifelong	350	10	50	14863.032	14.863032	False	1	0.133
pro_lifelong	350	11	50	8355.890	8.355890	False	1	0.133
pro_lifelong	350	12	50	15369.453	15.369453	False	1	0.133
pro_lifelong	351	1	50	16682.278	16.682278	False	1	0.403
pro_lifelong	351	2	50	16754.999	16.754999	True	1	0.671
pro_lifelong	352	1	50	7245.333	7.245333	False	1	0.581
pro_lifelong	352	2	50	2358.113	2.358113	False	1	0.581
pro_lifelong	352	3	50	17391.445	17.391445	False	1	0.133
pro_lifelong	352	4	50	7412.290	7.412290	False	1	0.581
pro_lifelong	352	5	50	19176.897	19.176897	False	1	0.577
pro_lifelong	352	6	50	17170.761	17.170761	False	1	0.605
pro_lifelong	352	7	50	16912.031	16.912031	False	1	0.543
pro_lifelong	352	8	50	13239.108	13.239108	False	1	0.517
pro_lifelong	352	9	50	20982.845	20.982845	True	1	0.853
pro_lifelong	353	1	50	21602.481	21.602481	False	1	0.505
pro_lifelong	353	2	50	15173.236	15.173236	False	1	0.133
pro_lifelong	353	3	50	16417.506	16.417506	False	1	0.496
pro_lifelong	353	4	50	37288.886	37.288886	False	1	0.465
pro_lifelong	353	5	50	15080.587	15.080587	False	1	0.133
pro_lifelong	353	6	50	18138.459	18.138459	False	1	0.133
pro_lifelong	354	1	50	22064.821	22.064821	False	1	0.504
pro_lifelong	354	2	50	26304.816	26.304816	False	1	0.487
pro_lifelong	354	3	50	26155.863	26.155863	False	1	0.463
pro_lifelong	354	4	50	18832.180	18.832180	False	1	0.464
pro_lifelong	354	5	50	2303.982	2.303982	False	1	0.464
pro_lifelong	354	6	50	21597.300	21.597300	False	1	0.473
pro_lifelong	355	1	50	34887.489	34.887489	False	1	0.594
pro_lifelong	355	2	50	17451.944	17.451944	False	1	0.552
pro_lifelong	355	3	50	16639.860	16.639860	False	1	0.548
pro_lifelong	355	4	50	12303.002	12.303002	False	1	0.133
pro_lifelong	355	5	50	13825.212	13.825212	False	1	0.133
pro_lifelong	355	6	50	14219.413	14.219413	False	1	0.133
pro_lifelong	356	1	50	16252.574	16.252574	False	1	0.407
pro_lifelong	356	2	50	12902.656	12.902656	False	1	0.418
pro_lifelong	356	3	50	7943.641	7.943641	False	1	0.457
pro_lifelong	356	4	50	23393.497	23.393497	False	1	0.445
pro_lifelong	356	5	50	11271.949	11.271949	False	1	0.133
pro_lifelong	356	6	50	12852.405	12.852405	False	1	0.415
pro_lifelong	356	7	50	2204.044	2.204044	False	1	0.457
pro_lifelong	356	8	50	2435.203	2.435203	False	1	0.457
pro_lifelong	357	1	50	15591.974	15.591974	False	1	0.459
pro_lifelong	357	2	50	25263.402	25.263402	False	1	0.492
pro_lifelong	357	3	50	15886.462	15.886462	False	1	0.47
pro_lifelong	357	4	50	16949.407	16.949407	False	1	0.422
pro_lifelong	357	5	50	13715.921	13.715921	False	1	0.525
pro_lifelong	357	6	50	18812.836	18.812836	False	1	0.43
pro_lifelong	357	7	50	14860.268	14.860268	False	1	0.133
pro_lifelong	357	8	50	16177.017	16.177017	False	1	0.429
pro_lifelong	357	9	50	11230.434	11.230434	False	1	0.416
pro_lifelong	357	10	50	16526.338	16.526338	False	1	0.422
pro_lifelong	358	1	50	16645.633	16.645633	False	1	0.403
pro_lifelong	358	2	50	7929.128	7.929128	False	1	0.408
pro_lifelong	358	3	50	13019.184	13.019184	False	1	0.133
pro_lifelong	358	4	50	3408.608	3.408608	False	1	0.408
pro_lifelong	358	5	50	23940.706	23.940706	False	1	0.472
pro_lifelong	358	6	50	2308.023	2.308023	False	1	0.408
pro_lifelong	358	7	50	13818.476	13.818476	False	1	0.133
pro_lifelong	358	8	50	17903.044	17.903044	False	1	0.133
pro_lifelong	358	9	50	10887.059	10.887059	False	1	0.133
pro_lifelong	358	10	50	15005.532	15.005532	False	1	0.385
pro_lifelong	359	1	50	18286.483	18.286483	False	1	0.468
pro_lifelong	359	2	50	12699.996	12.699996	False	1	0.133
pro_lifelong	359	3	50	15347.521	15.347521	False	1	0.53
pro_lifelong	359	4	50	19570.454	19.570454	False	1	0.509
pro_lifelong	359	5	50	9551.613	9.551613	False	1	0.499
pro_lifelong	359	6	50	14629.593	14.629593	False	1	0.488
pro_lifelong	359	7	50	26172.371	26.172371	False	1	0.491
pro_lifelong	359	8	50	21238.640	21.238640	False	1	0.437
pro_lifelong	360	1	50	17601.083	17.601083	False	1	0.397
pro_lifelong	360	2	50	8068.515	8.068515	False	1	0.418
pro_lifelong	360	3	50	2129.156	2.129156	False	1	0.418
pro_lifelong	360	4	50	31117.682	31.117682	False	1	0.433
pro_lifelong	360	5	50	17945.835	17.945835	False	1	0.417
pro_lifelong	360	6	50	15564.083	15.564083	False	1	0.408
pro_lifelong	360	7	50	28188.630	28.188630	False	1	0.418
pro_lifelong	360	8	50	2607.265	2.607265	False	1	0.418
pro_lifelong	360	9	50	12844.208	12.844208	False	1	0.133
pro_lifelong	361	1	50	16832.111	16.832111	False	1	0.398
pro_lifelong	361	2	50	7219.015	7.219015	False	1	0.425
pro_lifelong	361	3	50	26734.086	26.734086	True	1	0.869
pro_lifelong	362	1	50	6902.403	6.902403	False	1	0.426
pro_lifelong	362	2	50	11718.613	11.718613	False	1	0.133
pro_lifelong	362	3	50	21641.249	21.641249	False	1	0.464
pro_lifelong	362	4	50	20012.164	20.012164	False	1	0.421
pro_lifelong	362	5	50	2342.979	2.342979	False	1	0.426
pro_lifelong	362	6	50	14183.046	14.183046	True	1	0.847
pro_lifelong	363	1	50	23914.248	23.914248	False	1	0.465
pro_lifelong	363	2	50	2680.303	2.680303	False	1	0.426
pro_lifelong	363	3	50	2835.405	2.835405	False	1	0.426
pro_lifelong	363	4	50	14987.408	14.987408	False	1	0.133
pro_lifelong	363	5	50	1295.690	1.295690	False	1	0.426
pro_lifelong	363	6	50	17503.280	17.503280	True	1	0.874
pro_lifelong	364	1	50	27171.454	27.171454	True	1	0.718
pro_lifelong	365	1	50	17894.662	17.894662	False	1	0.407
pro_lifelong	365	2	50	3875.134	3.875134	False	1	0.133
pro_lifelong	365	3	50	17090.754	17.090754	False	1	0.414
pro_lifelong	365	4	50	13538.017	13.538017	False	1	0.133
pro_lifelong	365	5	50	21749.609	21.749609	False	1	0.413
pro_lifelong	365	6	50	15689.440	15.689440	False	1	0.399
pro_lifelong	366	1	50	3912.028	3.912028	True	1	0.915
pro_lifelong	367	1	50	16336.220	16.336220	False	1	0.378
pro_lifelong	367	2	50	33913.774	33.913774	False	1	0.531
pro_lifelong	367	3	50	3525.520	3.525520	False	1	0.133
pro_lifelong	367	4	50	1779.464	1.779464	False	1	0.133
pro_lifelong	367	5	50	15789.876	15.789876	False	1	0.133
pro_lifelong	367	6	50	11702.965	11.702965	False	1	0.133
pro_lifelong	368	1	50	7779.366	7.779366	False	1	0.595
pro_lifelong	368	2	50	2151.823	2.151823	False	1	0.595
pro_lifelong	368	3	50	14804.332	14.804332	False	1	0.462
pro_lifelong	368	4	50	2225.269	2.225269	False	1	0.595
pro_lifelong	368	5	50	12311.136	12.311136	False	1	0.133
pro_lifelong	368	6	50	2046.573	2.046573	False	1	0.595
pro_lifelong	369	1	50	19959.694	19.959694	False	1	0.539
pro_lifelong	369	2	50	15864.279	15.864279	False	1	0.486
pro_lifelong	369	3	50	15838.114	15.838114	False	1	0.602
pro_lifelong	369	4	50	24155.356	24.155356	False	1	0.475
pro_lifelong	369	5	50	16944.471	16.944471	False	1	0.474
pro_lifelong	369	6	50	4239.145	4.239145	True	1	0.926
pro_lifelong	370	1	50	22153.876	22.153876	False	1	0.419
pro_lifelong	370	2	50	14530.622	14.530622	False	1	0.133
pro_lifelong	370	3	50	22065.675	22.065675	False	1	0.451
pro_lifelong	370	4	50	3027.911	3.027911	False	1	0.419
pro_lifelong	370	5	50	9346.736	9.346736	False	1	0.419
pro_lifelong	370	6	50	4465.083	4.465083	False	1	0.419
pro_lifelong	370	7	50	2150.833	2.150833	False	1	0.419
pro_lifelong	370	8	50	10061.321	10.061321	False	1	0.419
pro_lifelong	371	1	50	31933.318	31.933318	False	1	0.133
pro_lifelong	371	2	50	4375.221	4.375221	False	1	0.133
pro_lifelong	371	3	50	11922.839	11.922839	False	1	0.133
pro_lifelong	371	4	50	1812.951	1.812951	False	1	0.133
pro_lifelong	372	1	50	12617.174	12.617174	False	1	0.133
pro_lifelong	372	2	50	4414.412	4.414412	False	1	0.133
pro_lifelong	372	3	50	17300.533	17.300533	False	1	0.465
pro_lifelong	372	4	50	12043.344	12.043344	False	1	0.133
pro_lifelong	372	5	50	4203.892	4.203892	False	1	0.133
pro_lifelong	372	6	50	33599.758	33.599758	False	1	0.133
pro_lifelong	372	7	50	18933.385	18.933385	True	1	0.871
pro_lifelong	373	1	50	14073.426	14.073426	False	1	0.133
pro_lifelong	373	2	50	16221.551	16.221551	False	1	0.389
pro_lifelong	373	3	50	26561.162	26.561162	False	1	0.133
pro_lifelong	373	4	50	19647.246	19.647246	False	1	0.133
pro_lifelong	373	5	50	43777.551	43.777551	False	1	0.446
pro_lifelong	373	6	50	9676.337	9.676337	False	1	0.409
pro_lifelong	373	7	50	4371.277	4.371277	False	1	0.409
pro_lifelong	373	8	50	28485.877	28.485877	False	1	0.409
pro_lifelong	373	9	50	12677.972	12.677972	False	1	0.133
pro_lifelong	373	10	50	19107.798	19.107798	False	1	0.447
pro_lifelong	374	1	50	27793.104	27.793104	False	1	0.457
pro_lifelong	374	2	50	17731.315	17.731315	False	1	0.396
pro_lifelong	374	3	50	18403.316	18.403316	False	1	0.429
pro_lifelong	374	4	50	14494.268	14.494268	False	1	0.133
pro_lifelong	374	5	50	17478.504	17.478504	False	1	0.466
pro_lifelong	374	6	50	4104.853	4.104853	False	1	0.133
pro_lifelong	375	1	50	11647.962	11.647962	False	1	0.445
pro_lifelong	375	2	50	20720.696	20.720696	False	1	0.429
pro_lifelong	375	3	50	20789.658	20.789658	False	1	0.441
pro_lifelong	375	4	50	16097.945	16.097945	False	1	0.417
pro_lifelong	375	5	50	22339.569	22.339569	False	1	0.133
pro_lifelong	375	6	50	28282.243	28.282243	False	1	0.133
pro_lifelong	376	1	50	18209.225	18.209225	False	1	0.408
pro_lifelong	376	2	50	23952.918	23.952918	True	1	0.842
pro_lifelong	377	1	50	24528.198	24.528198	False	1	0.449
pro_lifelong	377	2	50	15900.355	15.900355	False	1	0.376
pro_lifelong	377	3	50	6625.540	6.625540	False	1	0.133
pro_lifelong	377	4	50	19491.581	19.491581	False	1	0.437
pro_lifelong	377	5	50	2545.397	2.545397	False	1	0.133
pro_lifelong	377	6	50	3024.740	3.024740	False	1	0.133
pro_lifelong	378	1	50	2875.472	2.875472	False	1	0.133
pro_lifelong	378	2	50	2156.947	2.156947	False	1	0.133
pro_lifelong	378	3	50	18373.544	18.373544	False	1	0.133
pro_lifelong	378	4	50	4447.356	4.447356	False	1	0.133
pro_lifelong	379	1	50	17644.127	17.644127	False	1	0.133
pro_lifelong	379	2	50	19835.870	19.835870	False	1	0.398
pro_lifelong	379	3	50	19082.882	19.082882	False	1	0.341
pro_lifelong	379	4	50	2199.766	2.199766	False	1	0.341
pro_lifelong	379	5	50	19058.124	19.058124	False	1	0.356
pro_lifelong	379	6	50	3154.324	3.154324	False	1	0.341
pro_lifelong	379	7	50	2468.704	2.468704	False	1	0.341
pro_lifelong	380	1	50	13967.167	13.967167	False	1	0.133
pro_lifelong	380	2	50	4457.570	4.457570	False	1	0.337
pro_lifelong	380	3	50	22453.604	22.453604	True	1	0.654
pro_lifelong	381	1	50	21094.667	21.094667	False	1	0.394
pro_lifelong	381	2	50	8857.669	8.857669	True	1	0.684
pro_lifelong	382	1	50	17626.072	17.626072	False	1	0.432
pro_lifelong	382	2	50	15813.521	15.813521	False	1	0.377
pro_lifelong	382	3	50	8667.442	8.667442	False	1	0.348
pro_lifelong	382	4	50	21685.977	21.685977	False	1	0.332
pro_lifelong	382	5	50	18270.704	18.270704	False	1	0.391
pro_lifelong	382	6	50	21970.477	21.970477	False	1	0.42
pro_lifelong	383	1	50	18117.532	18.117532	False	1	0.354
pro_lifelong	383	2	50	5886.080	5.886080	False	1	0.355
pro_lifelong	383	3	50	1912.603	1.912603	False	1	0.355
pro_lifelong	383	4	50	19370.257	19.370257	False	1	0.324
pro_lifelong	383	5	50	3213.395	3.213395	False	1	0.355
pro_lifelong	383	6	50	2421.330	2.421330	False	1	0.355
pro_lifelong	384	1	50	5738.043	5.738043	True	1	0.66
pro_lifelong	385	1	50	9684.829	9.684829	False	1	0.133
pro_lifelong	385	2	50	12518.685	12.518685	False	1	0.133
pro_lifelong	385	3	50	19695.973	19.695973	False	1	0.632
pro_lifelong	385	4	50	6721.537	6.721537	False	1	0.133
pro_lifelong	385	5	50	15933.964	15.933964	False	1	0.133
pro_lifelong	385	6	50	23482.229	23.482229	False	1	0.563
pro_lifelong	385	7	50	10758.853	10.758853	False	1	0.563
pro_lifelong	385	8	50	12906.063	12.906063	False	1	0.563
pro_lifelong	386	1	50	15159.146	15.159146	False	1	0.133
pro_lifelong	386	2	50	13016.736	13.016736	False	1	0.133
pro_lifelong	386	3	50	15756.511	15.756511	False	1	0.487
pro_lifelong	386	4	50	16679.510	16.679510	False	1	0.501
pro_lifelong	386	5	50	25381.543	25.381543	False	1	0.474
pro_lifelong	386	6	50	11373.612	11.373612	False	1	0.133
pro_lifelong	386	7	50	16147.257	16.147257	False	1	0.491
pro_lifelong	386	8	50	23573.627	23.573627	False	1	0.51
pro_lifelong	386	9	50	2120.765	2.120765	False	1	0.133
pro_lifelong	387	1	50	3710.095	3.710095	False	1	0.133
pro_lifelong	387	2	50	4606.141	4.606141	False	1	0.133
pro_lifelong	387	3	50	4430.176	4.430176	False	1	0.133
pro_lifelong	387	4	50	1810.291	1.810291	False	1	0.133
pro_lifelong	388	1	50	2288.982	2.288982	False	1	0.133
pro_lifelong	388	2	50	15685.148	15.685148	False	1	0.133
pro_lifelong	388	3	50	3791.058	3.791058	False	1	0.133
pro_lifelong	388	4	50	6036.211	6.036211	False	1	0.133
pro_lifelong	389	1	50	26696.358	26.696358	True	1	0.914
pro_lifelong	390	1	50	9666.025	9.666025	False	1	0.133
pro_lifelong	390	2	50	5414.130	5.414130	False	1	0.133
pro_lifelong	390	3	50	19529.602	19.529602	False	1	0.419
pro_lifelong	390	4	50	13033.587	13.033587	False	1	0.133
pro_lifelong	390	5	50	2612.548	2.612548	False	1	0.133
pro_lifelong	390	6	50	10355.097	10.355097	False	1	0.133
pro_lifelong	390	7	50	15539.225	15.539225	False	1	0.536
pro_lifelong	390	8	50	14713.213	14.713213	True	1	0.762
pro_lifelong	391	1	50	16086.753	16.086753	False	1	0.402
pro_lifelong	391	2	50	3802.064	3.802064	False	1	0.133
pro_lifelong	391	3	50	9446.275	9.446275	False	1	0.133
pro_lifelong	391	4	50	23292.019	23.292019	True	1	0.887
pro_lifelong	392	1	50	13092.448	13.092448	False	1	0.133
pro_lifelong	392	2	50	13155.475	13.155475	False	1	0.133
pro_lifelong	392	3	50	12907.021	12.907021	False	1	0.133
pro_lifelong	392	4	50	16311.831	16.311831	False	1	0.534
pro_lifelong	392	5	50	18556.770	18.556770	False	1	0.133
pro_lifelong	392	6	50	4920.656	4.920656	False	1	0.133
pro_lifelong	392	7	50	2767.279	2.767279	False	1	0.133
pro_lifelong	392	8	50	12943.675	12.943675	False	1	0.133
pro_lifelong	393	1	50	14664.087	14.664087	False	1	0.133
pro_lifelong	393	2	50	18741.325	18.741325	False	1	0.44
pro_lifelong	393	3	50	10028.334	10.028334	False	1	0.428
pro_lifelong	393	4	50	15910.037	15.910037	False	1	0.448
pro_lifelong	393	5	50	16464.587	16.464587	False	1	0.4
pro_lifelong	393	6	50	21119.081	21.119081	False	1	0.438
pro_lifelong	393	7	50	33817.952	33.817952	False	1	0.575
pro_lifelong	393	8	50	20827.828	20.827828	False	1	0.511
pro_lifelong	393	9	50	18735.088	18.735088	False	1	0.414
pro_lifelong	393	10	50	15498.142	15.498142	False	1	0.424
pro_lifelong	393	11	50	3662.765	3.662765	False	1	0.428
pro_lifelong	393	12	50	16542.147	16.542147	False	1	0.301
pro_lifelong	394	1	50	3066.922	3.066922	False	1	0.133
pro_lifelong	394	2	50	13669.467	13.669467	False	1	0.562
pro_lifelong	394	3	50	5165.482	5.165482	False	1	0.133
pro_lifelong	394	4	50	5435.985	5.435985	False	1	0.133
pro_lifelong	394	5	50	32367.511	32.367511	False	1	0.498
pro_lifelong	394	6	50	1707.632	1.707632	False	1	0.133
pro_lifelong	394	7	50	13085.837	13.085837	False	1	0.133
pro_lifelong	395	1	50	8761.155	8.761155	False	1	0.438
pro_lifelong	395	2	50	20995.987	20.995987	False	1	0.452
pro_lifelong	395	3	50	6363.972	6.363972	False	1	0.438
pro_lifelong	395	4	50	15073.240	15.073240	False	1	0.519
pro_lifelong	395	5	50	19247.511	19.247511	False	1	0.472
pro_lifelong	395	6	50	18055.998	18.055998	False	1	0.503
pro_lifelong	395	7	50	5156.311	5.156311	False	1	0.438
pro_lifelong	395	8	50	20024.386	20.024386	False	1	0.53
pro_lifelong	395	9	50	4435.255	4.435255	False	1	0.438
pro_lifelong	395	10	50	2683.164	2.683164	False	1	0.438
pro_lifelong	395	11	50	4366.913	4.366913	False	1	0.438
pro_lifelong	395	12	50	2604.804	2.604804	False	1	0.438
pro_lifelong	395	13	50	2453.542	2.453542	False	1	0.438
pro_lifelong	396	1	50	15203.164	15.203164	False	1	0.462
pro_lifelong	396	2	50	15636.969	15.636969	False	1	0.439
pro_lifelong	396	3	50	14205.817	14.205817	False	1	0.426
pro_lifelong	396	4	50	13384.615	13.384615	False	1	0.426
pro_lifelong	396	5	50	26187.676	26.187676	False	1	0.488
pro_lifelong	396	6	50	16230.898	16.230898	False	1	0.467
pro_lifelong	396	7	50	16239.688	16.239688	False	1	0.404
pro_lifelong	396	8	50	11314.059	11.314059	False	1	0.426
pro_lifelong	396	9	50	14561.961	14.561961	False	1	0.45
pro_lifelong	396	10	50	27035.597	27.035597	False	1	0.431
pro_lifelong	397	1	50	30199.581	30.199581	False	1	0.486
pro_lifelong	397	2	50	15526.491	15.526491	False	1	0.425
pro_lifelong	397	3	50	17278.675	17.278675	False	1	0.443
pro_lifelong	397	4	50	9639.036	9.639036	False	1	0.425
pro_lifelong	397	5	50	13543.615	13.543615	False	1	0.425
pro_lifelong	397	6	50	27018.668	27.018668	False	1	0.443
pro_lifelong	398	1	50	31681.514	31.681514	False	1	0.449
pro_lifelong	398	2	50	15379.486	15.379486	False	1	0.416
pro_lifelong	398	3	50	18641.248	18.641248	False	1	0.414
pro_lifelong	398	4	50	14867.373	14.867373	False	1	0.543
pro_lifelong	398	5	50	18577.710	18.577710	False	1	0.453
pro_lifelong	398	6	50	16820.220	16.820220	False	1	0.457
pro_lifelong	398	7	50	21661.916	21.661916	False	1	0.437
pro_lifelong	398	8	50	12741.212	12.741212	False	1	0.443
pro_lifelong	398	9	50	9421.018	9.421018	False	1	0.439
pro_lifelong	399	1	50	19321.284	19.321284	False	1	0.494
pro_lifelong	399	2	50	2519.435	2.519435	False	1	0.133
pro_lifelong	399	3	50	9653.768	9.653768	False	1	0.133
pro_lifelong	399	4	50	34140.984	34.140984	False	1	0.133
pro_lifelong	399	5	50	15871.013	15.871013	False	1	0.467
pro_lifelong	399	6	50	22070.810	22.070810	True	1	0.828
pro_warm_up	0	1	50	22792.962	22.792962	False	1	0.379
pro_warm_up	0	2	50	5559.257	5.559257	False	1	0.133
pro_warm_up	0	3	50	18703.623	18.703623	False	1	0.361
pro_warm_up	0	4	50	13735.884	13.735884	False	1	0.499
pro_warm_up	0	5	50	13869.477	13.869477	False	1	0.406
pro_warm_up	0	6	50	15916.908	15.916908	False	1	0.462
pro_warm_up	0	7	50	17260.451	17.260451	False	1	0.412
pro_warm_up	0	8	50	18294.368	18.294368	False	1	0.386
pro_warm_up	0	9	50	6852.467	6.852467	False	1	0.133
pro_warm_up	1	1	50	12600.665	12.600665	False	1	0.133
pro_warm_up	1	2	50	12456.701	12.456701	False	1	0.534
pro_warm_up	1	3	50	6944.757	6.944757	False	1	0.133
pro_warm_up	1	4	50	12253.422	12.253422	False	1	0.133
pro_warm_up	1	5	50	10636.257	10.636257	False	1	0.133
pro_warm_up	1	6	50	9749.488	9.749488	False	1	0.499
pro_warm_up	1	7	50	11401.636	11.401636	False	1	0.133
pro_warm_up	2	1	50	12037.449	12.037449	False	1	0.133
pro_warm_up	2	2	50	17512.602	17.512602	False	1	0.404
pro_warm_up	2	3	50	4270.592	4.270592	False	1	0.133
pro_warm_up	2	4	50	16427.043	16.427043	False	1	0.41
pro_warm_up	2	5	50	13841.234	13.841234	False	1	0.133
pro_warm_up	2	6	50	14185.916	14.185916	False	1	0.133
pro_warm_up	2	7	50	17207.474	17.207474	False	1	0.416
pro_warm_up	2	8	50	11155.810	11.155810	False	1	0.133
pro_warm_up	2	9	50	19717.085	19.717085	False	1	0.402
pro_warm_up	2	10	50	23531.931	23.531931	False	1	0.432
pro_warm_up	2	11	50	1844.624	1.844624	False	1	0.133
pro_warm_up	2	12	50	13823.009	13.823009	False	1	0.448
pro_warm_up	2	13	50	2549.231	2.549231	False	1	0.133
pro_warm_up	2	14	50	11363.744	11.363744	False	1	0.133
pro_warm_up	2	15	50	19746.147	19.746147	False	1	0.506
pro_warm_up	2	16	50	1201.497	1.201497	False	1	0.133
pro_warm_up	2	17	50	18053.575	18.053575	False	1	0.456
pro_warm_up	2	18	50	12190.857	12.190857	False	1	0.133
pro_warm_up	2	19	50	3975.439	3.975439	False	1	0.133
pro_warm_up	2	20	50	25607.370	25.607370	False	1	0.476
pro_warm_up	3	1	50	13815.225	13.815225	False	1	0.425
pro_warm_up	3	2	50	19817.667	19.817667	False	1	0.4
pro_warm_up	3	3	50	18820.719	18.820719	False	1	0.391
pro_warm_up	3	4	50	17006.177	17.006177	False	1	0.393
pro_warm_up	3	5	50	15475.572	15.475572	False	1	0.133
pro_warm_up	3	6	50	13693.538	13.693538	False	1	0.589
pro_warm_up	3	7	50	18514.677	18.514677	False	1	0.393
pro_warm_up	3	8	50	13085.700	13.085700	True	1	0.755
pro_warm_up	3	9	50	13655.265	13.655265	False	1	0.424
pro_warm_up	3	10	50	15638.031	15.638031	False	1	0.407
pro_warm_up	3	11	50	19094.261	19.094261	False	1	0.414
pro_warm_up	3	12	50	14792.781	14.792781	False	1	0.457
pro_warm_up	3	13	50	10430.067	10.430067	True	1	0.755
pro_warm_up	4	1	50	13332.132	13.332132	False	1	0.133
pro_warm_up	4	2	50	9744.797	9.744797	False	1	0.133
pro_warm_up	4	3	50	12214.919	12.214919	False	1	0.41
pro_warm_up	4	4	50	14279.740	14.279740	False	1	0.498
pro_warm_up	4	5	50	14456.896	14.456896	False	1	0.499
pro_warm_up	4	6	50	6542.336	6.542336	False	1	0.133
pro_warm_up	4	7	50	2131.154	2.131154	False	1	0.133
pro_warm_up	4	8	50	21237.466	21.237466	False	1	0.511
pro_warm_up	4	9	50	18077.453	18.077453	False	1	0.511
pro_warm_up	4	10	50	20833.415	20.833415	False	1	0.536
pro_warm_up	4	11	50	1779.736	1.779736	False	1	0.133
pro_warm_up	4	12	50	1707.776	1.707776	False	1	0.133
pro_warm_up	4	13	50	11849.539	11.849539	False	1	0.133
pro_warm_up	4	14	50	16726.794	16.726794	False	1	0.443
pro_warm_up	4	15	50	15116.277	15.116277	False	1	0.133
pro_warm_up	5	1	50	5912.820	5.912820	False	1	0.133
pro_warm_up	5	2	50	4495.446	4.495446	False	1	0.133
pro_warm_up	5	3	50	16663.601	16.663601	False	1	0.471
pro_warm_up	5	4	50	16547.545	16.547545	False	1	0.421
pro_warm_up	5	5	50	14753.811	14.753811	False	1	0.398
pro_warm_up	5	6	50	2649.854	2.649854	False	1	0.133
pro_warm_up	5	7	50	11185.432	11.185432	False	1	0.133
pro_warm_up	5	8	50	10212.950	10.212950	False	1	0.133
pro_warm_up	6	1	50	4812.201	4.812201	False	1	0.133
pro_warm_up	6	2	50	13207.762	13.207762	False	1	0.48
pro_warm_up	6	3	50	13761.252	13.761252	False	1	0.53
pro_warm_up	6	4	50	4661.850	4.661850	False	1	0.133
pro_warm_up	6	5	50	13720.476	13.720476	False	1	0.436
pro_warm_up	6	6	50	5050.604	5.050604	False	1	0.133
pro_warm_up	6	7	50	16916.401	16.916401	False	1	0.479
pro_warm_up	6	8	50	4577.609	4.577609	False	1	0.133
pro_warm_up	7	1	50	16602.454	16.602454	False	1	0.415
pro_warm_up	7	2	50	15148.494	15.148494	False	1	0.511
pro_warm_up	7	3	50	4472.093	4.472093	False	1	0.133
pro_warm_up	7	4	50	14657.072	14.657072	False	1	0.133
pro_warm_up	7	5	50	12227.415	12.227415	False	1	0.133
pro_warm_up	7	6	50	9355.634	9.355634	False	1	0.133
pro_warm_up	8	1	50	16205.403	16.205403	False	1	0.491
pro_warm_up	8	2	50	15737.350	15.737350	False	1	0.455
pro_warm_up	8	3	50	14566.684	14.566684	False	1	0.423
pro_warm_up	8	4	50	12926.647	12.926647	False	1	0.133
pro_warm_up	8	5	50	16424.351	16.424351	False	1	0.485
pro_warm_up	8	6	50	5029.496	5.029496	False	1	0.133
pro_warm_up	9	1	50	22676.590	22.676590	False	1	0.38
pro_warm_up	9	2	50	4760.020	4.760020	False	1	0.133
pro_warm_up	9	3	50	2112.169	2.112169	False	1	0.133
pro_warm_up	9	4	50	11739.777	11.739777	False	1	0.133
pro_warm_up	9	5	50	9617.206	9.617206	False	1	0.133
pro_warm_up	10	1	50	9927.979	9.927979	False	1	0.499
pro_warm_up	10	2	50	13159.594	13.159594	False	1	0.133
pro_warm_up	10	3	50	2323.863	2.323863	False	1	0.133
pro_warm_up	10	4	50	18260.559	18.260559	False	1	0.386
pro_warm_up	10	5	50	12845.195	12.845195	False	1	0.133
pro_warm_up	10	6	50	17175.780	17.175780	False	1	0.448
pro_warm_up	11	1	50	15361.157	15.361157	False	1	0.431
pro_warm_up	11	2	50	17368.573	17.368573	False	1	0.348
pro_warm_up	11	3	50	5593.290	5.593290	False	1	0.133
pro_warm_up	11	4	50	11042.545	11.042545	False	1	0.133
pro_warm_up	11	5	50	2937.422	2.937422	False	1	0.133
pro_warm_up	11	6	50	15525.531	15.525531	False	1	0.443
pro_warm_up	11	7	50	2486.051	2.486051	False	1	0.133
pro_warm_up	11	8	50	4180.233	4.180233	False	1	0.133
pro_warm_up	11	9	50	16201.613	16.201613	False	1	0.133
pro_warm_up	11	10	50	20690.461	20.690461	False	1	0.453
pro_warm_up	11	11	50	17911.318	17.911318	False	1	0.133
pro_warm_up	11	12	50	18823.471	18.823471	False	1	0.469
pro_warm_up	11	13	50	18750.103	18.750103	False	1	0.466
pro_warm_up	11	14	50	3467.913	3.467913	False	1	0.133
pro_warm_up	11	15	50	17371.276	17.371276	False	1	0.411
pro_warm_up	11	16	50	22922.393	22.922393	False	1	0.491
pro_warm_up	11	17	50	3282.264	3.282264	False	1	0.133
pro_warm_up	11	18	50	15549.894	15.549894	False	1	0.416
pro_warm_up	11	19	50	17238.788	17.238788	False	1	0.434
pro_warm_up	11	20	50	16901.335	16.901335	False	1	0.133
pro_warm_up	11	21	50	4990.040	4.990040	False	1	0.133
pro_warm_up	12	1	50	18270.726	18.270726	False	1	0.416
pro_warm_up	12	2	50	6880.355	6.880355	False	1	0.133
pro_warm_up	12	3	50	17473.050	17.473050	False	1	0.42
pro_warm_up	12	4	50	17477.420	17.477420	False	1	0.449
pro_warm_up	12	5	50	21041.133	21.041133	False	1	0.133
pro_warm_up	12	6	50	17134.968	17.134968	False	1	0.418
pro_warm_up	12	7	50	8156.895	8.156895	False	1	0.133
pro_warm_up	12	8	50	5565.970	5.565970	False	1	0.133
pro_warm_up	12	9	50	22281.849	22.281849	False	1	0.133
pro_warm_up	13	1	50	12455.278	12.455278	False	1	0.133
pro_warm_up	13	2	50	6653.157	6.653157	False	1	0.409
pro_warm_up	13	3	50	16689.129	16.689129	False	1	0.506
pro_warm_up	13	4	50	13440.925	13.440925	False	1	0.534
pro_warm_up	13	5	50	17148.723	17.148723	False	1	0.473
pro_warm_up	13	6	50	18009.704	18.009704	False	1	0.366
pro_warm_up	13	7	50	16351.216	16.351216	False	1	0.448
pro_warm_up	13	8	50	11665.079	11.665079	False	1	0.133
pro_warm_up	13	9	50	17603.027	17.603027	False	1	0.412
pro_warm_up	14	1	50	19642.169	19.642169	False	1	0.436
pro_warm_up	14	2	50	13373.462	13.373462	False	1	0.468
pro_warm_up	14	3	50	5740.239	5.740239	False	1	0.133
pro_warm_up	14	4	50	19360.549	19.360549	False	1	0.34
pro_warm_up	14	5	50	16618.427	16.618427	False	1	0.434
pro_warm_up	14	6	50	9833.606	9.833606	False	1	0.133
pro_warm_up	14	7	50	4828.522	4.828522	False	1	0.133
pro_warm_up	15	1	50	16735.214	16.735214	False	1	0.36
pro_warm_up	15	2	50	2229.976	2.229976	False	1	0.133
pro_warm_up	15	3	50	11707.446	11.707446	False	1	0.133
pro_warm_up	15	4	50	3298.960	3.298960	False	1	0.133
pro_warm_up	15	5	50	36694.903	36.694903	False	1	0.473
pro_warm_up	15	6	50	2121.014	2.121014	False	1	0.133
pro_warm_up	15	7	50	14703.624	14.703624	False	1	0.133
pro_warm_up	15	8	50	14328.572	14.328572	False	1	0.133
pro_warm_up	15	9	50	22662.739	22.662739	False	1	0.428
pro_warm_up	15	10	50	28994.851	28.994851	False	1	0.45
pro_warm_up	16	1	50	3503.365	3.503365	False	1	0.133
pro_warm_up	16	2	50	4135.090	4.135090	False	1	0.133
pro_warm_up	16	3	50	18847.904	18.847904	False	1	0.474
pro_warm_up	16	4	50	15075.858	15.075858	False	1	0.385
pro_warm_up	16	5	50	19862.755	19.862755	False	1	0.463
pro_warm_up	16	6	50	17302.785	17.302785	True	1	0.786
pro_warm_up	16	7	50	9933.063	9.933063	False	1	0.133
pro_warm_up	16	8	50	3943.763	3.943763	False	1	0.133
pro_warm_up	16	9	50	9560.843	9.560843	True	1	0.876
pro_warm_up	16	10	50	17631.564	17.631564	False	1	0.445
pro_warm_up	16	11	50	13615.404	13.615404	False	1	0.416
pro_warm_up	16	12	50	16002.873	16.002873	False	1	0.425
pro_warm_up	16	13	50	14889.791	14.889791	False	1	0.133
pro_warm_up	16	14	50	18677.147	18.677147	False	1	0.133
pro_warm_up	17	1	50	15032.535	15.032535	False	1	0.423
pro_warm_up	17	2	50	5170.028	5.170028	False	1	0.133
pro_warm_up	17	3	50	13200.397	13.200397	False	1	0.414
pro_warm_up	17	4	50	17364.280	17.364280	False	1	0.472
pro_warm_up	17	5	50	17086.109	17.086109	False	1	0.133
pro_warm_up	17	6	50	15623.568	15.623568	True	1	0.787
pro_warm_up	17	7	50	1478.924	1.478924	False	1	0.133
pro_warm_up	17	8	50	9271.293	9.271293	False	1	0.133
pro_warm_up	17	9	50	3016.339	3.016339	False	1	0.133
pro_warm_up	17	10	50	13943.319	13.943319	False	1	0.133
pro_warm_up	18	1	50	9901.457	9.901457	False	1	0.133
pro_warm_up	18	2	50	17300.307	17.300307	False	1	0.427
pro_warm_up	18	3	50	16800.411	16.800411	False	1	0.133
pro_warm_up	18	4	50	2727.965	2.727965	False	1	0.133
pro_warm_up	18	5	50	20130.024	20.130024	False	1	0.383
pro_warm_up	18	6	50	16110.110	16.110110	False	1	0.472
pro_warm_up	18	7	50	10567.236	10.567236	False	1	0.133
pro_warm_up	18	8	50	16389.079	16.389079	False	1	0.481
pro_warm_up	18	9	50	15131.414	15.131414	False	1	0.491
pro_warm_up	18	10	50	4196.289	4.196289	False	1	0.133
pro_warm_up	18	11	50	16719.881	16.719881	False	1	0.457
pro_warm_up	18	12	50	2982.815	2.982815	False	1	0.133
pro_warm_up	18	13	50	16622.359	16.622359	False	1	0.502
pro_warm_up	18	14	50	16322.540	16.322540	False	1	0.416
pro_warm_up	18	15	50	16727.255	16.727255	False	1	0.43
pro_warm_up	18	16	50	16619.609	16.619609	False	1	0.465
pro_warm_up	18	17	50	11701.135	11.701135	False	1	0.133
pro_warm_up	18	18	50	3066.609	3.066609	False	1	0.133
pro_warm_up	19	1	50	14444.959	14.444959	False	1	0.409
pro_warm_up	19	2	50	16565.195	16.565195	False	1	0.413
pro_warm_up	19	3	50	3644.257	3.644257	False	1	0.133
pro_warm_up	19	4	50	2677.846	2.677846	False	1	0.133
pro_warm_up	19	5	50	1811.427	1.811427	False	1	0.133
pro_warm_up	19	6	50	14511.334	14.511334	False	1	0.537
pro_warm_up	19	7	50	20005.720	20.005720	False	1	0.38
pro_warm_up	19	8	50	17504.757	17.504757	False	1	0.409
pro_warm_up	19	9	50	11146.466	11.146466	False	1	0.133
pro_warm_up	19	10	50	20242.187	20.242187	False	1	0.494
pro_warm_up	19	11	50	13234.617	13.234617	False	1	0.133
pro_warm_up	20	1	50	14485.327	14.485327	False	1	0.133
pro_warm_up	20	2	50	12491.456	12.491456	False	1	0.133
pro_warm_up	20	3	50	16654.140	16.654140	False	1	0.423
pro_warm_up	20	4	50	19338.688	19.338688	False	1	0.485
pro_warm_up	20	5	50	4115.714	4.115714	False	1	0.133
pro_warm_up	20	6	50	17660.807	17.660807	False	1	0.409
pro_warm_up	20	7	50	16361.872	16.361872	False	1	0.432
pro_warm_up	20	8	50	14580.865	14.580865	False	1	0.133
pro_warm_up	20	9	50	18159.017	18.159017	False	1	0.426
pro_warm_up	21	1	50	12579.866	12.579866	False	1	0.133
pro_warm_up	21	2	50	2361.622	2.361622	False	1	0.133
pro_warm_up	21	3	50	17620.396	17.620396	False	1	0.414
pro_warm_up	21	4	50	6225.681	6.225681	False	1	0.133
pro_warm_up	21	5	50	17009.369	17.009369	False	1	0.447
pro_warm_up	21	6	50	16484.192	16.484192	False	1	0.426
pro_warm_up	21	7	50	9208.742	9.208742	False	1	0.133
pro_warm_up	21	8	50	18784.823	18.784823	False	1	0.459
pro_warm_up	21	9	50	14275.631	14.275631	False	1	0.133
pro_warm_up	21	10	50	21462.393	21.462393	False	1	0.453
pro_warm_up	21	11	50	12996.195	12.996195	False	1	0.133
pro_warm_up	21	12	50	15047.763	15.047763	False	1	0.405
pro_warm_up	21	13	50	16442.058	16.442058	False	1	0.499
pro_warm_up	21	14	50	10886.178	10.886178	False	1	0.133
pro_warm_up	21	15	50	28466.949	28.466949	True	1	0.736
pro_warm_up	21	16	50	8022.375	8.022375	False	1	0.499
pro_warm_up	21	17	50	18374.138	18.374138	False	1	0.436
pro_warm_up	21	18	50	19152.037	19.152037	False	1	0.133
pro_warm_up	21	19	50	20200.685	20.200685	False	1	0.434
pro_warm_up	21	20	50	8883.759	8.883759	False	1	0.133
pro_warm_up	22	1	50	21858.768	21.858768	False	1	0.378
pro_warm_up	22	2	50	26116.151	26.116151	False	1	0.503
pro_warm_up	22	3	50	18509.496	18.509496	False	1	0.133
pro_warm_up	22	4	50	12900.975	12.900975	False	1	0.419
pro_warm_up	22	5	50	14899.588	14.899588	False	1	0.133
pro_warm_up	22	6	50	25681.876	25.681876	False	1	0.434
pro_warm_up	22	7	50	8285.449	8.285449	False	1	0.419
pro_warm_up	23	1	50	14643.490	14.643490	False	1	0.133
pro_warm_up	23	2	50	3476.187	3.476187	False	1	0.133
pro_warm_up	23	3	50	4192.161	4.192161	False	1	0.133
pro_warm_up	23	4	50	11010.025	11.010025	False	1	0.133
pro_warm_up	24	1	50	15996.027	15.996027	False	1	0.418
pro_warm_up	24	2	50	18821.075	18.821075	False	1	0.439
pro_warm_up	24	3	50	16956.885	16.956885	False	1	0.449
pro_warm_up	24	4	50	16323.425	16.323425	False	1	0.447
pro_warm_up	24	5	50	10563.752	10.563752	False	1	0.133
pro_warm_up	24	6	50	13074.137	13.074137	False	1	0.467
pro_warm_up	24	7	50	17391.986	17.391986	False	1	0.51
pro_warm_up	24	8	50	15222.868	15.222868	False	1	0.133
pro_warm_up	24	9	50	18658.314	18.658314	False	1	0.449
pro_warm_up	24	10	50	2735.151	2.735151	False	1	0.133
pro_warm_up	24	11	50	14130.485	14.130485	False	1	0.133
pro_warm_up	24	12	50	16168.760	16.168760	False	1	0.133
pro_warm_up	25	1	50	13866.399	13.866399	False	1	0.133
pro_warm_up	25	2	50	18679.530	18.679530	False	1	0.364
pro_warm_up	25	3	50	6036.331	6.036331	False	1	0.133
pro_warm_up	25	4	50	17272.804	17.272804	False	1	0.418
pro_warm_up	25	5	50	2915.082	2.915082	False	1	0.133
pro_warm_up	25	6	50	16194.479	16.194479	False	1	0.37
pro_warm_up	25	7	50	18572.245	18.572245	False	1	0.372
pro_warm_up	25	8	50	15690.237	15.690237	False	1	0.133
pro_warm_up	25	9	50	19536.156	19.536156	False	1	0.385
pro_warm_up	26	1	50	15983.137	15.983137	False	1	0.471
pro_warm_up	26	2	50	17201.618	17.201618	False	1	0.482
pro_warm_up	26	3	50	29903.031	29.903031	False	1	0.41
pro_warm_up	26	4	50	29448.945	29.448945	False	1	0.563
pro_warm_up	26	5	50	6456.947	6.456947	False	1	0.133
pro_warm_up	26	6	50	3702.736	3.702736	False	1	0.133
pro_warm_up	26	7	50	11925.595	11.925595	False	1	0.133
pro_warm_up	26	8	50	24090.750	24.090750	False	1	0.424
pro_warm_up	26	9	50	16659.172	16.659172	False	1	0.133
pro_warm_up	27	1	50	4617.271	4.617271	False	1	0.133
pro_warm_up	27	2	50	4163.462	4.163462	False	1	0.133
pro_warm_up	27	3	50	15954.196	15.954196	False	1	0.447
pro_warm_up	27	4	50	14542.364	14.542364	False	1	0.133
pro_warm_up	27	5	50	20228.573	20.228573	False	1	0.409
pro_warm_up	27	6	50	16728.690	16.728690	False	1	0.43
pro_warm_up	27	7	50	13000.416	13.000416	False	1	0.133
pro_warm_up	27	8	50	8675.689	8.675689	False	1	0.133
pro_warm_up	28	1	50	11633.742	11.633742	False	1	0.133
pro_warm_up	28	2	50	25643.839	25.643839	False	1	0.133
pro_warm_up	28	3	50	13560.248	13.560248	False	1	0.133
pro_warm_up	28	4	50	4175.669	4.175669	False	1	0.133
pro_warm_up	29	1	50	15595.386	15.595386	False	1	0.522
pro_warm_up	29	2	50	2627.548	2.627548	False	1	0.133
pro_warm_up	29	3	50	7842.357	7.842357	False	1	0.133
pro_warm_up	29	4	50	2882.724	2.882724	False	1	0.133
pro_warm_up	29	5	50	16749.325	16.749325	False	1	0.492
pro_warm_up	29	6	50	14945.529	14.945529	False	1	0.457
pro_warm_up	30	1	50	5412.199	5.412199	False	1	0.133
pro_warm_up	30	2	50	2657.848	2.657848	False	1	0.133
pro_warm_up	30	3	50	10946.811	10.946811	False	1	0.133
pro_warm_up	30	4	50	2034.537	2.034537	False	1	0.133
pro_warm_up	31	1	50	13740.415	13.740415	False	1	0.133
pro_warm_up	31	2	50	17202.849	17.202849	False	1	0.501
pro_warm_up	31	3	50	18487.240	18.487240	False	1	0.481
pro_warm_up	31	4	50	2257.822	2.257822	False	1	0.133
pro_warm_up	31	5	50	20631.010	20.631010	False	1	0.56
pro_warm_up	31	6	50	29280.732	29.280732	False	1	0.133
pro_warm_up	31	7	50	15520.948	15.520948	False	1	0.515
pro_warm_up	31	8	50	21563.519	21.563519	False	1	0.453
pro_warm_up	31	9	50	15840.510	15.840510	False	1	0.133
pro_warm_up	31	10	50	12587.780	12.587780	False	1	0.464
pro_warm_up	32	1	50	4752.602	4.752602	False	1	0.133
pro_warm_up	32	2	50	2288.652	2.288652	False	1	0.133
pro_warm_up	32	3	50	17859.661	17.859661	False	1	0.421
pro_warm_up	32	4	50	19817.400	19.817400	False	1	0.396
pro_warm_up	32	5	50	9225.081	9.225081	False	1	0.133
pro_warm_up	32	6	50	4195.158	4.195158	False	1	0.133
pro_warm_up	32	7	50	17386.361	17.386361	False	1	0.431
pro_warm_up	32	8	50	19606.478	19.606478	False	1	0.488
pro_warm_up	32	9	50	10604.215	10.604215	False	1	0.133
pro_warm_up	32	10	50	17122.154	17.122154	False	1	0.411
pro_warm_up	32	11	50	16474.825	16.474825	False	1	0.413
pro_warm_up	32	12	50	9380.326	9.380326	False	1	0.133
pro_warm_up	32	13	50	20353.434	20.353434	False	1	0.133
pro_warm_up	33	1	50	3286.299	3.286299	False	1	0.133
pro_warm_up	33	2	50	2488.067	2.488067	False	1	0.133
pro_warm_up	33	3	50	10870.620	10.870620	False	1	0.133
pro_warm_up	33	4	50	4895.850	4.895850	False	1	0.133
pro_warm_up	34	1	50	7523.858	7.523858	False	1	0.409
pro_warm_up	34	2	50	4489.962	4.489962	False	1	0.409
pro_warm_up	34	3	50	17533.063	17.533063	False	1	0.465
pro_warm_up	34	4	50	11943.116	11.943116	False	1	0.133
pro_warm_up	34	5	50	17831.235	17.831235	False	1	0.363
pro_warm_up	34	6	50	18536.197	18.536197	False	1	0.491
pro_warm_up	34	7	50	3559.953	3.559953	False	1	0.409
pro_warm_up	34	8	50	13950.964	13.950964	False	1	0.412
pro_warm_up	34	9	50	13982.213	13.982213	False	1	0.435
pro_warm_up	34	10	50	15554.729	15.554729	False	1	0.397
pro_warm_up	34	11	50	1795.110	1.795110	False	1	0.409
pro_warm_up	35	1	50	21747.645	21.747645	False	1	0.462
pro_warm_up	35	2	50	21658.945	21.658945	False	1	0.406
pro_warm_up	35	3	50	3792.979	3.792979	False	1	0.133
pro_warm_up	35	4	50	5147.029	5.147029	False	1	0.133
pro_warm_up	35	5	50	12915.708	12.915708	False	1	0.133
pro_warm_up	35	6	50	18686.181	18.686181	False	1	0.412
pro_warm_up	36	1	50	17093.575	17.093575	False	1	0.477
pro_warm_up	36	2	50	18101.236	18.101236	False	1	0.51
pro_warm_up	36	3	50	18314.797	18.314797	False	1	0.492
pro_warm_up	36	4	50	12864.666	12.864666	True	1	0.813
pro_warm_up	36	5	50	14688.208	14.688208	False	1	0.133
pro_warm_up	36	6	50	13276.512	13.276512	False	1	0.133
pro_warm_up	36	7	50	10510.858	10.510858	False	1	0.133
pro_warm_up	36	8	50	12279.005	12.279005	False	1	0.133
pro_warm_up	37	1	50	22777.457	22.777457	False	1	0.434
pro_warm_up	37	2	50	6331.969	6.331969	False	1	0.133
pro_warm_up	37	3	50	7465.472	7.465472	False	1	0.133
pro_warm_up	37	4	50	13971.216	13.971216	False	1	0.475
pro_warm_up	37	5	50	16869.883	16.869883	False	1	0.515
pro_warm_up	37	6	50	15695.987	15.695987	False	1	0.52
pro_warm_up	37	7	50	16825.842	16.825842	False	1	0.357
pro_warm_up	37	8	50	15193.204	15.193204	False	1	0.133
pro_warm_up	37	9	50	4034.314	4.034314	False	1	0.133
pro_warm_up	37	10	50	15308.246	15.308246	False	1	0.487
pro_warm_up	38	1	50	11138.644	11.138644	False	1	0.133
pro_warm_up	38	2	50	3220.977	3.220977	False	1	0.133
pro_warm_up	38	3	50	13155.240	13.155240	False	1	0.133
pro_warm_up	38	4	50	11219.035	11.219035	False	1	0.133
pro_warm_up	39	1	50	12553.651	12.553651	False	1	0.491
pro_warm_up	39	2	50	13533.992	13.533992	False	1	0.494
pro_warm_up	39	3	50	10532.579	10.532579	False	1	0.133
pro_warm_up	39	4	50	3822.143	3.822143	False	1	0.133
pro_warm_up	39	5	50	3947.965	3.947965	False	1	0.133
pro_warm_up	39	6	50	16336.430	16.336430	False	1	0.443
pro_warm_up	40	1	50	19381.621	19.381621	False	1	0.447
pro_warm_up	40	2	50	16940.530	16.940530	False	1	0.431
pro_warm_up	40	3	50	16539.673	16.539673	False	1	0.426
pro_warm_up	40	4	50	2945.181	2.945181	False	1	0.133
pro_warm_up	40	5	50	16028.775	16.028775	False	1	0.454
pro_warm_up	40	6	50	19788.880	19.788880	False	1	0.406
pro_warm_up	41	1	50	14265.081	14.265081	False	1	0.568
pro_warm_up	41	2	50	13464.488	13.464488	False	1	0.133
pro_warm_up	41	3	50	10160.470	10.160470	False	1	0.133
pro_warm_up	41	4	50	2857.094	2.857094	False	1	0.133
pro_warm_up	41	5	50	19691.542	19.691542	False	1	0.462
pro_warm_up	41	6	50	1730.211	1.730211	False	1	0.133
pro_warm_up	42	1	50	9859.760	9.859760	False	1	0.424
pro_warm_up	42	2	50	3567.543	3.567543	False	1	0.424
pro_warm_up	42	3	50	3512.269	3.512269	False	1	0.424
pro_warm_up	42	4	50	21153.781	21.153781	False	1	0.419
pro_warm_up	42	5	50	18583.067	18.583067	False	1	0.396
pro_warm_up	42	6	50	3555.319	3.555319	False	1	0.424
pro_warm_up	43	1	50	6267.103	6.267103	False	1	0.439
pro_warm_up	43	2	50	19592.650	19.592650	False	1	0.44
pro_warm_up	43	3	50	3238.148	3.238148	False	1	0.439
pro_warm_up	43	4	50	15690.811	15.690811	True	1	0.76
pro_warm_up	43	5	50	3388.365	3.388365	False	1	0.439
pro_warm_up	43	6	50	16607.309	16.607309	False	1	0.51
pro_warm_up	43	7	50	2347.488	2.347488	False	1	0.439
pro_warm_up	43	8	50	31661.358	31.661358	False	1	0.487
pro_warm_up	43	9	50	15214.736	15.214736	False	1	0.133
pro_warm_up	44	1	50	21410.130	21.410130	False	1	0.474
pro_warm_up	44	2	50	3550.211	3.550211	False	1	0.133
pro_warm_up	44	3	50	11756.693	11.756693	False	1	0.133
pro_warm_up	44	4	50	8564.613	8.564613	False	1	0.133
pro_warm_up	44	5	50	11372.131	11.372131	False	1	0.133
pro_warm_up	45	1	50	5766.071	5.766071	False	1	0.133
pro_warm_up	45	2	50	14211.615	14.211615	False	1	0.133
pro_warm_up	45	3	50	16039.922	16.039922	False	1	0.447
pro_warm_up	45	4	50	4334.677	4.334677	False	1	0.133
pro_warm_up	45	5	50	2905.686	2.905686	False	1	0.133
pro_warm_up	45	6	50	5713.296	5.713296	False	1	0.133
pro_warm_up	45	7	50	29179.589	29.179589	False	1	0.133
pro_warm_up	46	1	50	3682.121	3.682121	False	1	0.133
pro_warm_up	46	2	50	17015.398	17.015398	False	1	0.546
pro_warm_up	46	3	50	11045.157	11.045157	False	1	0.133
pro_warm_up	46	4	50	2577.827	2.577827	False	1	0.133
pro_warm_up	46	5	50	11667.501	11.667501	False	1	0.133
pro_warm_up	46	6	50	4588.989	4.588989	False	1	0.133
pro_warm_up	47	1	50	14908.965	14.908965	False	1	0.404
pro_warm_up	47	2	50	14533.217	14.533217	False	1	0.459
pro_warm_up	47	3	50	19160.023	19.160023	False	1	0.354
pro_warm_up	47	4	50	4640.234	4.640234	False	1	0.133
pro_warm_up	47	5	50	12085.937	12.085937	False	1	0.133
pro_warm_up	47	6	50	29780.535	29.780535	True	1	0.843
pro_warm_up	47	7	50	24171.944	24.171944	False	1	0.453
pro_warm_up	47	8	50	4836.163	4.836163	False	1	0.133
pro_warm_up	47	9	50	3076.573	3.076573	False	1	0.133
pro_warm_up	47	10	50	3052.336	3.052336	False	1	0.133
pro_warm_up	47	11	50	22140.360	22.140360	False	1	0.443
pro_warm_up	48	1	50	15076.785	15.076785	False	1	0.449
pro_warm_up	48	2	50	2862.888	2.862888	False	1	0.133
pro_warm_up	48	3	50	44414.064	44.414064	False	1	0.484
pro_warm_up	48	4	50	9781.599	9.781599	False	1	0.133
pro_warm_up	48	5	50	1932.347	1.932347	False	1	0.133
pro_warm_up	48	6	50	12016.814	12.016814	False	1	0.133
pro_warm_up	48	7	50	3000.195	3.000195	False	1	0.133
pro_warm_up	49	1	50	33947.095	33.947095	False	1	0.512
pro_warm_up	49	2	50	12293.208	12.293208	False	1	0.133
pro_warm_up	49	3	50	1601.123	1.601123	False	1	0.133
pro_warm_up	49	4	50	8715.142	8.715142	False	1	0.133
pro_warm_up	49	5	50	11800.784	11.800784	False	1	0.133
pro_lifelong	0	1	50	11533.248	11.533248	False	1	0.585
pro_lifelong	0	2	50	1708.569	1.708569	False	1	0.585
pro_lifelong	0	3	50	12530.123	12.530123	False	1	0.585
pro_lifelong	0	4	50	11610.893	11.610893	False	1	0.133
pro_lifelong	0	5	50	3554.564	3.554564	False	1	0.585
pro_lifelong	0	6	50	12257.544	12.257544	False	1	0.585
pro_lifelong	1	1	50	16274.819	16.274819	False	1	0.418
pro_lifelong	1	2	50	17326.882	17.326882	False	1	0.348
pro_lifelong	1	3	50	27846.408	27.846408	False	1	0.133
pro_lifelong	1	4	50	10543.442	10.543442	False	1	0.385
pro_lifelong	1	5	50	15587.024	15.587024	False	1	0.133
pro_lifelong	1	6	50	4442.049	4.442049	False	1	0.385
pro_lifelong	2	1	50	21815.399	21.815399	False	1	0.459
pro_lifelong	2	2	50	19194.841	19.194841	False	1	0.133
pro_lifelong	2	3	50	15955.169	15.955169	False	1	0.133
pro_lifelong	2	4	50	3265.493	3.265493	False	1	0.133
pro_lifelong	2	5	50	12761.243	12.761243	False	1	0.133
pro_lifelong	3	1	50	11692.741	11.692741	False	1	0.133
pro_lifelong	3	2	50	3514.577	3.514577	False	1	0.133
pro_lifelong	3	3	50	4045.206	4.045206	False	1	0.133
pro_lifelong	3	4	50	10496.790	10.496790	False	1	0.436
pro_lifelong	3	5	50	10832.110	10.832110	False	1	0.499
pro_lifelong	3	6	50	9117.312	9.117312	False	1	0.133
pro_lifelong	3	7	50	3877.814	3.877814	False	1	0.133
pro_lifelong	3	8	50	2847.014	2.847014	False	1	0.133
pro_lifelong	3	9	50	16038.552	16.038552	False	1	0.478
pro_lifelong	3	10	50	3859.243	3.859243	False	1	0.133
pro_lifelong	4	1	50	4299.114	4.299114	False	1	0.133
pro_lifelong	4	2	50	14429.717	14.429717	False	1	0.133
pro_lifelong	4	3	50	26379.416	26.379416	False	1	0.493
pro_lifelong	4	4	50	2501.995	2.501995	False	1	0.133
pro_lifelong	4	5	50	2292.692	2.292692	False	1	0.133
pro_lifelong	4	6	50	2873.528	2.873528	False	1	0.133
pro_lifelong	4	7	50	13155.775	13.155775	False	1	0.133
pro_lifelong	5	1	50	18252.333	18.252333	False	1	0.438
pro_lifelong	5	2	50	26922.068	26.922068	False	1	0.487
pro_lifelong	5	3	50	5684.022	5.684022	False	1	0.133
pro_lifelong	5	4	50	12693.193	12.693193	False	1	0.133
pro_lifelong	5	5	50	16378.259	16.378259	False	1	0.473
pro_lifelong	5	6	50	13289.668	13.289668	False	1	0.133
pro_lifelong	5	7	50	4178.234	4.178234	False	1	0.133
pro_lifelong	6	1	50	17377.360	17.377360	False	1	0.446
pro_lifelong	6	2	50	23073.156	23.073156	False	1	0.484
pro_lifelong	6	3	50	2932.965	2.932965	False	1	0.446
pro_lifelong	6	4	50	18127.890	18.127890	False	1	0.416
pro_lifelong	6	5	50	18336.355	18.336355	False	1	0.133
pro_lifelong	6	6	50	22173.398	22.173398	False	1	0.531
pro_lifelong	6	7	50	13434.321	13.434321	False	1	0.133
pro_lifelong	6	8	50	19761.564	19.761564	False	1	0.411
pro_lifelong	6	9	50	28876.223	28.876223	False	1	0.133
pro_lifelong	6	10	50	24926.378	24.926378	False	1	0.45
pro_lifelong	6	11	50	13343.103	13.343103	False	1	0.446
pro_lifelong	7	1	50	16833.693	16.833693	False	1	0.472
pro_lifelong	7	2	50	14297.840	14.297840	False	1	0.432
pro_lifelong	7	3	50	18900.608	18.900608	False	1	0.413
pro_lifelong	7	4	50	3712.597	3.712597	False	1	0.133
pro_lifelong	7	5	50	21860.256	21.860256	False	1	0.499
pro_lifelong	7	6	50	3366.879	3.366879	False	1	0.133
pro_lifelong	7	7	50	4645.448	4.645448	False	1	0.133
pro_lifelong	7	8	50	17965.461	17.965461	False	1	0.461
pro_lifelong	7	9	50	1733.444	1.733444	False	1	0.133
pro_lifelong	7	10	50	15686.075	15.686075	False	1	0.396
pro_lifelong	8	1	50	15262.037	15.262037	False	1	0.133
pro_lifelong	8	2	50	17165.941	17.165941	False	1	0.133
pro_lifelong	8	3	50	4549.366	4.549366	False	1	0.133
pro_lifelong	8	4	50	3002.532	3.002532	False	1	0.133
pro_lifelong	9	1	50	8937.812	8.937812	False	1	0.133
pro_lifelong	9	2	50	18108.858	18.108858	False	1	0.487
pro_lifelong	9	3	50	33490.457	33.490457	True	1	0.94
pro_lifelong	10	1	50	14376.708	14.376708	False	1	0.133
pro_lifelong	10	2	50	14102.185	14.102185	False	1	0.466
pro_lifelong	10	3	50	3767.204	3.767204	False	1	0.133
pro_lifelong	10	4	50	18881.418	18.881418	False	1	0.476
pro_lifelong	10	5	50	20049.432	20.049432	False	1	0.133
pro_lifelong	10	6	50	18399.564	18.399564	False	1	0.593
pro_lifelong	10	7	50	18604.762	18.604762	False	1	0.465
pro_lifelong	10	8	50	19405.612	19.405612	True	1	0.799
pro_lifelong	11	1	50	17722.523	17.722523	False	1	0.545
pro_lifelong	11	2	50	17684.019	17.684019	False	1	0.133
pro_lifelong	11	3	50	16623.905	16.623905	True	1	0.898
pro_lifelong	12	1	50	15043.007	15.043007	False	1	0.602
pro_lifelong	12	2	50	6256.608	6.256608	False	1	0.133
pro_lifelong	12	3	50	14593.981	14.593981	False	1	0.133
pro_lifelong	12	4	50	2580.130	2.580130	False	1	0.133
pro_lifelong	12	5	50	3178.799	3.178799	False	1	0.133
pro_lifelong	13	1	50	8861.377	8.861377	False	1	0.366
pro_lifelong	13	2	50	2917.323	2.917323	False	1	0.366
pro_lifelong	13	3	50	2603.199	2.603199	False	1	0.366
pro_lifelong	13	4	50	27490.804	27.490804	False	1	0.376
pro_lifelong	13	5	50	23845.304	23.845304	False	1	0.491
pro_lifelong	13	6	50	17732.098	17.732098	False	1	0.429
pro_lifelong	13	7	50	3002.813	3.002813	False	1	0.366
pro_lifelong	13	8	50	15795.206	15.795206	False	1	0.371
pro_lifelong	13	9	50	2708.845	2.708845	False	1	0.366
pro_lifelong	13	10	50	2936.267	2.936267	False	1	0.366
pro_lifelong	14	1	50	19379.746	19.379746	False	1	0.493
pro_lifelong	14	2	50	14591.759	14.591759	True	1	0.811
pro_lifelong	15	1	50	9990.049	9.990049	False	1	0.133
pro_lifelong	15	2	50	15817.840	15.817840	False	1	0.355
pro_lifelong	15	3	50	12840.818	12.840818	False	1	0.133
pro_lifelong	15	4	50	5156.914	5.156914	False	1	0.133
pro_lifelong	15	5	50	10446.359	10.446359	False	1	0.133
pro_lifelong	15	6	50	11285.584	11.285584	False	1	0.133
pro_lifelong	16	1	50	4683.315	4.683315	False	1	0.133
pro_lifelong	16	2	50	9792.524	9.792524	False	1	0.133
pro_lifelong	16	3	50	3776.414	3.776414	False	1	0.133
pro_lifelong	16	4	50	11051.076	11.051076	False	1	0.133
pro_lifelong	17	1	50	23752.484	23.752484	False	1	0.543
pro_lifelong	17	2	50	18326.953	18.326953	False	1	0.133
pro_lifelong	17	3	50	13633.979	13.633979	False	1	0.133
pro_lifelong	17	4	50	14207.524	14.207524	False	1	0.133
pro_lifelong	17	5	50	15168.989	15.168989	False	1	0.133
pro_lifelong	18	1	50	10332.138	10.332138	False	1	0.133
pro_lifelong	18	2	50	16309.154	16.309154	False	1	0.413
pro_lifelong	18	3	50	2485.771	2.485771	False	1	0.133
pro_lifelong	18	4	50	2292.333	2.292333	False	1	0.133
pro_lifelong	18	5	50	14892.635	14.892635	False	1	0.133
pro_lifelong	18	6	50	4915.870	4.915870	False	1	0.133
pro_lifelong	19	1	50	29533.721	29.533721	False	1	0.465
pro_lifelong	19	2	50	6065.491	6.065491	False	1	0.133
pro_lifelong	19	3	50	3233.123	3.233123	False	1	0.133
pro_lifelong	19	4	50	15829.838	15.829838	False	1	0.483
pro_lifelong	19	5	50	13683.883	13.683883	False	1	0.503
pro_lifelong	19	6	50	11132.853	11.132853	False	1	0.133
pro_lifelong	19	7	50	12433.934	12.433934	False	1	0.133
pro_lifelong	19	8	50	17408.755	17.408755	False	1	0.479
pro_lifelong	19	9	50	18678.930	18.678930	False	1	0.439
pro_lifelong	19	10	50	2497.935	2.497935	False	1	0.133
pro_lifelong	20	1	50	10663.170	10.663170	False	1	0.412
pro_lifelong	20	2	50	3019.923	3.019923	False	1	0.412
pro_lifelong	20	3	50	18120.483	18.120483	False	1	0.4
pro_lifelong	20	4	50	3330.287	3.330287	False	1	0.412
pro_lifelong	20	5	50	18512.598	18.512598	False	1	0.408
pro_lifelong	20	6	50	18330.108	18.330108	False	1	0.444
pro_lifelong	20	7	50	26716.639	26.716639	False	1	0.505
pro_lifelong	20	8	50	2303.332	2.303332	False	1	0.412
pro_lifelong	20	9	50	2964.878	2.964878	False	1	0.412
pro_lifelong	20	10	50	19111.065	19.111065	False	1	0.133
pro_lifelong	20	11	50	18321.406	18.321406	False	1	0.384
pro_lifelong	20	12	50	47829.966	47.829966	False	1	0.493
pro_lifelong	21	1	50	24919.435	24.919435	False	1	0.534
pro_lifelong	21	2	50	8012.657	8.012657	False	1	0.133
pro_lifelong	21	3	50	13977.317	13.977317	False	1	0.133
pro_lifelong	21	4	50	13370.960	13.370960	False	1	0.133
pro_lifelong	21	5	50	12162.612	12.162612	False	1	0.133
pro_lifelong	22	1	50	9685.684	9.685684	False	1	0.133
pro_lifelong	22	2	50	2438.819	2.438819	False	1	0.133
pro_lifelong	22	3	50	11683.943	11.683943	False	1	0.133
pro_lifelong	22	4	50	14077.664	14.077664	False	1	0.133
pro_lifelong	23	1	50	20796.101	20.796101	False	1	0.4
pro_lifelong	23	2	50	2967.265	2.967265	False	1	0.133
pro_lifelong	23	3	50	13560.724	13.560724	False	1	0.133
pro_lifelong	23	4	50	3721.441	3.721441	False	1	0.133
pro_lifelong	23	5	50	3878.108	3.878108	False	1	0.133
pro_lifelong	24	1	50	5507.438	5.507438	False	1	0.133
pro_lifelong	24	2	50	14266.183	14.266183	False	1	0.133
pro_lifelong	24	3	50	19012.829	19.012829	False	1	0.133
pro_lifelong	24	4	50	11629.654	11.629654	False	1	0.133
pro_lifelong	25	1	50	17093.385	17.093385	False	1	0.478
pro_lifelong	25	2	50	20337.123	20.337123	False	1	0.445
pro_lifelong	25	3	50	24637.649	24.637649	False	1	0.5
pro_lifelong	25	4	50	25758.925	25.758925	False	1	0.553
pro_lifelong	25	5	50	6087.667	6.087667	False	1	0.367
pro_lifelong	25	6	50	18620.495	18.620495	False	1	0.408
pro_lifelong	25	7	50	27387.261	27.387261	False	1	0.433
pro_lifelong	25	8	50	13674.634	13.674634	False	1	0.133
pro_lifelong	25	9	50	19229.577	19.229577	False	1	0.419
pro_lifelong	26	1	50	5578.986	5.578986	False	1	0.133
pro_lifelong	26	2	50	10902.364	10.902364	False	1	0.133
pro_lifelong	26	3	50	15394.322	15.394322	False	1	0.133
pro_lifelong	26	4	50	14223.906	14.223906	False	1	0.433
pro_lifelong	26	5	50	17180.197	17.180197	False	1	0.437
pro_lifelong	26	6	50	13843.640	13.843640	False	1	0.432
pro_lifelong	26	7	50	2892.757	2.892757	False	1	0.133
pro_lifelong	26	8	50	17876.980	17.876980	False	1	0.507
pro_lifelong	26	9	50	15988.747	15.988747	False	1	0.484
pro_lifelong	26	10	50	15633.325	15.633325	False	1	0.401
pro_lifelong	26	11	50	15385.158	15.385158	False	1	0.478
pro_lifelong	26	12	50	13042.654	13.042654	False	1	0.396
pro_lifelong	26	13	50	10721.998	10.721998	False	1	0.133
pro_lifelong	27	1	50	16581.199	16.581199	False	1	0.51
pro_lifelong	27	2	50	5343.006	5.343006	False	1	0.133
pro_lifelong	27	3	50	24298.394	24.298394	False	1	0.518
pro_lifelong	27	4	50	21747.894	21.747894	False	1	0.133
pro_lifelong	27	5	50	14585.273	14.585273	False	1	0.372
pro_lifelong	27	6	50	10901.202	10.901202	False	1	0.133
pro_lifelong	28	1	50	15890.550	15.890550	False	1	0.133
pro_lifelong	28	2	50	12914.196	12.914196	False	1	0.133
pro_lifelong	28	3	50	20841.695	20.841695	False	1	0.133
pro_lifelong	28	4	50	14708.051	14.708051	False	1	0.133
pro_lifelong	29	1	50	15566.170	15.566170	True	1	0.789
pro_lifelong	30	1	50	23415.631	23.415631	False	1	0.415
pro_lifelong	30	2	50	17238.929	17.238929	False	1	0.439
pro_lifelong	30	3	50	9020.099	9.020099	False	1	0.407
pro_lifelong	30	4	50	19954.507	19.954507	False	1	0.422
pro_lifelong	30	5	50	2543.329	2.543329	False	1	0.407
pro_lifelong	30	6	50	2053.858	2.053858	False	1	0.407
pro_lifelong	30	7	50	18353.795	18.353795	False	1	0.414
pro_lifelong	31	1	50	7647.086	7.647086	False	1	0.133
pro_lifelong	31	2	50	19350.434	19.350434	False	1	0.479
pro_lifelong	31	3	50	19854.255	19.854255	False	1	0.461
pro_lifelong	31	4	50	10996.001	10.996001	False	1	0.416
pro_lifelong	31	5	50	2501.196	2.501196	False	1	0.416
pro_lifelong	31	6	50	13033.166	13.033166	False	1	0.473
pro_lifelong	31	7	50	19288.025	19.288025	False	1	0.452
pro_lifelong	32	1	50	20957.701	20.957701	False	1	0.509
pro_lifelong	32	2	50	20273.260	20.273260	False	1	0.443
pro_lifelong	32	3	50	20989.791	20.989791	False	1	0.428
pro_lifelong	32	4	50	8707.592	8.707592	False	1	0.417
pro_lifelong	32	5	50	2335.103	2.335103	False	1	0.417
pro_lifelong	32	6	50	16850.468	16.850468	False	1	0.378
pro_lifelong	33	1	50	7340.842	7.340842	False	1	0.412
pro_lifelong	33	2	50	13453.931	13.453931	False	1	0.422
pro_lifelong	33	3	50	17033.209	17.033209	False	1	0.415
pro_lifelong	33	4	50	10550.475	10.550475	False	1	0.133
pro_lifelong	33	5	50	2464.365	2.464365	False	1	0.412
pro_lifelong	33	6	50	4629.546	4.629546	False	1	0.412
pro_lifelong	33	7	50	10860.311	10.860311	False	1	0.412
pro_lifelong	34	1	50	21641.298	21.641298	False	1	0.427
pro_lifelong	34	2	50	2629.214	2.629214	False	1	0.427
pro_lifelong	34	3	50	21634.805	21.634805	False	1	0.482
pro_lifelong	34	4	50	19502.059	19.502059	False	1	0.459
pro_lifelong	34	5	50	25184.566	25.184566	False	1	0.431
pro_lifelong	34	6	50	19946.970	19.946970	False	1	0.434
pro_lifelong	34	7	50	17844.687	17.844687	False	1	0.527
pro_lifelong	34	8	50	5180.607	5.180607	False	1	0.427
pro_lifelong	34	9	50	19271.095	19.271095	False	1	0.438
pro_lifelong	34	10	50	2707.950	2.707950	False	1	0.427
pro_lifelong	34	11	50	15272.095	15.272095	False	1	0.427
pro_lifelong	34	12	50	13413.917	13.413917	False	1	0.427
pro_lifelong	35	1	50	19621.568	19.621568	False	1	0.415
pro_lifelong	35	2	50	10117.356	10.117356	False	1	0.434
pro_lifelong	35	3	50	2610.467	2.610467	False	1	0.434
pro_lifelong	35	4	50	18112.165	18.112165	False	1	0.421
pro_lifelong	35	5	50	12107.261	12.107261	False	1	0.434
pro_lifelong	35	6	50	21119.591	21.119591	False	1	0.38
pro_lifelong	35	7	50	13472.688	13.472688	False	1	0.133
pro_lifelong	36	1	50	18931.679	18.931679	False	1	0.468
pro_lifelong	36	2	50	16208.126	16.208126	False	1	0.133
pro_lifelong	36	3	50	18729.346	18.729346	False	1	0.469
pro_lifelong	36	4	50	17705.545	17.705545	False	1	0.462
pro_lifelong	36	5	50	10158.273	10.158273	False	1	0.421
pro_lifelong	36	6	50	2951.355	2.951355	False	1	0.421
pro_lifelong	37	1	50	12800.022	12.800022	False	1	0.546
pro_lifelong	37	2	50	25126.464	25.126464	False	1	0.397
pro_lifelong	37	3	50	19128.628	19.128628	False	1	0.407
pro_lifelong	37	4	50	6877.723	6.877723	False	1	0.421
pro_lifelong	37	5	50	15509.712	15.509712	False	1	0.408
pro_lifelong	37	6	50	20091.998	20.091998	False	1	0.452
pro_lifelong	38	1	50	12109.457	12.109457	False	1	0.133
pro_lifelong	38	2	50	10565.657	10.565657	False	1	0.418
pro_lifelong	38	3	50	3389.265	3.389265	False	1	0.418
pro_lifelong	38	4	50	22261.098	22.261098	False	1	0.467
pro_lifelong	38	5	50	20314.379	20.314379	False	1	0.417
pro_lifelong	38	6	50	1741.271	1.741271	False	1	0.418
pro_lifelong	38	7	50	16041.463	16.041463	False	1	0.385
pro_lifelong	38	8	50	2695.871	2.695871	False	1	0.418
pro_lifelong	38	9	50	20365.135	20.365135	False	1	0.418
pro_lifelong	39	1	50	22459.404	22.459404	False	1	0.436
pro_lifelong	39	2	50	9939.745	9.939745	False	1	0.133
pro_lifelong	39	3	50	15580.592	15.580592	False	1	0.457
pro_lifelong	39	4	50	21006.163	21.006163	False	1	0.456
pro_lifelong	39	5	50	14707.785	14.707785	False	1	0.509
pro_lifelong	39	6	50	6514.263	6.514263	False	1	0.429
pro_lifelong	39	7	50	15064.757	15.064757	False	1	0.421
pro_lifelong	39	8	50	17885.790	17.885790	False	1	0.47
pro_lifelong	39	9	50	14447.313	14.447313	False	1	0.429
pro_lifelong	39	10	50	22504.749	22.504749	False	1	0.41
pro_lifelong	40	1	50	20056.098	20.056098	False	1	0.433
pro_lifelong	40	2	50	15196.169	15.196169	False	1	0.472
pro_lifelong	40	3	50	8709.909	8.709909	False	1	0.434
pro_lifelong	40	4	50	16620.918	16.620918	False	1	0.133
pro_lifelong	40	5	50	18018.449	18.018449	False	1	0.474
pro_lifelong	40	6	50	18916.425	18.916425	False	1	0.436
pro_lifelong	40	7	50	19567.046	19.567046	False	1	0.433
pro_lifelong	41	1	50	7076.663	7.076663	False	1	0.416
pro_lifelong	41	2	50	16283.299	16.283299	False	1	0.396
pro_lifelong	41	3	50	19672.814	19.672814	False	1	0.395
pro_lifelong	41	4	50	18873.861	18.873861	False	1	0.407
pro_lifelong	41	5	50	16639.480	16.639480	False	1	0.133
pro_lifelong	41	6	50	17045.482	17.045482	False	1	0.375
pro_lifelong	42	1	50	17210.255	17.210255	False	1	0.42
pro_lifelong	42	2	50	5071.006	5.071006	False	1	0.133
pro_lifelong	42	3	50	13183.167	13.183167	False	1	0.133
pro_lifelong	42	4	50	15610.260	15.610260	False	1	0.442
pro_lifelong	42	5	50	15909.044	15.909044	False	1	0.133
pro_lifelong	42	6	50	17561.429	17.561429	False	1	0.133
pro_lifelong	42	7	50	18706.696	18.706696	False	1	0.412
pro_lifelong	42	8	50	13452.984	13.452984	False	1	0.133
pro_lifelong	42	9	50	21890.129	21.890129	False	1	0.427
pro_lifelong	43	1	50	4206.559	4.206559	False	1	0.133
pro_lifelong	43	2	50	4352.051	4.352051	False	1	0.133
pro_lifelong	43	3	50	14532.075	14.532075	False	1	0.133
pro_lifelong	43	4	50	14386.179	14.386179	False	1	0.411
pro_lifelong	43	5	50	17979.544	17.979544	False	1	0.448
pro_lifelong	43	6	50	14815.071	14.815071	False	1	0.133
pro_lifelong	43	7	50	17618.140	17.618140	False	1	0.383
pro_lifelong	43	8	50	2513.486	2.513486	False	1	0.133
pro_lifelong	43	9	50	1717.253	1.717253	False	1	0.133
pro_lifelong	43	10	50	21198.054	21.198054	False	1	0.133
pro_lifelong	44	1	50	17492.371	17.492371	False	1	0.487
pro_lifelong	44	2	50	13745.411	13.745411	False	1	0.493
pro_lifelong	44	3	50	29606.340	29.606340	False	1	0.484
pro_lifelong	44	4	50	6240.753	6.240753	False	1	0.431
pro_lifelong	44	5	50	18499.420	18.499420	False	1	0.5
pro_lifelong	44	6	50	18090.861	18.090861	False	1	0.426
pro_lifelong	44	7	50	3055.921	3.055921	False	1	0.431
pro_lifelong	44	8	50	18496.950	18.496950	False	1	0.424
pro_lifelong	44	9	50	18072.498	18.072498	False	1	0.395
pro_lifelong	44	10	50	13171.296	13.171296	False	1	0.424
pro_lifelong	45	1	50	16986.796	16.986796	False	1	0.476
pro_lifelong	45	2	50	15052.084	15.052084	False	1	0.413
pro_lifelong	45	3	50	9901.250	9.901250	False	1	0.499
pro_lifelong	45	4	50	18008.201	18.008201	False	1	0.42
pro_lifelong	45	5	50	22338.516	22.338516	False	1	0.473
pro_lifelong	45	6	50	16151.122	16.151122	False	1	0.413
pro_lifelong	45	7	50	2455.649	2.455649	False	1	0.413
pro_lifelong	45	8	50	2374.438	2.374438	False	1	0.413
pro_lifelong	46	1	50	16212.572	16.212572	False	1	0.372
pro_lifelong	46	2	50	14756.150	14.756150	False	1	0.429
pro_lifelong	46	3	50	20648.491	20.648491	False	1	0.407
pro_lifelong	46	4	50	11397.398	11.397398	False	1	0.407
pro_lifelong	46	5	50	8357.205	8.357205	False	1	0.412
pro_lifelong	46	6	50	29693.405	29.693405	False	1	0.45
pro_lifelong	46	7	50	20481.018	20.481018	False	1	0.425
pro_lifelong	46	8	50	36522.386	36.522386	False	1	0.492
pro_lifelong	46	9	50	15188.833	15.188833	False	1	0.133
pro_lifelong	46	10	50	14139.069	14.139069	False	1	0.479
pro_lifelong	46	11	50	1731.484	1.731484	False	1	0.412
pro_lifelong	46	12	50	16021.435	16.021435	False	1	0.133
pro_lifelong	46	13	50	14001.492	14.001492	False	1	0.401
pro_lifelong	47	1	50	7838.564	7.838564	False	1	0.401
pro_lifelong	47	2	50	24028.016	24.028016	False	1	0.412
pro_lifelong	47	3	50	26457.083	26.457083	False	1	0.464
pro_lifelong	47	4	50	1945.346	1.945346	False	1	0.401
pro_lifelong	47	5	50	14633.847	14.633847	False	1	0.41
pro_lifelong	47	6	50	2918.650	2.918650	False	1	0.401
pro_lifelong	47	7	50	3236.652	3.236652	False	1	0.401
pro_lifelong	47	8	50	2036.691	2.036691	False	1	0.401
pro_lifelong	48	1	50	15400.342	15.400342	False	1	0.416
pro_lifelong	48	2	50	17733.213	17.733213	False	1	0.472
pro_lifelong	48	3	50	17168.203	17.168203	False	1	0.416
pro_lifelong	48	4	50	9044.446	9.044446	False	1	0.416
pro_lifelong	48	5	50	17372.763	17.372763	False	1	0.421
pro_lifelong	48	6	50	31607.972	31.607972	False	1	0.505
pro_lifelong	48	7	50	16535.366	16.535366	False	1	0.419
pro_lifelong	48	8	50	19972.665	19.972665	False	1	0.408
pro_lifelong	48	9	50	14022.390	14.022390	False	1	0.133
pro_lifelong	48	10	50	3888.185	3.888185	False	1	0.416
pro_lifelong	48	11	50	13024.041	13.024041	False	1	0.133
pro_lifelong	49	1	50	4238.109	4.238109	False	1	0.133
pro_lifelong	49	2	50	17676.629	17.676629	False	1	0.504
pro_lifelong	49	3	50	2441.732	2.441732	False	1	0.133
pro_lifelong	49	4	50	16444.147	16.444147	False	1	0.424
pro_lifelong	49	5	50	20476.120	20.476120	False	1	0.49
pro_lifelong	49	6	50	13396.311	13.396311	False	1	0.133
pro_lifelong	49	7	50	17428.918	17.428918	False	1	0.513
pro_lifelong	50	1	50	20534.027	20.534027	False	1	0.479
pro_lifelong	50	2	50	24985.206	24.985206	False	1	0.437
pro_lifelong	50	3	50	23942.493	23.942493	False	1	0.133
pro_lifelong	50	4	50	16027.324	16.027324	False	1	0.373
pro_lifelong	50	5	50	18514.120	18.514120	False	1	0.337
pro_lifelong	50	6	50	3253.687	3.253687	False	1	0.133
pro_lifelong	51	1	50	13209.580	13.209580	False	1	0.451
pro_lifelong	51	2	50	16184.078	16.184078	False	1	0.45
pro_lifelong	51	3	50	19516.301	19.516301	False	1	0.438
pro_lifelong	51	4	50	4786.957	4.786957	False	1	0.133
pro_lifelong	51	5	50	16500.512	16.500512	False	1	0.133
pro_lifelong	51	6	50	2651.871	2.651871	False	1	0.133
pro_lifelong	52	1	50	7832.830	7.832830	False	1	0.41
pro_lifelong	52	2	50	15587.958	15.587958	False	1	0.471
pro_lifelong	52	3	50	5461.506	5.461506	False	1	0.41
pro_lifelong	52	4	50	19480.226	19.480226	False	1	0.42
pro_lifelong	52	5	50	22908.644	22.908644	False	1	0.41
pro_lifelong	52	6	50	23362.420	23.362420	False	1	0.435
pro_lifelong	52	7	50	14148.875	14.148875	False	1	0.41
pro_lifelong	53	1	50	35234.973	35.234973	False	1	0.414
pro_lifelong	53	2	50	16501.453	16.501453	False	1	0.376
pro_lifelong	53	3	50	2680.271	2.680271	False	1	0.414
pro_lifelong	53	4	50	7705.860	7.705860	False	1	0.423
pro_lifelong	53	5	50	27299.645	27.299645	False	1	0.411
pro_lifelong	53	6	50	15975.860	15.975860	False	1	0.133
pro_lifelong	54	1	50	13331.037	13.331037	False	1	0.432
pro_lifelong	54	2	50	4498.470	4.498470	False	1	0.133
pro_lifelong	54	3	50	20461.896	20.461896	False	1	0.412
pro_lifelong	54	4	50	13038.190	13.038190	False	1	0.133
pro_lifelong	54	5	50	2517.202	2.517202	False	1	0.133
pro_lifelong	54	6	50	11874.051	11.874051	False	1	0.133
pro_lifelong	55	1	50	25135.575	25.135575	False	1	0.133
pro_lifelong	55	2	50	18383.681	18.383681	True	1	0.859
pro_lifelong	56	1	50	9443.567	9.443567	False	1	0.52
pro_lifelong	56	2	50	13613.458	13.613458	False	1	0.542
pro_lifelong	56	3	50	13999.058	13.999058	False	1	0.52
pro_lifelong	56	4	50	18079.746	18.079746	False	1	0.477
pro_lifelong	56	5	50	19170.402	19.170402	False	1	0.569
pro_lifelong	56	6	50	33655.100	33.655100	True	1	0.901
pro_lifelong	57	1	50	21189.233	21.189233	False	1	0.133
pro_lifelong	57	2	50	4070.618	4.070618	False	1	0.133
pro_lifelong	57	3	50	17657.230	17.657230	False	1	0.42
pro_lifelong	57	4	50	1616.419	1.616419	False	1	0.133
pro_lifelong	57	5	50	16929.762	16.929762	False	1	0.6
pro_lifelong	57	6	50	17254.457	17.254457	False	1	0.521
pro_lifelong	57	7	50	11170.475	11.170475	False	1	0.133
pro_lifelong	57	8	50	18530.985	18.530985	False	1	0.392
pro_lifelong	57	9	50	32942.104	32.942104	False	1	0.133
pro_lifelong	57	10	50	2906.014	2.906014	False	1	0.133
pro_lifelong	58	1	50	16304.242	16.304242	False	1	0.133
pro_lifelong	58	2	50	17954.851	17.954851	False	1	0.433
pro_lifelong	58	3	50	20914.120	20.914120	False	1	0.383
pro_lifelong	58	4	50	19445.459	19.445459	False	1	0.429
pro_lifelong	58	5	50	6871.947	6.871947	False	1	0.513
pro_lifelong	58	6	50	19617.345	19.617345	False	1	0.464
pro_lifelong	58	7	50	8947.183	8.947183	False	1	0.513
pro_lifelong	58	8	50	29970.091	29.970091	False	1	0.467
pro_lifelong	58	9	50	2068.515	2.068515	False	1	0.513
pro_lifelong	58	10	50	14558.284	14.558284	False	1	0.133
pro_lifelong	59	1	50	7394.432	7.394432	False	1	0.565
pro_lifelong	59	2	50	18435.639	18.435639	False	1	0.479
pro_lifelong	59	3	50	13994.926	13.994926	False	1	0.133
pro_lifelong	59	4	50	33362.473	33.362473	False	1	0.51
pro_lifelong	59	5	50	18037.303	18.037303	False	1	0.133
pro_lifelong	59	6	50	52380.723	52.380723	False	1	0.133
pro_lifelong	60	1	50	17706.934	17.706934	False	1	0.526
pro_lifelong	60	2	50	22022.517	22.022517	False	1	0.564
pro_lifelong	60	3	50	13640.125	13.640125	False	1	0.133
pro_lifelong	60	4	50	11657.250	11.657250	False	1	0.564
pro_lifelong	60	5	50	12795.267	12.795267	False	1	0.528
pro_lifelong	60	6	50	3089.549	3.089549	False	1	0.564
pro_lifelong	60	7	50	26308.483	26.308483	False	1	0.535
pro_lifelong	61	1	50	3885.642	3.885642	False	1	0.133
pro_lifelong	61	2	50	11823.449	11.823449	False	1	0.133
pro_lifelong	61	3	50	13136.691	13.136691	False	1	0.133
pro_lifelong	61	4	50	11806.835	11.806835	False	1	0.133
pro_lifelong	62	1	50	16650.021	16.650021	False	1	0.399
pro_lifelong	62	2	50	3128.884	3.128884	False	1	0.133
pro_lifelong	62	3	50	22205.398	22.205398	False	1	0.406
pro_lifelong	62	4	50	1985.340	1.985340	False	1	0.133
pro_lifelong	62	5	50	13435.140	13.435140	False	1	0.133
pro_lifelong	62	6	50	2430.989	2.430989	False	1	0.133
pro_lifelong	63	1	50	32049.961	32.049961	False	1	0.417
pro_lifelong	63	2	50	15771.924	15.771924	False	1	0.494
pro_lifelong	63	3	50	2732.216	2.732216	False	1	0.133
pro_lifelong	63	4	50	4305.931	4.305931	False	1	0.133
pro_lifelong	63	5	50	16428.119	16.428119	False	1	0.313
pro_lifelong	63	6	50	17604.599	17.604599	False	1	0.413
pro_lifelong	63	7	50	22427.985	22.427985	False	1	0.435
pro_lifelong	64	1	50	12613.393	12.613393	False	1	0.423
pro_lifelong	64	2	50	13455.417	13.455417	False	1	0.133
pro_lifelong	64	3	50	16689.572	16.689572	False	1	0.38
pro_lifelong	64	4	50	12648.297	12.648297	False	1	0.133
pro_lifelong	64	5	50	2884.865	2.884865	False	1	0.133
pro_lifelong	64	6	50	11021.912	11.021912	False	1	0.133
pro_lifelong	65	1	50	13992.412	13.992412	False	1	0.133
pro_lifelong	65	2	50	3498.843	3.498843	False	1	0.133
pro_lifelong	65	3	50	3662.788	3.662788	False	1	0.133
pro_lifelong	65	4	50	17149.233	17.149233	False	1	0.402
pro_lifelong	65	5	50	16626.252	16.626252	False	1	0.409
pro_lifelong	65	6	50	2998.095	2.998095	False	1	0.133
pro_lifelong	65	7	50	4835.749	4.835749	False	1	0.133
pro_lifelong	65	8	50	19577.685	19.577685	False	1	0.411
pro_lifelong	65	9	50	1716.793	1.716793	False	1	0.133
pro_lifelong	66	1	50	22159.384	22.159384	False	1	0.447
pro_lifelong	66	2	50	13372.963	13.372963	False	1	0.133
pro_lifelong	66	3	50	14884.982	14.884982	False	1	0.437
pro_lifelong	66	4	50	3456.539	3.456539	False	1	0.133
pro_lifelong	66	5	50	2471.287	2.471287	False	1	0.133
pro_lifelong	66	6	50	18810.497	18.810497	False	1	0.401
pro_lifelong	67	1	50	13680.488	13.680488	True	1	0.896
pro_lifelong	68	1	50	17648.151	17.648151	False	1	0.405
pro_lifelong	68	2	50	13364.304	13.364304	False	1	0.133
pro_lifelong	68	3	50	6928.873	6.928873	False	1	0.133
pro_lifelong	68	4	50	10927.724	10.927724	False	1	0.133
pro_lifelong	68	5	50	3267.489	3.267489	False	1	0.133
pro_lifelong	69	1	50	13560.989	13.560989	False	1	0.411
pro_lifelong	69	2	50	18495.321	18.495321	False	1	0.399
pro_lifelong	69	3	50	10227.441	10.227441	False	1	0.411
pro_lifelong	69	4	50	2589.884	2.589884	False	1	0.411
pro_lifelong	69	5	50	16064.340	16.064340	False	1	0.38
pro_lifelong	69	6	50	15976.571	15.976571	False	1	0.452
pro_lifelong	69	7	50	3746.662	3.746662	False	1	0.411
pro_lifelong	69	8	50	10380.603	10.380603	False	1	0.411
pro_lifelong	69	9	50	4861.506	4.861506	False	1	0.411
pro_lifelong	69	10	50	15096.236	15.096236	False	1	0.412
pro_lifelong	69	11	50	13189.910	13.189910	False	1	0.133
pro_lifelong	70	1	50	15986.118	15.986118	False	1	0.133
pro_lifelong	70	2	50	18522.834	18.522834	False	1	0.428
pro_lifelong	70	3	50	22450.190	22.450190	False	1	0.369
pro_lifelong	70	4	50	33952.796	33.952796	False	1	0.407
pro_lifelong	70	5	50	22036.107	22.036107	False	1	0.427
pro_lifelong	70	6	50	16421.133	16.421133	False	1	0.422
pro_lifelong	70	7	50	18977.241	18.977241	False	1	0.427
pro_lifelong	71	1	50	8004.833	8.004833	False	1	0.423
pro_lifelong	71	2	50	2353.000	2.353000	False	1	0.423
pro_lifelong	71	3	50	2283.222	2.283222	False	1	0.423
pro_lifelong	71	4	50	39821.752	39.821752	False	1	0.444
pro_lifelong	71	5	50	1820.064	1.820064	False	1	0.423
pro_lifelong	71	6	50	3014.274	3.014274	False	1	0.423
pro_lifelong	71	7	50	21654.956	21.654956	False	1	0.423
pro_lifelong	71	8	50	2355.793	2.355793	False	1	0.423
pro_lifelong	71	9	50	20355.977	20.355977	False	1	0.348
pro_lifelong	72	1	50	25922.649	25.922649	False	1	0.417
pro_lifelong	72	2	50	7206.727	7.206727	False	1	0.4
pro_lifelong	72	3	50	15450.718	15.450718	False	1	0.133
pro_lifelong	72	4	50	15104.373	15.104373	False	1	0.355
pro_lifelong	72	5	50	12795.164	12.795164	False	1	0.133
pro_lifelong	72	6	50	2553.591	2.553591	False	1	0.4
pro_lifelong	73	1	50	23165.157	23.165157	False	1	0.453
pro_lifelong	73	2	50	15467.241	15.467241	False	1	0.422
pro_lifelong	73	3	50	11764.270	11.764270	False	1	0.133
pro_lifelong	73	4	50	17423.007	17.423007	False	1	0.455
pro_lifelong	73	5	50	12858.858	12.858858	False	1	0.133
pro_lifelong	73	6	50	10758.757	10.758757	False	1	0.133
pro_lifelong	74	1	50	28097.812	28.097812	False	1	0.504
pro_lifelong	74	2	50	19515.124	19.515124	False	1	0.133
pro_lifelong	74	3	50	23967.194	23.967194	False	1	0.458
pro_lifelong	74	4	50	24391.209	24.391209	False	1	0.507
pro_lifelong	74	5	50	10882.502	10.882502	False	1	0.133
pro_lifelong	74	6	50	22262.242	22.262242	False	1	0.408
pro_lifelong	75	1	50	4664.055	4.664055	True	1	0.891
pro_lifelong	76	1	50	10170.643	10.170643	False	1	0.133
pro_lifelong	76	2	50	18840.164	18.840164	False	1	0.133
pro_lifelong	76	3	50	18386.699	18.386699	False	1	0.434
pro_lifelong	76	4	50	15397.616	15.397616	False	1	0.133
pro_lifelong	76	5	50	8173.508	8.173508	False	1	0.133
pro_lifelong	76	6	50	18042.722	18.042722	False	1	0.491
pro_lifelong	76	7	50	17984.838	17.984838	False	1	0.539
pro_lifelong	76	8	50	2691.982	2.691982	False	1	0.133
pro_lifelong	76	9	50	19453.230	19.453230	False	1	0.529
pro_lifelong	76	10	50	17656.049	17.656049	False	1	0.541
pro_lifelong	76	11	50	34832.440	34.832440	False	1	0.52
pro_lifelong	76	12	50	9974.537	9.974537	False	1	0.133
pro_lifelong	77	1	50	3763.208	3.763208	False	1	0.133
pro_lifelong	77	2	50	10329.948	10.329948	False	1	0.133
pro_lifelong	77	3	50	13547.494	13.547494	False	1	0.133
pro_lifelong	77	4	50	26781.743	26.781743	False	1	0.133
pro_lifelong	78	1	50	7600.447	7.600447	False	1	0.468
pro_lifelong	78	2	50	16831.614	16.831614	False	1	0.481
pro_lifelong	78	3	50	4351.886	4.351886	False	1	0.468
pro_lifelong	78	4	50	17177.385	17.177385	False	1	0.504
pro_lifelong	78	5	50	2275.906	2.275906	False	1	0.468
pro_lifelong	78	6	50	16396.062	16.396062	False	1	0.502
pro_lifelong	78	7	50	20314.211	20.314211	False	1	0.529
pro_lifelong	78	8	50	22854.413	22.854413	True	1	0.772
pro_lifelong	79	1	50	25985.747	25.985747	True	1	0.874
pro_lifelong	80	1	50	18973.819	18.973819	False	1	0.444
pro_lifelong	80	2	50	7531.785	7.531785	False	1	0.471
pro_lifelong	80	3	50	12881.628	12.881628	True	1	0.853
pro_lifelong	81	1	50	17719.855	17.719855	False	1	0.133
pro_lifelong	81	2	50	2862.731	2.862731	False	1	0.133
pro_lifelong	81	3	50	18198.195	18.198195	False	1	0.5
pro_lifelong	81	4	50	17041.971	17.041971	False	1	0.583
pro_lifelong	81	5	50	14457.437	14.457437	False	1	0.133
pro_lifelong	81	6	50	16282.345	16.282345	False	1	0.618
pro_lifelong	81	7	50	10804.182	10.804182	False	1	0.133
pro_lifelong	81	8	50	12906.816	12.906816	False	1	0.133
pro_lifelong	81	9	50	12586.036	12.586036	False	1	0.133
pro_lifelong	81	10	50	13555.175	13.555175	False	1	0.133
pro_lifelong	82	1	50	15469.297	15.469297	False	1	0.4
pro_lifelong	82	2	50	11505.753	11.505753	False	1	0.133
pro_lifelong	82	3	50	1797.383	1.797383	False	1	0.133
pro_lifelong	82	4	50	14319.339	14.319339	False	1	0.133
pro_lifelong	82	5	50	13055.974	13.055974	False	1	0.133
pro_lifelong	83	1	50	13267.323	13.267323	False	1	0.133
pro_lifelong	83	2	50	3143.658	3.143658	False	1	0.133
pro_lifelong	83	3	50	18178.483	18.178483	False	1	0.133
pro_lifelong	83	4	50	9348.692	9.348692	False	1	0.133
pro_lifelong	84	1	50	14469.806	14.469806	False	1	0.133
pro_lifelong	84	2	50	3910.093	3.910093	False	1	0.133
pro_lifelong	84	3	50	1760.266	1.760266	False	1	0.133
pro_lifelong	84	4	50	18215.596	18.215596	False	1	0.425
pro_lifelong	84	5	50	2782.701	2.782701	False	1	0.133
pro_lifelong	84	6	50	9084.268	9.084268	False	1	0.133
pro_lifelong	84	7	50	10396.925	10.396925	False	1	0.133
pro_lifelong	84	8	50	10074.010	10.074010	False	1	0.133
pro_lifelong	85	1	50	30483.670	30.483670	False	1	0.133
pro_lifelong	85	2	50	10771.774	10.771774	False	1	0.133
pro_lifelong	85	3	50	12300.950	12.300950	False	1	0.133
pro_lifelong	85	4	50	34632.516	34.632516	False	1	0.552
pro_lifelong	85	5	50	14993.301	14.993301	False	1	0.133
pro_lifelong	85	6	50	11549.556	11.549556	False	1	0.133
pro_lifelong	85	7	50	9641.825	9.641825	False	1	0.133
pro_lifelong	85	8	50	9159.713	9.159713	False	1	0.133
pro_lifelong	86	1	50	22324.748	22.324748	False	1	0.458
pro_lifelong	86	2	50	2882.884	2.882884	False	1	0.133
pro_lifelong	86	3	50	10475.545	10.475545	False	1	0.133
pro_lifelong	86	4	50	2053.202	2.053202	False	1	0.133
pro_lifelong	86	5	50	9986.875	9.986875	False	1	0.133
pro_lifelong	87	1	50	19089.540	19.089540	False	1	0.482
pro_lifelong	87	2	50	16267.702	16.267702	False	1	0.133
pro_lifelong	87	3	50	9110.894	9.110894	False	1	0.133
pro_lifelong	87	4	50	24863.827	24.863827	False	1	0.133
pro_lifelong	87	5	50	15067.161	15.067161	False	1	0.133
pro_lifelong	88	1	50	13702.704	13.702704	False	1	0.446
pro_lifelong	88	2	50	15461.020	15.461020	False	1	0.133
pro_lifelong	88	3	50	2358.174	2.358174	False	1	0.133
pro_lifelong	88	4	50	41467.264	41.467264	False	1	0.478
pro_lifelong	88	5	50	2158.992	2.158992	False	1	0.133
pro_lifelong	88	6	50	24632.251	24.632251	True	1	0.732
pro_lifelong	89	1	50	3308.991	3.308991	False	1	0.133
pro_lifelong	89	2	50	17088.956	17.088956	False	1	0.444
pro_lifelong	89	3	50	13480.203	13.480203	False	1	0.352
pro_lifelong	89	4	50	14169.350	14.169350	False	1	0.385
pro_lifelong	89	5	50	16722.615	16.722615	False	1	0.453
pro_lifelong	89	6	50	19743.068	19.743068	False	1	0.38
pro_lifelong	89	7	50	17059.748	17.059748	False	1	0.471
pro_lifelong	89	8	50	16375.078	16.375078	False	1	0.422
pro_lifelong	89	9	50	13221.048	13.221048	False	1	0.423
pro_lifelong	89	10	50	24851.842	24.851842	False	1	0.133
pro_lifelong	89	11	50	16507.993	16.507993	False	1	0.404
pro_lifelong	89	12	50	15549.962	15.549962	False	1	0.356
pro_lifelong	90	1	50	12875.196	12.875196	False	1	0.133
pro_lifelong	90	2	50	10442.249	10.442249	False	1	0.133
pro_lifelong	90	3	50	3473.576	3.473576	False	1	0.133
pro_lifelong	90	4	50	9098.812	9.098812	False	1	0.133
pro_lifelong	91	1	50	21383.342	21.383342	False	1	0.428
pro_lifelong	91	2	50	17578.663	17.578663	False	1	0.367
pro_lifelong	91	3	50	18697.516	18.697516	False	1	0.429
pro_lifelong	91	4	50	12523.933	12.523933	False	1	0.404
pro_lifelong	91	5	50	20775.617	20.775617	False	1	0.424
pro_lifelong	91	6	50	13848.569	13.848569	False	1	0.482
pro_lifelong	91	7	50	12148.752	12.148752	False	1	0.429
pro_lifelong	91	8	50	18606.299	18.606299	False	1	0.408
pro_lifelong	91	9	50	21322.266	21.322266	False	1	0.42
pro_lifelong	91	10	50	11120.230	11.120230	False	1	0.429
pro_lifelong	91	11	50	17056.842	17.056842	False	1	0.423
pro_lifelong	92	1	50	12308.632	12.308632	False	1	0.133
pro_lifelong	92	2	50	15329.543	15.329543	False	1	0.133
pro_lifelong	92	3	50	2868.290	2.868290	False	1	0.133
pro_lifelong	92	4	50	13783.840	13.783840	False	1	0.133
pro_lifelong	93	1	50	18579.514	18.579514	False	1	0.455
pro_lifelong	93	2	50	12828.121	12.828121	False	1	0.133
pro_lifelong	93	3	50	15373.806	15.373806	False	1	0.402
pro_lifelong	93	4	50	9662.767	9.662767	False	1	0.133
pro_lifelong	93	5	50	20558.956	20.558956	False	1	0.133
pro_lifelong	93	6	50	13295.201	13.295201	False	1	0.133
pro_lifelong	94	1	50	17061.679	17.061679	False	1	0.475
pro_lifelong	94	2	50	35596.676	35.596676	False	1	0.48
pro_lifelong	94	3	50	16654.721	16.654721	False	1	0.396
pro_lifelong	94	4	50	17837.839	17.837839	False	1	0.394
pro_lifelong	94	5	50	17436.216	17.436216	False	1	0.408
pro_lifelong	94	6	50	15366.201	15.366201	False	1	0.421
pro_lifelong	95	1	50	6975.545	6.975545	False	1	0.462
pro_lifelong	95	2	50	12502.649	12.502649	False	1	0.133
pro_lifelong	95	3	50	13668.302	13.668302	False	1	0.423
pro_lifelong	95	4	50	10374.899	10.374899	False	1	0.462
pro_lifelong	95	5	50	2432.998	2.432998	False	1	0.462
pro_lifelong	95	6	50	15831.981	15.831981	False	1	0.461
pro_lifelong	96	1	50	11387.099	11.387099	False	1	0.133
pro_lifelong	96	2	50	12504.844	12.504844	False	1	0.133
pro_lifelong	96	3	50	9819.207	9.819207	False	1	0.133
pro_lifelong	96	4	50	19392.723	19.392723	False	1	0.452
pro_lifelong	96	5	50	14649.915	14.649915	False	1	0.133
pro_lifelong	96	6	50	13358.735	13.358735	False	1	0.133
pro_lifelong	96	7	50	18490.671	18.490671	False	1	0.444
pro_lifelong	96	8	50	17972.686	17.972686	False	1	0.461
pro_lifelong	96	9	50	11765.362	11.765362	False	1	0.133
pro_lifelong	97	1	50	22744.347	22.744347	False	1	0.462
pro_lifelong	97	2	50	18277.332	18.277332	False	1	0.479
pro_lifelong	97	3	50	15654.385	15.654385	False	1	0.478
pro_lifelong	97	4	50	21308.820	21.308820	False	1	0.437
pro_lifelong	97	5	50	13366.331	13.366331	False	1	0.401
pro_lifelong	97	6	50	12784.275	12.784275	False	1	0.452
pro_lifelong	97	7	50	4034.226	4.034226	False	1	0.133
pro_lifelong	98	1	50	12479.395	12.479395	False	1	0.494
pro_lifelong	98	2	50	21458.799	21.458799	False	1	0.461
pro_lifelong	98	3	50	14981.311	14.981311	False	1	0.472
pro_lifelong	98	4	50	13979.868	13.979868	False	1	0.446
pro_lifelong	98	5	50	17619.557	17.619557	False	1	0.425
pro_lifelong	98	6	50	14559.894	14.559894	False	1	0.465
pro_lifelong	99	1	50	15157.015	15.157015	False	1	0.387
pro_lifelong	99	2	50	16206.324	16.206324	False	1	0.409
pro_lifelong	99	3	50	10950.130	10.950130	False	1	0.133
pro_lifelong	99	4	50	10881.338	10.881338	False	1	0.412
pro_lifelong	99	5	50	2234.440	2.234440	False	1	0.133
pro_lifelong	99	6	50	2441.858	2.441858	False	1	0.133
pro_lifelong	99	7	50	15352.941	15.352941	False	1	0.422
pro_lifelong	99	8	50	9986.903	9.986903	False	1	0.387
pro_lifelong	99	9	50	12622.811	12.622811	False	1	0.133
pro_lifelong	99	10	50	13502.312	13.502312	False	1	0.415
pro_lifelong	99	11	50	14106.764	14.106764	False	1	0.439
pro_lifelong	99	12	50	15583.949	15.583949	False	1	0.362
pro_lifelong	99	13	50	15898.992	15.898992	False	1	0.47
pro_lifelong	99	14	50	11994.792	11.994792	False	1	0.385
pro_lifelong	99	15	50	15287.963	15.287963	False	1	0.46
pro_lifelong	99	16	50	17486.520	17.486520	False	1	0.417
pro_lifelong	99	17	50	15369.782	15.369782	False	1	0.421
pro_lifelong	99	18	50	12050.278	12.050278	False	1	0.428
pro_lifelong	100	1	50	15054.207	15.054207	False	1	0.381
pro_lifelong	100	2	50	12796.482	12.796482	False	1	0.413
pro_lifelong	100	3	50	5259.340	5.259340	False	1	0.133
pro_lifelong	100	4	50	13189.533	13.189533	False	1	0.133
pro_lifelong	100	5	50	12393.335	12.393335	False	1	0.133
pro_lifelong	100	6	50	13862.831	13.862831	False	1	0.133
pro_lifelong	101	1	50	8376.700	8.376700	False	1	0.401
pro_lifelong	101	2	50	14776.496	14.776496	False	1	0.381
pro_lifelong	101	3	50	15267.552	15.267552	False	1	0.376
pro_lifelong	101	4	50	2673.480	2.673480	False	1	0.401
pro_lifelong	101	5	50	13239.965	13.239965	False	1	0.133
pro_lifelong	101	6	50	14240.331	14.240331	False	1	0.392
pro_lifelong	102	1	50	16151.254	16.151254	False	1	0.399
pro_lifelong	102	2	50	16890.990	16.890990	False	1	0.466
pro_lifelong	102	3	50	18379.354	18.379354	False	1	0.383
pro_lifelong	102	4	50	15119.819	15.119819	False	1	0.392
pro_lifelong	102	5	50	13904.471	13.904471	False	1	0.133
pro_lifelong	102	6	50	16049.333	16.049333	False	1	0.389
pro_lifelong	102	7	50	3539.941	3.539941	False	1	0.133
pro_lifelong	103	1	50	3984.526	3.984526	False	1	0.133
pro_lifelong	103	2	50	17649.549	17.649549	False	1	0.446
pro_lifelong	103	3	50	13668.636	13.668636	False	1	0.409
pro_lifelong	103	4	50	15333.429	15.333429	False	1	0.422
pro_lifelong	103	5	50	17846.040	17.846040	False	1	0.467
pro_lifelong	103	6	50	20297.902	20.297902	False	1	0.408
pro_lifelong	103	7	50	16160.812	16.160812	False	1	0.421
pro_lifelong	103	8	50	16830.051	16.830051	False	1	0.431
pro_lifelong	103	9	50	18064.881	18.064881	False	1	0.424
pro_lifelong	103	10	50	1753.517	1.753517	False	1	0.133
pro_lifelong	104	1	50	16605.898	16.605898	False	1	0.392
pro_lifelong	104	2	50	14305.245	14.305245	False	1	0.133
pro_lifelong	104	3	50	14080.303	14.080303	False	1	0.385
pro_lifelong	104	4	50	16251.036	16.251036	False	1	0.459
pro_lifelong	104	5	50	18059.142	18.059142	False	1	0.475
pro_lifelong	104	6	50	27445.344	27.445344	False	1	0.442
pro_lifelong	104	7	50	5042.691	5.042691	False	1	0.411
pro_lifelong	104	8	50	18497.416	18.497416	False	1	0.437
pro_lifelong	104	9	50	17661.365	17.661365	False	1	0.407
pro_lifelong	104	10	50	19657.292	19.657292	False	1	0.531
pro_lifelong	104	11	50	2793.385	2.793385	False	1	0.411
pro_lifelong	104	12	50	13538.769	13.538769	False	1	0.38
pro_lifelong	104	13	50	13022.971	13.022971	False	1	0.133
pro_lifelong	104	14	50	18529.621	18.529621	False	1	0.373
pro_lifelong	104	15	50	14069.361	14.069361	False	1	0.423
pro_lifelong	105	1	50	3272.466	3.272466	False	1	0.133
pro_lifelong	105	2	50	15204.839	15.204839	False	1	0.133
pro_lifelong	105	3	50	17593.314	17.593314	False	1	0.425
pro_lifelong	105	4	50	16729.209	16.729209	True	1	0.783
pro_lifelong	106	1	50	3770.548	3.770548	False	1	0.133
pro_lifelong	106	2	50	16750.600	16.750600	False	1	0.432
pro_lifelong	106	3	50	1913.937	1.913937	False	1	0.133
pro_lifelong	106	4	50	12725.347	12.725347	False	1	0.133
pro_lifelong	106	5	50	2674.732	2.674732	False	1	0.133
pro_lifelong	106	6	50	16240.282	16.240282	False	1	0.133
pro_lifelong	107	1	50	10344.796	10.344796	False	1	0.133
pro_lifelong	107	2	50	21513.344	21.513344	False	1	0.462
pro_lifelong	107	3	50	12062.150	12.062150	False	1	0.133
pro_lifelong	107	4	50	19548.049	19.548049	False	1	0.133
pro_lifelong	107	5	50	26519.342	26.519342	False	1	0.468
pro_lifelong	107	6	50	10450.103	10.450103	False	1	0.133
pro_lifelong	107	7	50	11023.040	11.023040	False	1	0.432
pro_lifelong	108	1	50	19397.630	19.397630	False	1	0.425
pro_lifelong	108	2	50	15423.517	15.423517	False	1	0.424
pro_lifelong	108	3	50	15624.927	15.624927	False	1	0.431
pro_lifelong	108	4	50	16312.747	16.312747	False	1	0.427
pro_lifelong	108	5	50	16466.217	16.466217	False	1	0.4
pro_lifelong	108	6	50	11651.387	11.651387	False	1	0.133
pro_lifelong	109	1	50	14754.316	14.754316	False	1	0.411
pro_lifelong	109	2	50	22427.372	22.427372	False	1	0.433
pro_lifelong	109	3	50	16754.944	16.754944	False	1	0.428
pro_lifelong	109	4	50	18264.675	18.264675	False	1	0.462
pro_lifelong	109	5	50	15920.142	15.920142	False	1	0.421
pro_lifelong	109	6	50	11731.837	11.731837	False	1	0.133
pro_lifelong	109	7	50	15961.569	15.961569	False	1	0.387
pro_lifelong	109	8	50	17517.238	17.517238	False	1	0.366
pro_lifelong	109	9	50	18877.709	18.877709	False	1	0.439
pro_lifelong	110	1	50	18098.162	18.098162	False	1	0.383
pro_lifelong	110	2	50	20689.918	20.689918	False	1	0.133
pro_lifelong	110	3	50	17664.402	17.664402	False	1	0.421
pro_lifelong	110	4	50	10399.775	10.399775	False	1	0.424
pro_lifelong	110	5	50	2638.340	2.638340	False	1	0.133
pro_lifelong	110	6	50	15667.913	15.667913	False	1	0.401
pro_lifelong	110	7	50	3334.165	3.334165	False	1	0.133
pro_lifelong	110	8	50	14653.266	14.653266	False	1	0.429
pro_lifelong	111	1	50	13594.666	13.594666	False	1	0.418
pro_lifelong	111	2	50	4283.565	4.283565	False	1	0.133
pro_lifelong	111	3	50	11749.842	11.749842	False	1	0.133
pro_lifelong	111	4	50	14862.326	14.862326	False	1	0.454
pro_lifelong	111	5	50	21234.581	21.234581	False	1	0.427
pro_lifelong	111	6	50	15727.667	15.727667	False	1	0.438
pro_lifelong	111	7	50	2514.537	2.514537	False	1	0.133
pro_lifelong	111	8	50	4673.292	4.673292	False	1	0.133
pro_lifelong	111	9	50	16386.524	16.386524	False	1	0.477
pro_lifelong	111	10	50	16082.360	16.082360	False	1	0.435
pro_lifelong	111	11	50	2511.332	2.511332	False	1	0.133
pro_lifelong	111	12	50	16415.654	16.415654	False	1	0.469
pro_lifelong	111	13	50	3430.571	3.430571	False	1	0.133
pro_lifelong	111	14	50	2796.677	2.796677	False	1	0.133
pro_lifelong	112	1	50	18754.533	18.754533	False	1	0.432
pro_lifelong	112	2	50	16539.182	16.539182	False	1	0.133
pro_lifelong	112	3	50	19357.413	19.357413	False	1	0.484
pro_lifelong	112	4	50	16917.722	16.917722	False	1	0.43
pro_lifelong	112	5	50	2712.335	2.712335	False	1	0.133
pro_lifelong	112	6	50	10553.731	10.553731	False	1	0.133
pro_lifelong	112	7	50	12264.624	12.264624	False	1	0.133
pro_lifelong	112	8	50	1512.040	1.512040	False	1	0.133
pro_lifelong	113	1	50	17753.692	17.753692	False	1	0.463
pro_lifelong	113	2	50	19574.322	19.574322	False	1	0.456
pro_lifelong	113	3	50	16717.446	16.717446	False	1	0.437
pro_lifelong	113	4	50	3797.989	3.797989	False	1	0.133
pro_lifelong	113	5	50	13059.850	13.059850	False	1	0.133
pro_lifelong	113	6	50	16248.369	16.248369	False	1	0.469
pro_lifelong	114	1	50	13424.446	13.424446	False	1	0.133
pro_lifelong	114	2	50	10596.799	10.596799	False	1	0.133
pro_lifelong	114	3	50	12775.270	12.775270	False	1	0.133
pro_lifelong	114	4	50	11601.460	11.601460	False	1	0.409
pro_lifelong	114	5	50	2433.432	2.433432	False	1	0.133
pro_lifelong	114	6	50	10565.854	10.565854	False	1	0.133
pro_lifelong	114	7	50	14658.691	14.658691	False	1	0.133
pro_lifelong	114	8	50	11601.206	11.601206	False	1	0.133
pro_lifelong	115	1	50	11739.969	11.739969	False	1	0.133
pro_lifelong	115	2	50	12970.128	12.970128	False	1	0.426
pro_lifelong	115	3	50	4372.732	4.372732	False	1	0.133
pro_lifelong	115	4	50	12447.573	12.447573	False	1	0.133
pro_lifelong	115	5	50	15193.507	15.193507	False	1	0.133
pro_lifelong	115	6	50	13575.180	13.575180	False	1	0.133
pro_lifelong	116	1	50	11101.148	11.101148	False	1	0.133
pro_lifelong	116	2	50	4368.319	4.368319	False	1	0.133
pro_lifelong	116	3	50	12938.768	12.938768	False	1	0.133
pro_lifelong	116	4	50	13919.007	13.919007	False	1	0.133
pro_lifelong	117	1	50	14029.541	14.029541	False	1	0.395
pro_lifelong	117	2	50	13048.938	13.048938	False	1	0.133
pro_lifelong	117	3	50	14621.242	14.621242	False	1	0.512
pro_lifelong	117	4	50	16138.677	16.138677	False	1	0.364
pro_lifelong	117	5	50	15974.288	15.974288	False	1	0.546
pro_lifelong	117	6	50	14011.314	14.011314	False	1	0.432
pro_lifelong	117	7	50	15208.949	15.208949	False	1	0.431
pro_lifelong	117	8	50	11249.528	11.249528	False	1	0.133
pro_lifelong	117	9	50	18099.791	18.099791	False	1	0.455
pro_lifelong	117	10	50	12242.273	12.242273	False	1	0.133
pro_lifelong	118	1	50	18696.343	18.696343	False	1	0.424
pro_lifelong	118	2	50	15237.982	15.237982	False	1	0.4
pro_lifelong	118	3	50	15083.668	15.083668	True	1	0.788
pro_lifelong	119	1	50	7706.050	7.706050	False	1	0.459
pro_lifelong	119	2	50	14273.679	14.273679	False	1	0.133
pro_lifelong	119	3	50	2119.063	2.119063	False	1	0.459
pro_lifelong	119	4	50	22137.258	22.137258	False	1	0.521
pro_lifelong	119	5	50	12101.752	12.101752	False	1	0.133
pro_lifelong	119	6	50	32998.805	32.998805	False	1	0.466
pro_lifelong	119	7	50	13258.025	13.258025	False	1	0.133
pro_lifelong	119	8	50	12309.324	12.309324	False	1	0.133
pro_lifelong	119	9	50	3326.870	3.326870	False	1	0.459
pro_lifelong	120	1	50	11508.160	11.508160	False	1	0.133
pro_lifelong	120	2	50	19866.950	19.866950	False	1	0.479
pro_lifelong	120	3	50	17651.744	17.651744	False	1	0.408
pro_lifelong	120	4	50	29931.720	29.931720	False	1	0.133
pro_lifelong	120	5	50	15467.703	15.467703	False	1	0.478
pro_lifelong	120	6	50	20365.982	20.365982	False	1	0.468
pro_lifelong	120	7	50	3197.321	3.197321	False	1	0.133
pro_lifelong	121	1	50	15723.676	15.723676	False	1	0.434
pro_lifelong	121	2	50	8266.457	8.266457	False	1	0.443
pro_lifelong	121	3	50	17606.086	17.606086	False	1	0.461
pro_lifelong	121	4	50	14194.331	14.194331	False	1	0.448
pro_lifelong	121	5	50	13688.503	13.688503	False	1	0.443
pro_lifelong	121	6	50	9837.926	9.837926	False	1	0.443
pro_lifelong	121	7	50	16225.372	16.225372	False	1	0.528
pro_lifelong	121	8	50	14227.300	14.227300	False	1	0.464
pro_lifelong	121	9	50	17614.963	17.614963	False	1	0.474
pro_lifelong	121	10	50	19653.619	19.653619	False	1	0.455
pro_lifelong	121	11	50	16267.956	16.267956	False	1	0.459
pro_lifelong	121	12	50	15470.212	15.470212	False	1	0.434
pro_lifelong	122	1	50	16783.328	16.783328	False	1	0.49
pro_lifelong	122	2	50	12528.864	12.528864	False	1	0.133
pro_lifelong	122	3	50	12948.332	12.948332	False	1	0.133
pro_lifelong	122	4	50	10257.588	10.257588	False	1	0.133
pro_lifelong	122	5	50	11642.891	11.642891	False	1	0.133
pro_lifelong	123	1	50	13134.846	13.134846	False	1	0.133
pro_lifelong	123	2	50	16265.192	16.265192	False	1	0.436
pro_lifelong	123	3	50	10375.368	10.375368	False	1	0.133
pro_lifelong	123	4	50	12855.174	12.855174	False	1	0.133
pro_lifelong	123	5	50	23478.193	23.478193	False	1	0.51
pro_lifelong	123	6	50	32539.692	32.539692	False	1	0.432
pro_lifelong	123	7	50	11650.707	11.650707	False	1	0.133
pro_lifelong	123	8	50	15960.780	15.960780	False	1	0.442
pro_lifelong	123	9	50	12644.456	12.644456	True	1	0.81
pro_lifelong	124	1	50	14080.674	14.080674	False	1	0.133
pro_lifelong	124	2	50	4119.564	4.119564	False	1	0.133
pro_lifelong	124	3	50	21684.685	21.684685	False	1	0.429
pro_lifelong	124	4	50	14852.150	14.852150	False	1	0.408
pro_lifelong	124	5	50	13356.080	13.356080	False	1	0.133
pro_lifelong	124	6	50	12391.629	12.391629	False	1	0.133
pro_lifelong	124	7	50	9438.270	9.438270	False	1	0.133
pro_lifelong	124	8	50	2787.157	2.787157	False	1	0.133
pro_lifelong	125	1	50	3023.607	3.023607	False	1	0.133
pro_lifelong	125	2	50	10363.089	10.363089	False	1	0.133
pro_lifelong	125	3	50	1666.621	1.666621	False	1	0.133
pro_lifelong	125	4	50	13971.777	13.971777	False	1	0.536
pro_lifelong	125	5	50	18481.033	18.481033	False	1	0.441
pro_lifelong	125	6	50	9433.380	9.433380	False	1	0.133
pro_lifelong	125	7	50	10907.932	10.907932	False	1	0.133
pro_lifelong	125	8	50	20695.934	20.695934	False	1	0.526
pro_lifelong	125	9	50	14200.618	14.200618	False	1	0.133
pro_lifelong	126	1	50	2479.195	2.479195	False	1	0.133
pro_lifelong	126	2	50	18208.257	18.208257	False	1	0.133
pro_lifelong	126	3	50	2674.656	2.674656	False	1	0.133
pro_lifelong	126	4	50	17465.515	17.465515	False	1	0.44
pro_lifelong	126	5	50	9620.198	9.620198	False	1	0.133
pro_lifelong	126	6	50	2304.374	2.304374	False	1	0.133
pro_lifelong	126	7	50	16008.039	16.008039	False	1	0.464
pro_lifelong	126	8	50	11523.367	11.523367	False	1	0.133
pro_lifelong	126	9	50	16243.587	16.243587	False	1	0.532
pro_lifelong	126	10	50	1711.628	1.711628	False	1	0.133
pro_lifelong	126	11	50	16010.999	16.010999	False	1	0.543
pro_lifelong	126	12	50	15117.933	15.117933	True	1	0.86
pro_lifelong	127	1	50	23272.356	23.272356	False	1	0.133
pro_lifelong	127	2	50	7027.259	7.027259	False	1	0.459
pro_lifelong	127	3	50	11105.817	11.105817	False	1	0.133
pro_lifelong	127	4	50	2197.636	2.197636	False	1	0.459
pro_lifelong	127	5	50	16744.771	16.744771	False	1	0.464
pro_lifelong	127	6	50	3333.726	3.333726	False	1	0.459
pro_lifelong	127	7	50	14844.122	14.844122	False	1	0.479
pro_lifelong	127	8	50	2652.301	2.652301	False	1	0.459
pro_lifelong	127	9	50	11900.971	11.900971	False	1	0.459
pro_lifelong	127	10	50	17068.940	17.068940	False	1	0.382
pro_lifelong	127	11	50	11309.000	11.309000	False	1	0.459
pro_lifelong	127	12	50	2676.486	2.676486	False	1	0.459
pro_lifelong	128	1	50	17402.241	17.402241	False	1	0.507
pro_lifelong	128	2	50	11456.141	11.456141	False	1	0.133
pro_lifelong	128	3	50	14950.727	14.950727	False	1	0.529
pro_lifelong	128	4	50	13342.732	13.342732	False	1	0.512
pro_lifelong	128	5	50	14610.433	14.610433	False	1	0.51
pro_lifelong	128	6	50	11424.263	11.424263	False	1	0.133
pro_lifelong	128	7	50	1755.299	1.755299	False	1	0.133
pro_lifelong	128	8	50	13462.465	13.462465	False	1	0.506
pro_lifelong	129	1	50	16065.365	16.065365	False	1	0.133
pro_lifelong	129	2	50	19195.851	19.195851	False	1	0.521
pro_lifelong	129	3	50	12603.579	12.603579	False	1	0.133
pro_lifelong	129	4	50	2115.203	2.115203	False	1	0.133
pro_lifelong	129	5	50	16367.673	16.367673	False	1	0.133
pro_lifelong	129	6	50	3550.410	3.550410	False	1	0.133
pro_lifelong	130	1	50	14421.351	14.421351	False	1	0.406
pro_lifelong	130	2	50	16407.271	16.407271	False	1	0.409
pro_lifelong	130	3	50	20791.943	20.791943	False	1	0.486
pro_lifelong	130	4	50	2992.470	2.992470	False	1	0.133
pro_lifelong	130	5	50	2216.017	2.216017	False	1	0.133
pro_lifelong	130	6	50	15440.613	15.440613	False	1	0.368
pro_lifelong	130	7	50	17843.755	17.843755	False	1	0.133
pro_lifelong	130	8	50	8284.931	8.284931	False	1	0.133
pro_lifelong	131	1	50	5038.453	5.038453	False	1	0.133
pro_lifelong	131	2	50	3343.884	3.343884	False	1	0.133
pro_lifelong	131	3	50	17370.447	17.370447	False	1	0.133
pro_lifelong	131	4	50	14919.277	14.919277	False	1	0.133
pro_lifelong	132	1	50	3202.728	3.202728	False	1	0.133
pro_lifelong	132	2	50	19597.069	19.597069	True	1	0.714
pro_lifelong	133	1	50	2662.013	2.662013	False	1	0.133
pro_lifelong	133	2	50	12001.403	12.001403	False	1	0.133
pro_lifelong	133	3	50	15226.443	15.226443	False	1	0.439
pro_lifelong	133	4	50	11859.606	11.859606	False	1	0.133
pro_lifelong	133	5	50	20165.865	20.165865	False	1	0.133
pro_lifelong	133	6	50	1814.143	1.814143	False	1	0.133
pro_lifelong	133	7	50	16300.819	16.300819	False	1	0.522
pro_lifelong	133	8	50	20473.458	20.473458	False	1	0.497
pro_lifelong	133	9	50	27866.735	27.866735	False	1	0.133
pro_lifelong	133	10	50	13422.489	13.422489	True	1	0.819
pro_lifelong	134	1	50	11712.794	11.712794	False	1	0.133
pro_lifelong	134	2	50	11818.579	11.818579	False	1	0.133
pro_lifelong	134	3	50	18818.848	18.818848	False	1	0.51
pro_lifelong	134	4	50	14781.424	14.781424	False	1	0.133
pro_lifelong	134	5	50	1807.975	1.807975	False	1	0.133
pro_lifelong	134	6	50	12983.457	12.983457	False	1	0.133
pro_lifelong	134	7	50	15702.578	15.702578	False	1	0.467
pro_lifelong	134	8	50	11034.308	11.034308	False	1	0.133
pro_lifelong	135	1	50	11591.580	11.591580	False	1	0.133
pro_lifelong	135	2	50	11827.973	11.827973	False	1	0.133
pro_lifelong	135	3	50	11886.431	11.886431	False	1	0.133
pro_lifelong	135	4	50	12283.900	12.283900	False	1	0.133
pro_lifelong	136	1	50	7273.912	7.273912	False	1	0.554
pro_lifelong	136	2	50	18559.045	18.559045	True	1	0.85
pro_lifelong	137	1	50	4002.398	4.002398	False	1	0.133
pro_lifelong	137	2	50	13364.836	13.364836	False	1	0.133
pro_lifelong	137	3	50	14345.717	14.345717	False	1	0.481
pro_lifelong	137	4	50	12073.224	12.073224	False	1	0.133
pro_lifelong	137	5	50	15948.059	15.948059	True	1	0.845
pro_lifelong	138	1	50	14796.071	14.796071	False	1	0.448
pro_lifelong	138	2	50	18329.981	18.329981	False	1	0.492
pro_lifelong	138	3	50	14742.708	14.742708	False	1	0.431
pro_lifelong	138	4	50	18623.529	18.623529	False	1	0.472
pro_lifelong	138	5	50	2285.230	2.285230	False	1	0.448
pro_lifelong	138	6	50	12665.861	12.665861	False	1	0.448
pro_lifelong	138	7	50	2764.169	2.764169	False	1	0.448
pro_lifelong	139	1	50	12490.747	12.490747	False	1	0.133
pro_lifelong	139	2	50	5250.754	5.250754	False	1	0.133
pro_lifelong	139	3	50	13841.298	13.841298	False	1	0.133
pro_lifelong	139	4	50	18315.805	18.315805	False	1	0.491
pro_lifelong	139	5	50	2526.158	2.526158	False	1	0.133
pro_lifelong	139	6	50	13892.675	13.892675	False	1	0.525
pro_lifelong	139	7	50	13453.307	13.453307	False	1	0.133
pro_lifelong	139	8	50	3920.981	3.920981	False	1	0.133
pro_lifelong	139	9	50	15701.860	15.701860	False	1	0.444
pro_lifelong	139	10	50	18146.988	18.146988	False	1	0.443
pro_lifelong	139	11	50	16488.498	16.488498	False	1	0.481
pro_lifelong	140	1	50	12401.771	12.401771	True	1	0.749
pro_lifelong	141	1	50	10417.737	10.417737	False	1	0.499
pro_lifelong	141	2	50	13687.673	13.687673	False	1	0.432
pro_lifelong	141	3	50	3062.927	3.062927	False	1	0.133
pro_lifelong	141	4	50	24095.746	24.095746	False	1	0.474
pro_lifelong	141	5	50	1890.391	1.890391	False	1	0.133
pro_lifelong	141	6	50	22205.762	22.205762	False	1	0.446
pro_lifelong	142	1	50	15976.161	15.976161	False	1	0.392
pro_lifelong	142	2	50	1902.329	1.902329	False	1	0.133
pro_lifelong	142	3	50	13435.209	13.435209	True	1	0.78
pro_lifelong	143	1	50	18614.723	18.614723	False	1	0.467
pro_lifelong	143	2	50	15286.411	15.286411	False	1	0.452
pro_lifelong	143	3	50	12362.064	12.362064	False	1	0.133
pro_lifelong	143	4	50	18876.023	18.876023	False	1	0.466
pro_lifelong	143	5	50	13988.433	13.988433	True	1	0.748
pro_lifelong	144	1	50	2687.053	2.687053	False	1	0.133
pro_lifelong	144	2	50	19401.587	19.401587	False	1	0.441
pro_lifelong	144	3	50	19365.177	19.365177	False	1	0.555
pro_lifelong	144	4	50	2388.478	2.388478	False	1	0.133
pro_lifelong	144	5	50	16047.128	16.047128	False	1	0.41
pro_lifelong	144	6	50	1242.750	1.242750	False	1	0.133
pro_lifelong	144	7	50	12720.943	12.720943	False	1	0.133
pro_lifelong	144	8	50	11763.384	11.763384	False	1	0.133
pro_lifelong	145	1	50	11030.623	11.030623	False	1	0.133
pro_lifelong	145	2	50	23599.157	23.599157	False	1	0.438
pro_lifelong	145	3	50	3627.648	3.627648	False	1	0.133
pro_lifelong	145	4	50	11758.919	11.758919	False	1	0.133
pro_lifelong	145	5	50	3025.335	3.025335	False	1	0.133
pro_lifelong	145	6	50	13848.074	13.848074	False	1	0.133
pro_lifelong	146	1	50	4744.851	4.744851	False	1	0.133
pro_lifelong	146	2	50	13173.309	13.173309	False	1	0.133
pro_lifelong	146	3	50	50363.565	50.363565	False	1	0.133
pro_lifelong	146	4	50	16498.237	16.498237	False	1	0.476
pro_lifelong	146	5	50	12720.614	12.720614	False	1	0.133
pro_lifelong	146	6	50	1915.380	1.915380	False	1	0.133
pro_lifelong	146	7	50	11807.092	11.807092	False	1	0.133
pro_lifelong	146	8	50	12851.464	12.851464	False	1	0.133
pro_lifelong	147	1	50	18185.810	18.185810	False	1	0.39
pro_lifelong	147	2	50	8453.742	8.453742	False	1	0.434
pro_lifelong	147	3	50	16413.263	16.413263	False	1	0.421
pro_lifelong	147	4	50	18262.683	18.262683	False	1	0.423
pro_lifelong	147	5	50	15938.637	15.938637	False	1	0.403
pro_lifelong	147	6	50	18017.396	18.017396	False	1	0.406
pro_lifelong	147	7	50	1822.741	1.822741	False	1	0.434
pro_lifelong	148	1	50	21499.043	21.499043	False	1	0.429
pro_lifelong	148	2	50	11891.313	11.891313	False	1	0.133
pro_lifelong	148	3	50	9276.590	9.276590	False	1	0.133
pro_lifelong	148	4	50	18667.102	18.667102	False	1	0.445
pro_lifelong	148	5	50	2957.452	2.957452	False	1	0.133
pro_lifelong	148	6	50	21258.071	21.258071	False	1	0.441
pro_lifelong	148	7	50	20636.666	20.636666	False	1	0.133
pro_lifelong	148	8	50	18813.839	18.813839	False	1	0.435
pro_lifelong	148	9	50	2550.959	2.550959	False	1	0.133
pro_lifelong	149	1	50	15483.003	15.483003	False	1	0.494
pro_lifelong	149	2	50	15536.424	15.536424	False	1	0.435
pro_lifelong	149	3	50	22214.985	22.214985	False	1	0.451
pro_lifelong	149	4	50	19070.650	19.070650	False	1	0.424
pro_lifelong	149	5	50	15605.798	15.605798	False	1	0.433
pro_lifelong	149	6	50	15894.209	15.894209	False	1	0.383
pro_lifelong	150	1	50	6836.519	6.836519	False	1	0.431
pro_lifelong	150	2	50	17233.388	17.233388	False	1	0.133
pro_lifelong	150	3	50	16549.325	16.549325	False	1	0.43
pro_lifelong	150	4	50	12385.226	12.385226	False	1	0.431
pro_lifelong	150	5	50	21285.184	21.285184	False	1	0.439
pro_lifelong	150	6	50	15100.140	15.100140	False	1	0.409
pro_lifelong	151	1	50	33298.180	33.298180	False	1	0.432
pro_lifelong	151	2	50	19963.619	19.963619	False	1	0.133
pro_lifelong	151	3	50	17013.426	17.013426	False	1	0.445
pro_lifelong	151	4	50	11185.027	11.185027	False	1	0.133
pro_lifelong	151	5	50	16574.742	16.574742	False	1	0.465
pro_lifelong	151	6	50	14932.225	14.932225	False	1	0.444
pro_lifelong	151	7	50	17070.792	17.070792	False	1	0.432
pro_lifelong	151	8	50	3729.388	3.729388	False	1	0.133
pro_lifelong	151	9	50	17743.499	17.743499	False	1	0.429
pro_lifelong	151	10	50	18974.714	18.974714	False	1	0.418
pro_lifelong	152	1	50	27034.046	27.034046	False	1	0.356
pro_lifelong	152	2	50	11670.302	11.670302	False	1	0.133
pro_lifelong	152	3	50	20715.817	20.715817	False	1	0.439
pro_lifelong	152	4	50	4770.100	4.770100	False	1	0.133
pro_lifelong	152	5	50	24112.537	24.112537	False	1	0.433
pro_lifelong	152	6	50	2869.089	2.869089	False	1	0.133
pro_lifelong	152	7	50	2304.848	2.304848	False	1	0.133
pro_lifelong	152	8	50	2701.134	2.701134	False	1	0.133
pro_lifelong	153	1	50	7437.426	7.437426	False	1	0.415
pro_lifelong	153	2	50	15654.974	15.654974	False	1	0.356
pro_lifelong	153	3	50	16720.060	16.720060	False	1	0.374
pro_lifelong	153	4	50	11655.615	11.655615	False	1	0.499
pro_lifelong	153	5	50	16533.706	16.533706	False	1	0.405
pro_lifelong	153	6	50	18993.903	18.993903	False	1	0.424
pro_lifelong	153	7	50	13209.061	13.209061	False	1	0.133
pro_lifelong	153	8	50	10916.238	10.916238	False	1	0.415
pro_lifelong	153	9	50	3634.885	3.634885	False	1	0.415
pro_lifelong	154	1	50	12738.543	12.738543	False	1	0.133
pro_lifelong	154	2	50	15450.649	15.450649	False	1	0.427
pro_lifelong	154	3	50	3219.299	3.219299	False	1	0.133
pro_lifelong	154	4	50	5657.644	5.657644	False	1	0.133
pro_lifelong	154	5	50	22730.583	22.730583	False	1	0.414
pro_lifelong	154	6	50	17388.412	17.388412	False	1	0.47
pro_lifelong	154	7	50	17906.549	17.906549	False	1	0.399
pro_lifelong	154	8	50	21957.770	21.957770	False	1	0.392
pro_lifelong	154	9	50	17905.791	17.905791	False	1	0.407
pro_lifelong	154	10	50	2215.739	2.215739	False	1	0.133
pro_lifelong	154	11	50	25550.186	25.550186	False	1	0.391
pro_lifelong	155	1	50	13901.879	13.901879	False	1	0.133
pro_lifelong	155	2	50	16645.244	16.645244	False	1	0.448
pro_lifelong	155	3	50	12962.322	12.962322	False	1	0.133
pro_lifelong	155	4	50	27578.098	27.578098	False	1	0.442
pro_lifelong	155	5	50	22369.079	22.369079	False	1	0.434
pro_lifelong	155	6	50	18853.428	18.853428	False	1	0.473
pro_lifelong	155	7	50	15816.008	15.816008	False	1	0.406
pro_lifelong	155	8	50	12566.179	12.566179	False	1	0.133
pro_lifelong	155	9	50	21310.633	21.310633	False	1	0.452
pro_lifelong	155	10	50	21673.732	21.673732	False	1	0.446
pro_lifelong	155	11	50	16239.749	16.239749	False	1	0.427
pro_lifelong	156	1	50	15648.224	15.648224	False	1	0.133
pro_lifelong	156	2	50	12823.738	12.823738	False	1	0.475
pro_lifelong	156	3	50	2609.760	2.609760	False	1	0.133
pro_lifelong	156	4	50	20550.413	20.550413	False	1	0.498
pro_lifelong	156	5	50	15293.809	15.293809	False	1	0.59
pro_lifelong	156	6	50	17751.203	17.751203	False	1	0.586
pro_lifelong	156	7	50	2339.208	2.339208	False	1	0.133
pro_lifelong	156	8	50	10219.596	10.219596	False	1	0.133
pro_lifelong	156	9	50	13441.642	13.441642	False	1	0.133
pro_lifelong	156	10	50	2547.869	2.547869	False	1	0.133
pro_lifelong	157	1	50	3557.524	3.557524	False	1	0.133
pro_lifelong	157	2	50	9513.930	9.513930	False	1	0.133
pro_lifelong	157	3	50	14152.020	14.152020	False	1	0.445
pro_lifelong	157	4	50	18298.389	18.298389	False	1	0.384
pro_lifelong	157	5	50	2759.062	2.759062	False	1	0.133
pro_lifelong	157	6	50	15469.757	15.469757	False	1	0.405
pro_lifelong	157	7	50	2119.564	2.119564	False	1	0.133
pro_lifelong	157	8	50	2633.090	2.633090	False	1	0.133
pro_lifelong	158	1	50	16481.811	16.481811	False	1	0.133
pro_lifelong	158	2	50	13760.244	13.760244	False	1	0.133
pro_lifelong	158	3	50	13543.490	13.543490	False	1	0.394
pro_lifelong	158	4	50	18814.481	18.814481	False	1	0.319
pro_lifelong	158	5	50	12375.637	12.375637	False	1	0.133
pro_lifelong	158	6	50	18432.741	18.432741	False	1	0.428
pro_lifelong	158	7	50	16547.495	16.547495	False	1	0.409
pro_lifelong	158	8	50	13695.635	13.695635	False	1	0.133
pro_lifelong	158	9	50	17632.232	17.632232	False	1	0.431
pro_lifelong	158	10	50	20575.781	20.575781	False	1	0.375
pro_lifelong	158	11	50	14311.898	14.311898	False	1	0.395
pro_lifelong	159	1	50	8673.413	8.673413	False	1	0.413
pro_lifelong	159	2	50	13838.056	13.838056	False	1	0.133
pro_lifelong	159	3	50	10307.507	10.307507	False	1	0.133
pro_lifelong	159	4	50	17364.516	17.364516	False	1	0.133
pro_lifelong	159	5	50	3163.310	3.163310	False	1	0.413
pro_lifelong	159	6	50	2843.317	2.843317	False	1	0.413
pro_lifelong	160	1	50	23021.631	23.021631	True	1	0.823
pro_lifelong	161	1	50	3595.373	3.595373	False	1	0.133
pro_lifelong	161	2	50	2122.444	2.122444	False	1	0.133
pro_lifelong	161	3	50	16777.320	16.777320	False	1	0.525
pro_lifelong	161	4	50	1812.070	1.812070	False	1	0.133
pro_lifelong	161	5	50	13933.400	13.933400	False	1	0.133
pro_lifelong	161	6	50	11835.281	11.835281	False	1	0.133
pro_lifelong	161	7	50	15399.024	15.399024	False	1	0.473
pro_lifelong	161	8	50	9625.644	9.625644	False	1	0.133
pro_lifelong	162	1	50	12403.149	12.403149	False	1	0.133
pro_lifelong	162	2	50	2868.825	2.868825	False	1	0.133
pro_lifelong	162	3	50	3029.422	3.029422	False	1	0.133
pro_lifelong	162	4	50	2157.334	2.157334	False	1	0.133
pro_lifelong	163	1	50	31303.367	31.303367	False	1	0.471
pro_lifelong	163	2	50	2750.659	2.750659	False	1	0.133
pro_lifelong	163	3	50	11110.220	11.110220	False	1	0.133
pro_lifelong	163	4	50	15875.877	15.875877	False	1	0.542
pro_lifelong	163	5	50	12445.874	12.445874	False	1	0.133
pro_lifelong	163	6	50	10397.054	10.397054	False	1	0.499
pro_lifelong	163	7	50	14250.619	14.250619	False	1	0.133
pro_lifelong	163	8	50	15657.030	15.657030	False	1	0.133
pro_lifelong	163	9	50	16704.710	16.704710	False	1	0.444
pro_lifelong	164	1	50	4183.590	4.183590	False	1	0.133
pro_lifelong	164	2	50	14985.113	14.985113	False	1	0.43
pro_lifelong	164	3	50	10510.652	10.510652	False	1	0.133
pro_lifelong	164	4	50	13934.448	13.934448	False	1	0.133
pro_lifelong	164	5	50	9916.539	9.916539	False	1	0.133
pro_lifelong	164	6	50	17364.676	17.364676	False	1	0.39
pro_lifelong	164	7	50	13743.864	13.743864	False	1	0.133
pro_lifelong	165	1	50	23126.574	23.126574	False	1	0.504
pro_lifelong	165	2	50	19494.051	19.494051	False	1	0.49
pro_lifelong	165	3	50	10793.128	10.793128	False	1	0.133
pro_lifelong	165	4	50	14825.672	14.825672	False	1	0.133
pro_lifelong	165	5	50	4320.240	4.320240	False	1	0.133
pro_lifelong	165	6	50	12561.518	12.561518	False	1	0.433
pro_lifelong	166	1	50	16765.128	16.765128	False	1	0.485
pro_lifelong	166	2	50	15547.094	15.547094	False	1	0.454
pro_lifelong	166	3	50	15254.310	15.254310	False	1	0.133
pro_lifelong	166	4	50	20547.190	20.547190	False	1	0.385
pro_lifelong	166	5	50	17882.328	17.882328	False	1	0.439
pro_lifelong	166	6	50	24865.834	24.865834	False	1	0.439
pro_lifelong	167	1	50	17721.529	17.721529	False	1	0.464
pro_lifelong	167	2	50	32061.352	32.061352	False	1	0.489
pro_lifelong	167	3	50	6839.901	6.839901	False	1	0.395
pro_lifelong	167	4	50	4074.071	4.074071	False	1	0.395
pro_lifelong	167	5	50	2792.532	2.792532	False	1	0.395
pro_lifelong	167	6	50	2071.362	2.071362	False	1	0.395
pro_lifelong	167	7	50	34868.002	34.868002	True	1	0.829
pro_lifelong	168	1	50	3970.346	3.970346	False	1	0.133
pro_lifelong	168	2	50	11700.147	11.700147	False	1	0.133
pro_lifelong	168	3	50	18006.207	18.006207	False	1	0.442
pro_lifelong	168	4	50	10889.985	10.889985	False	1	0.133
pro_lifelong	168	5	50	19059.745	19.059745	False	1	0.449
pro_lifelong	168	6	50	22203.274	22.203274	False	1	0.444
pro_lifelong	168	7	50	26033.976	26.033976	False	1	0.518
pro_lifelong	168	8	50	17634.480	17.634480	False	1	0.451
pro_lifelong	168	9	50	15693.880	15.693880	False	1	0.327
pro_lifelong	168	10	50	22122.787	22.122787	False	1	0.477
pro_lifelong	168	11	50	14523.853	14.523853	False	1	0.412
pro_lifelong	168	12	50	10180.729	10.180729	False	1	0.133
pro_lifelong	169	1	50	15419.351	15.419351	False	1	0.133
pro_lifelong	169	2	50	14583.296	14.583296	False	1	0.476
pro_lifelong	169	3	50	14380.715	14.380715	False	1	0.437
pro_lifelong	169	4	50	14637.258	14.637258	False	1	0.415
pro_lifelong	169	5	50	11454.094	11.454094	False	1	0.133
pro_lifelong	169	6	50	7391.927	7.391927	False	1	0.54
pro_lifelong	169	7	50	14567.136	14.567136	False	1	0.496
pro_lifelong	169	8	50	18259.049	18.259049	False	1	0.521
pro_lifelong	169	9	50	16763.721	16.763721	False	1	0.355
pro_lifelong	169	10	50	11106.657	11.106657	False	1	0.133
pro_lifelong	169	11	50	18344.056	18.344056	False	1	0.133
pro_lifelong	170	1	50	26792.916	26.792916	False	1	0.523
pro_lifelong	170	2	50	36197.069	36.197069	False	1	0.45
pro_lifelong	170	3	50	19626.383	19.626383	False	1	0.498
pro_lifelong	170	4	50	22791.542	22.791542	False	1	0.488
pro_lifelong	170	5	50	21541.896	21.541896	False	1	0.455
pro_lifelong	170	6	50	19372.700	19.372700	False	1	0.499
pro_lifelong	171	1	50	8546.173	8.546173	False	1	0.133
pro_lifelong	171	2	50	16015.429	16.015429	False	1	0.438
pro_lifelong	171	3	50	9407.884	9.407884	False	1	0.133
pro_lifelong	171	4	50	14796.464	14.796464	False	1	0.133
pro_lifelong	171	5	50	18742.918	18.742918	False	1	0.42
pro_lifelong	171	6	50	14195.700	14.195700	False	1	0.42
pro_lifelong	171	7	50	15952.850	15.952850	False	1	0.477
pro_lifelong	171	8	50	10057.309	10.057309	False	1	0.133
pro_lifelong	171	9	50	20356.264	20.356264	False	1	0.133
pro_lifelong	171	10	50	17701.233	17.701233	False	1	0.43
pro_lifelong	171	11	50	24613.217	24.613217	False	1	0.456
pro_lifelong	171	12	50	19491.954	19.491954	False	1	0.398
pro_lifelong	172	1	50	15610.388	15.610388	False	1	0.579
pro_lifelong	172	2	50	10468.144	10.468144	False	1	0.133
pro_lifelong	172	3	50	18980.029	18.980029	False	1	0.133
pro_lifelong	172	4	50	8956.654	8.956654	False	1	0.579
pro_lifelong	172	5	50	3310.459	3.310459	False	1	0.133
pro_lifelong	172	6	50	15072.309	15.072309	False	1	0.512
pro_lifelong	173	1	50	12457.996	12.457996	False	1	0.511
pro_lifelong	173	2	50	4068.593	4.068593	False	1	0.133
pro_lifelong	173	3	50	14772.290	14.772290	False	1	0.459
pro_lifelong	173	4	50	11463.321	11.463321	False	1	0.516
pro_lifelong	173	5	50	14457.838	14.457838	False	1	0.509
pro_lifelong	173	6	50	3170.550	3.170550	False	1	0.133
pro_lifelong	174	1	50	2535.829	2.535829	False	1	0.133
pro_lifelong	174	2	50	30720.652	30.720652	True	1	0.833
pro_lifelong	175	1	50	2297.303	2.297303	False	1	0.133
pro_lifelong	175	2	50	2381.634	2.381634	False	1	0.133
pro_lifelong	175	3	50	2058.453	2.058453	False	1	0.133
pro_lifelong	175	4	50	22321.732	22.321732	False	1	0.45
pro_lifelong	175	5	50	11880.771	11.880771	False	1	0.133
pro_lifelong	175	6	50	8948.298	8.948298	False	1	0.133
pro_lifelong	175	7	50	11914.013	11.914013	False	1	0.133
pro_lifelong	175	8	50	22548.922	22.548922	False	1	0.492
pro_lifelong	175	9	50	12510.392	12.510392	False	1	0.488
pro_lifelong	175	10	50	2356.983	2.356983	False	1	0.133
pro_lifelong	175	11	50	12763.221	12.763221	False	1	0.133
pro_lifelong	175	12	50	22785.872	22.785872	False	1	0.46
pro_lifelong	175	13	50	16416.815	16.416815	False	1	0.474
pro_lifelong	176	1	50	20299.398	20.299398	False	1	0.477
pro_lifelong	176	2	50	12937.597	12.937597	False	1	0.133
pro_lifelong	176	3	50	10050.747	10.050747	False	1	0.133
pro_lifelong	176	4	50	17937.750	17.937750	False	1	0.517
pro_lifelong	176	5	50	9567.205	9.567205	False	1	0.432
pro_lifelong	176	6	50	10811.495	10.811495	False	1	0.133
pro_lifelong	176	7	50	13186.735	13.186735	False	1	0.133
pro_lifelong	176	8	50	19052.598	19.052598	False	1	0.432
pro_lifelong	176	9	50	2523.926	2.523926	False	1	0.133
pro_lifelong	177	1	50	45622.526	45.622526	False	1	0.133
pro_lifelong	177	2	50	12637.581	12.637581	True	1	0.752
pro_lifelong	178	1	50	18246.579	18.246579	False	1	0.426
pro_lifelong	178	2	50	20559.803	20.559803	False	1	0.133
pro_lifelong	178	3	50	16794.029	16.794029	True	1	0.806
pro_lifelong	179	1	50	21895.289	21.895289	False	1	0.419
pro_lifelong	179	2	50	13943.795	13.943795	False	1	0.373
pro_lifelong	179	3	50	20230.888	20.230888	False	1	0.438
pro_lifelong	179	4	50	8461.880	8.461880	False	1	0.435
pro_lifelong	179	5	50	15047.475	15.047475	False	1	0.427
pro_lifelong	179	6	50	15893.554	15.893554	False	1	0.452
pro_lifelong	179	7	50	10058.658	10.058658	False	1	0.499
pro_lifelong	179	8	50	35978.829	35.978829	True	1	0.854
pro_lifelong	180	1	50	17505.005	17.505005	False	1	0.456
pro_lifelong	180	2	50	4712.891	4.712891	True	1	0.857
pro_lifelong	181	1	50	19597.208	19.597208	False	1	0.358
pro_lifelong	181	2	50	83529.923	83.529923	True	1	0.946
pro_lifelong	182	1	50	24114.875	24.114875	True	1	0.934
pro_lifelong	183	1	50	11585.012	11.585012	False	1	0.133
pro_lifelong	183	2	50	6350.213	6.350213	False	1	0.444
pro_lifelong	183	3	50	11310.251	11.310251	False	1	0.133
pro_lifelong	183	4	50	2784.493	2.784493	False	1	0.444
pro_lifelong	183	5	50	9878.608	9.878608	False	1	0.133
pro_lifelong	183	6	50	13420.942	13.420942	False	1	0.133
pro_lifelong	183	7	50	9466.478	9.466478	False	1	0.133
pro_lifelong	184	1	50	11746.035	11.746035	False	1	0.133
pro_lifelong	184	2	50	17229.462	17.229462	False	1	0.448
pro_lifelong	184	3	50	13313.814	13.313814	False	1	0.133
pro_lifelong	184	4	50	16065.805	16.065805	False	1	0.462
pro_lifelong	184	5	50	7325.004	7.325004	False	1	0.427
pro_lifelong	184	6	50	3073.152	3.073152	False	1	0.427
pro_lifelong	184	7	50	18850.064	18.850064	True	1	0.826
pro_lifelong	185	1	50	13641.709	13.641709	False	1	0.432
pro_lifelong	185	2	50	9859.788	9.859788	False	1	0.463
pro_lifelong	185	3	50	16624.860	16.624860	False	1	0.458
pro_lifelong	185	4	50	14688.248	14.688248	False	1	0.519
pro_lifelong	185	5	50	1976.874	1.976874	False	1	0.463
pro_lifelong	185	6	50	12661.949	12.661949	False	1	0.452
pro_lifelong	185	7	50	14195.664	14.195664	False	1	0.484
pro_lifelong	185	8	50	21272.746	21.272746	False	1	0.556
pro_lifelong	185	9	50	20665.462	20.665462	True	1	0.831
pro_lifelong	186	1	50	13974.609	13.974609	False	1	0.133
pro_lifelong	186	2	50	13482.297	13.482297	False	1	0.514
pro_lifelong	186	3	50	1648.048	1.648048	False	1	0.133
pro_lifelong	186	4	50	2152.720	2.152720	False	1	0.133
pro_lifelong	186	5	50	1322.733	1.322733	False	1	0.133
pro_lifelong	186	6	50	2290.108	2.290108	False	1	0.133
pro_lifelong	187	1	50	8525.872	8.525872	False	1	0.43
pro_lifelong	187	2	50	18293.297	18.293297	False	1	0.396
pro_lifelong	187	3	50	19764.406	19.764406	False	1	0.519
pro_lifelong	187	4	50	15393.231	15.393231	False	1	0.133
pro_lifelong	187	5	50	18688.671	18.688671	False	1	0.449
pro_lifelong	187	6	50	4628.567	4.628567	False	1	0.43
pro_lifelong	187	7	50	14259.925	14.259925	False	1	0.133
pro_lifelong	187	8	50	10741.142	10.741142	False	1	0.43
pro_lifelong	188	1	50	7828.512	7.828512	False	1	0.42
pro_lifelong	188	2	50	19968.224	19.968224	False	1	0.457
pro_lifelong	188	3	50	20674.540	20.674540	False	1	0.436
pro_lifelong	188	4	50	17585.098	17.585098	False	1	0.449
pro_lifelong	188	5	50	23100.371	23.100371	False	1	0.393
pro_lifelong	188	6	50	15671.150	15.671150	False	1	0.133
pro_lifelong	188	7	50	16469.756	16.469756	False	1	0.452
pro_lifelong	189	1	50	20225.284	20.225284	False	1	0.467
pro_lifelong	189	2	50	24792.813	24.792813	True	1	0.838
pro_lifelong	190	1	50	2293.724	2.293724	False	1	0.133
pro_lifelong	190	2	50	1995.127	1.995127	False	1	0.133
pro_lifelong	190	3	50	27287.575	27.287575	True	1	0.818
pro_lifelong	191	1	50	7013.780	7.013780	False	1	0.404
pro_lifelong	191	2	50	20480.179	20.480179	True	1	0.779
pro_lifelong	192	1	50	14358.245	14.358245	False	1	0.504
pro_lifelong	192	2	50	19856.730	19.856730	False	1	0.572
pro_lifelong	192	3	50	19497.389	19.497389	False	1	0.544
pro_lifelong	192	4	50	19118.781	19.118781	True	1	0.867
pro_lifelong	193	1	50	14167.921	14.167921	False	1	0.574
pro_lifelong	193	2	50	13558.959	13.558959	False	1	0.133
pro_lifelong	193	3	50	13020.489	13.020489	True	1	0.867
pro_lifelong	194	1	50	11337.839	11.337839	False	1	0.133
pro_lifelong	194	2	50	17222.588	17.222588	False	1	0.133
pro_lifelong	194	3	50	17760.412	17.760412	False	1	0.133
pro_lifelong	194	4	50	9721.998	9.721998	False	1	0.133
pro_lifelong	195	1	50	17912.399	17.912399	False	1	0.519
pro_lifelong	195	2	50	3464.448	3.464448	False	1	0.133
pro_lifelong	195	3	50	13614.271	13.614271	False	1	0.133
pro_lifelong	195	4	50	13045.040	13.045040	False	1	0.133
pro_lifelong	195	5	50	12837.532	12.837532	False	1	0.133
pro_lifelong	196	1	50	11016.205	11.016205	True	1	0.912
pro_lifelong	197	1	50	18035.110	18.035110	False	1	0.38
pro_lifelong	197	2	50	15505.368	15.505368	False	1	0.396
pro_lifelong	197	3	50	16706.325	16.706325	False	1	0.419
pro_lifelong	197	4	50	17995.774	17.995774	False	1	0.402
pro_lifelong	197	5	50	16239.365	16.239365	False	1	0.397
pro_lifelong	197	6	50	6955.852	6.955852	False	1	0.381
pro_lifelong	197	7	50	14571.502	14.571502	False	1	0.381
pro_lifelong	197	8	50	19646.435	19.646435	False	1	0.424
pro_lifelong	198	1	50	10158.647	10.158647	False	1	0.133
pro_lifelong	198	2	50	2335.753	2.335753	False	1	0.133
pro_lifelong	198	3	50	23516.937	23.516937	False	1	0.468
pro_lifelong	198	4	50	10672.680	10.672680	False	1	0.133
pro_lifelong	198	5	50	9477.796	9.477796	False	1	0.133
pro_lifelong	198	6	50	1805.078	1.805078	False	1	0.133
pro_lifelong	198	7	50	18357.818	18.357818	False	1	0.429
pro_lifelong	198	8	50	26130.717	26.130717	False	1	0.481
pro_lifelong	198	9	50	14643.110	14.643110	False	1	0.544
pro_lifelong	198	10	50	2007.552	2.007552	False	1	0.133
pro_lifelong	198	11	50	20758.025	20.758025	False	1	0.133
pro_lifelong	198	12	50	12377.437	12.377437	False	1	0.133
pro_lifelong	198	13	50	10976.058	10.976058	False	1	0.133
pro_lifelong	199	1	50	16441.707	16.441707	False	1	0.444
pro_lifelong	199	2	50	12962.001	12.962001	False	1	0.413
pro_lifelong	199	3	50	22529.542	22.529542	False	1	0.52
pro_lifelong	199	4	50	27173.621	27.173621	False	1	0.436
pro_lifelong	199	5	50	15459.903	15.459903	False	1	0.415
pro_lifelong	199	6	50	21426.834	21.426834	False	1	0.5
pro_lifelong	199	7	50	15547.946	15.547946	False	1	0.435
pro_lifelong	199	8	50	20433.355	20.433355	False	1	0.387
pro_lifelong	200	1	50	12175.404	12.175404	False	1	0.133
pro_lifelong	200	2	50	20037.246	20.037246	False	1	0.349
pro_lifelong	200	3	50	25668.949	25.668949	False	1	0.446
pro_lifelong	200	4	50	2391.153	2.391153	False	1	0.446
pro_lifelong	200	5	50	18738.943	18.738943	False	1	0.43
pro_lifelong	200	6	50	2111.300	2.111300	False	1	0.446
pro_lifelong	200	7	50	15112.470	15.112470	False	1	0.454
pro_lifelong	200	8	50	11993.065	11.993065	False	1	0.446
pro_lifelong	201	1	50	4084.411	4.084411	False	1	0.133
pro_lifelong	201	2	50	18741.420	18.741420	False	1	0.358
pro_lifelong	201	3	50	10799.086	10.799086	False	1	0.133
pro_lifelong	201	4	50	14662.650	14.662650	False	1	0.453
pro_lifelong	201	5	50	16767.130	16.767130	False	1	0.446
pro_lifelong	201	6	50	1808.253	1.808253	False	1	0.133
pro_lifelong	201	7	50	23838.693	23.838693	False	1	0.543
pro_lifelong	201	8	50	18982.423	18.982423	False	1	0.502
pro_lifelong	201	9	50	2387.929	2.387929	False	1	0.133
pro_lifelong	201	10	50	3352.146	3.352146	False	1	0.133
pro_lifelong	201	11	50	9521.001	9.521001	False	1	0.133
pro_lifelong	201	12	50	3347.393	3.347393	False	1	0.133
pro_lifelong	202	1	50	16963.107	16.963107	False	1	0.452
pro_lifelong	202	2	50	12937.630	12.937630	False	1	0.133
pro_lifelong	202	3	50	3894.940	3.894940	False	1	0.133
pro_lifelong	202	4	50	21812.147	21.812147	False	1	0.133
pro_lifelong	202	5	50	13586.352	13.586352	False	1	0.133
pro_lifelong	203	1	50	21205.467	21.205467	False	1	0.427
pro_lifelong	203	2	50	17277.900	17.277900	False	1	0.512
pro_lifelong	203	3	50	7819.176	7.819176	False	1	0.441
pro_lifelong	203	4	50	2390.728	2.390728	False	1	0.441
pro_lifelong	203	5	50	11129.961	11.129961	False	1	0.441
pro_lifelong	203	6	50	17121.176	17.121176	False	1	0.443
pro_lifelong	203	7	50	12290.751	12.290751	False	1	0.443
pro_lifelong	204	1	50	13763.711	13.763711	False	1	0.133
pro_lifelong	204	2	50	12458.634	12.458634	False	1	0.133
pro_lifelong	204	3	50	20294.948	20.294948	False	1	0.133
pro_lifelong	204	4	50	3908.206	3.908206	False	1	0.133
pro_lifelong	205	1	50	17708.357	17.708357	False	1	0.436
pro_lifelong	205	2	50	12059.806	12.059806	False	1	0.403
pro_lifelong	205	3	50	13396.299	13.396299	False	1	0.426
pro_lifelong	205	4	50	2144.872	2.144872	False	1	0.436
pro_lifelong	205	5	50	2596.332	2.596332	False	1	0.436
pro_lifelong	205	6	50	2201.356	2.201356	False	1	0.436
pro_lifelong	206	1	50	10510.584	10.510584	False	1	0.437
pro_lifelong	206	2	50	2595.867	2.595867	False	1	0.437
pro_lifelong	206	3	50	18143.147	18.143147	False	1	0.133
pro_lifelong	206	4	50	12575.406	12.575406	False	1	0.439
pro_lifelong	206	5	50	20313.138	20.313138	False	1	0.133
pro_lifelong	206	6	50	8923.858	8.923858	False	1	0.133
pro_lifelong	207	1	50	19145.870	19.145870	False	1	0.472
pro_lifelong	207	2	50	16053.277	16.053277	False	1	0.44
pro_lifelong	207	3	50	25321.049	25.321049	False	1	0.44
pro_lifelong	207	4	50	3026.394	3.026394	False	1	0.44
pro_lifelong	207	5	50	14722.840	14.722840	False	1	0.431
pro_lifelong	207	6	50	17260.873	17.260873	False	1	0.463
pro_lifelong	208	1	50	12671.949	12.671949	False	1	0.133
pro_lifelong	208	2	50	20623.197	20.623197	False	1	0.51
pro_lifelong	208	3	50	4910.035	4.910035	False	1	0.133
pro_lifelong	208	4	50	13658.125	13.658125	False	1	0.133
pro_lifelong	208	5	50	22370.945	22.370945	False	1	0.478
pro_lifelong	208	6	50	11652.667	11.652667	False	1	0.133
pro_lifelong	208	7	50	12664.570	12.664570	False	1	0.133
pro_lifelong	209	1	50	7310.212	7.310212	False	1	0.447
pro_lifelong	209	2	50	2624.486	2.624486	False	1	0.447
pro_lifelong	209	3	50	3343.470	3.343470	False	1	0.447
pro_lifelong	209	4	50	11431.963	11.431963	False	1	0.447
pro_lifelong	209	5	50	10463.839	10.463839	False	1	0.447
pro_lifelong	209	6	50	11839.050	11.839050	False	1	0.447
pro_lifelong	210	1	50	12218.313	12.218313	False	1	0.133
pro_lifelong	210	2	50	21918.701	21.918701	False	1	0.434
pro_lifelong	210	3	50	17152.411	17.152411	False	1	0.447
pro_lifelong	210	4	50	22957.619	22.957619	True	1	0.731
pro_lifelong	211	1	50	4251.426	4.251426	False	1	0.133
pro_lifelong	211	2	50	10257.687	10.257687	False	1	0.133
pro_lifelong	211	3	50	11656.273	11.656273	False	1	0.133
pro_lifelong	211	4	50	19420.612	19.420612	False	1	0.415
pro_lifelong	211	5	50	11669.797	11.669797	False	1	0.133
pro_lifelong	211	6	50	8390.551	8.390551	False	1	0.133
pro_lifelong	211	7	50	11991.798	11.991798	False	1	0.426
pro_lifelong	211	8	50	13835.193	13.835193	False	1	0.133
pro_lifelong	211	9	50	15590.259	15.590259	False	1	0.133
pro_lifelong	211	10	50	22113.041	22.113041	False	1	0.469
pro_lifelong	211	11	50	16065.872	16.065872	False	1	0.133
pro_lifelong	211	12	50	2468.571	2.468571	False	1	0.133
pro_lifelong	211	13	50	9407.196	9.407196	False	1	0.133
pro_lifelong	211	14	50	2070.672	2.070672	False	1	0.133
pro_lifelong	212	1	50	7699.150	7.699150	False	1	0.447
pro_lifelong	212	2	50	16294.865	16.294865	False	1	0.465
pro_lifelong	212	3	50	13909.327	13.909327	False	1	0.133
pro_lifelong	212	4	50	12873.889	12.873889	False	1	0.133
pro_lifelong	212	5	50	18718.758	18.718758	False	1	0.463
pro_lifelong	212	6	50	20857.661	20.857661	False	1	0.45
pro_lifelong	212	7	50	3000.057	3.000057	False	1	0.447
pro_lifelong	213	1	50	14110.624	14.110624	False	1	0.465
pro_lifelong	213	2	50	15611.897	15.611897	False	1	0.133
pro_lifelong	213	3	50	15803.553	15.803553	False	1	0.433
pro_lifelong	213	4	50	19623.786	19.623786	False	1	0.413
pro_lifelong	213	5	50	12552.335	12.552335	False	1	0.133
pro_lifelong	213	6	50	2753.838	2.753838	False	1	0.433
pro_lifelong	214	1	50	13763.850	13.763850	False	1	0.442
pro_lifelong	214	2	50	12820.077	12.820077	False	1	0.133
pro_lifelong	214	3	50	21896.161	21.896161	False	1	0.45
pro_lifelong	214	4	50	11908.685	11.908685	False	1	0.442
pro_lifelong	214	5	50	14794.525	14.794525	False	1	0.442
pro_lifelong	214	6	50	14845.330	14.845330	False	1	0.449
pro_lifelong	215	1	50	11909.163	11.909163	False	1	0.133
pro_lifelong	215	2	50	4365.457	4.365457	False	1	0.133
pro_lifelong	215	3	50	15882.773	15.882773	False	1	0.432
pro_lifelong	215	4	50	2783.714	2.783714	False	1	0.133
pro_lifelong	215	5	50	17934.647	17.934647	False	1	0.418
pro_lifelong	215	6	50	2462.932	2.462932	False	1	0.133
pro_lifelong	215	7	50	9858.944	9.858944	False	1	0.133
pro_lifelong	215	8	50	4311.370	4.311370	False	1	0.133
pro_lifelong	216	1	50	3139.443	3.139443	False	1	0.133
pro_lifelong	216	2	50	2389.183	2.389183	False	1	0.133
pro_lifelong	216	3	50	16495.491	16.495491	False	1	0.393
pro_lifelong	216	4	50	2198.437	2.198437	False	1	0.133
pro_lifelong	216	5	50	4039.020	4.039020	False	1	0.133
pro_lifelong	216	6	50	3038.199	3.038199	False	1	0.133
pro_lifelong	216	7	50	16742.032	16.742032	False	1	0.475
pro_lifelong	216	8	50	18349.323	18.349323	False	1	0.457
pro_lifelong	216	9	50	18740.136	18.740136	False	1	0.408
pro_lifelong	216	10	50	3183.468	3.183468	False	1	0.133
pro_lifelong	216	11	50	11116.889	11.116889	False	1	0.431
pro_lifelong	216	12	50	2304.410	2.304410	False	1	0.133
pro_lifelong	217	1	50	20286.378	20.286378	False	1	0.436
pro_lifelong	217	2	50	19402.639	19.402639	False	1	0.438
pro_lifelong	217	3	50	7731.062	7.731062	False	1	0.436
pro_lifelong	217	4	50	17622.556	17.622556	False	1	0.519
pro_lifelong	217	5	50	2315.411	2.315411	False	1	0.436
pro_lifelong	217	6	50	2460.966	2.460966	False	1	0.436
pro_lifelong	217	7	50	13113.337	13.113337	False	1	0.436
pro_lifelong	217	8	50	3261.530	3.261530	False	1	0.436
pro_lifelong	217	9	50	2860.690	2.860690	False	1	0.436
pro_lifelong	218	1	50	4310.250	4.310250	False	1	0.133
pro_lifelong	218	2	50	2061.102	2.061102	False	1	0.133
pro_lifelong	218	3	50	14778.790	14.778790	False	1	0.133
pro_lifelong	218	4	50	16282.735	16.282735	False	1	0.452
pro_lifelong	218	5	50	10219.728	10.219728	False	1	0.133
pro_lifelong	218	6	50	3897.463	3.897463	False	1	0.133
pro_lifelong	218	7	50	15411.075	15.411075	False	1	0.41
pro_lifelong	218	8	50	19754.483	19.754483	False	1	0.436
pro_lifelong	218	9	50	14016.392	14.016392	False	1	0.133
pro_lifelong	219	1	50	11776.578	11.776578	False	1	0.133
pro_lifelong	219	2	50	10782.944	10.782944	False	1	0.133
pro_lifelong	219	3	50	16976.341	16.976341	False	1	0.465
pro_lifelong	219	4	50	22643.869	22.643869	False	1	0.518
pro_lifelong	219	5	50	3189.214	3.189214	False	1	0.133
pro_lifelong	219	6	50	13375.848	13.375848	False	1	0.492
pro_lifelong	219	7	50	32417.696	32.417696	False	1	0.546
pro_lifelong	219	8	50	1749.805	1.749805	False	1	0.133
pro_lifelong	219	9	50	17281.875	17.281875	False	1	0.133
pro_lifelong	219	10	50	2779.831	2.779831	False	1	0.133
pro_lifelong	219	11	50	3017.819	3.017819	False	1	0.133
pro_lifelong	220	1	50	16052.812	16.052812	False	1	0.446
pro_lifelong	220	2	50	12431.203	12.431203	False	1	0.133
pro_lifelong	220	3	50	3341.164	3.341164	False	1	0.133
pro_lifelong	220	4	50	12770.172	12.770172	False	1	0.133
pro_lifelong	220	5	50	17634.498	17.634498	False	1	0.487
pro_lifelong	220	6	50	17328.848	17.328848	False	1	0.133
pro_lifelong	220	7	50	12307.702	12.307702	False	1	0.426
pro_lifelong	220	8	50	15744.941	15.744941	False	1	0.407
pro_lifelong	220	9	50	2434.222	2.434222	False	1	0.133
pro_lifelong	220	10	50	15110.626	15.110626	False	1	0.133
pro_lifelong	221	1	50	17933.464	17.933464	False	1	0.436
pro_lifelong	221	2	50	22529.977	22.529977	False	1	0.439
pro_lifelong	221	3	50	15665.038	15.665038	False	1	0.459
pro_lifelong	221	4	50	10739.955	10.739955	False	1	0.133
pro_lifelong	221	5	50	18542.632	18.542632	False	1	0.438
pro_lifelong	221	6	50	20380.698	20.380698	False	1	0.445
pro_lifelong	221	7	50	16612.662	16.612662	False	1	0.434
pro_lifelong	221	8	50	14866.307	14.866307	False	1	0.133
pro_lifelong	222	1	50	16106.285	16.106285	False	1	0.438
pro_lifelong	222	2	50	17289.719	17.289719	False	1	0.439
pro_lifelong	222	3	50	15078.130	15.078130	False	1	0.436
pro_lifelong	222	4	50	16759.642	16.759642	False	1	0.4
pro_lifelong	222	5	50	2121.177	2.121177	False	1	0.438
pro_lifelong	222	6	50	2360.064	2.360064	False	1	0.438
pro_lifelong	223	1	50	19889.381	19.889381	False	1	0.443
pro_lifelong	223	2	50	12637.387	12.637387	False	1	0.443
pro_lifelong	223	3	50	11838.611	11.838611	False	1	0.133
pro_lifelong	223	4	50	17504.804	17.504804	False	1	0.443
pro_lifelong	223	5	50	14162.023	14.162023	False	1	0.443
pro_lifelong	223	6	50	25722.092	25.722092	False	1	0.541
pro_lifelong	223	7	50	20505.265	20.505265	False	1	0.551
pro_lifelong	223	8	50	2601.171	2.601171	False	1	0.443
pro_lifelong	223	9	50	9721.506	9.721506	False	1	0.443
pro_lifelong	223	10	50	19565.211	19.565211	False	1	0.419
pro_lifelong	223	11	50	9637.408	9.637408	False	1	0.443
pro_lifelong	223	12	50	3316.458	3.316458	False	1	0.443
pro_lifelong	224	1	50	4852.938	4.852938	False	1	0.133
pro_lifelong	224	2	50	13751.583	13.751583	False	1	0.133
pro_lifelong	224	3	50	13992.583	13.992583	False	1	0.133
pro_lifelong	224	4	50	17238.293	17.238293	False	1	0.369
pro_lifelong	224	5	50	13123.761	13.123761	False	1	0.133
pro_lifelong	224	6	50	2317.967	2.317967	False	1	0.133
pro_lifelong	224	7	50	12327.806	12.327806	False	1	0.133
pro_lifelong	224	8	50	13146.179	13.146179	False	1	0.133
pro_lifelong	225	1	50	18268.488	18.268488	False	1	0.451
pro_lifelong	225	2	50	7627.339	7.627339	False	1	0.431
pro_lifelong	225	3	50	12679.324	12.679324	False	1	0.133
pro_lifelong	225	4	50	3237.882	3.237882	False	1	0.431
pro_lifelong	225	5	50	2840.804	2.840804	False	1	0.431
pro_lifelong	225	6	50	12275.672	12.275672	False	1	0.133
pro_lifelong	226	1	50	8805.036	8.805036	False	1	0.426
pro_lifelong	226	2	50	4036.306	4.036306	False	1	0.133
pro_lifelong	226	3	50	2552.891	2.552891	False	1	0.133
pro_lifelong	226	4	50	9761.341	9.761341	False	1	0.133
pro_lifelong	226	5	50	3028.061	3.028061	False	1	0.133
pro_lifelong	227	1	50	4720.367	4.720367	False	1	0.435
pro_lifelong	227	2	50	14551.439	14.551439	False	1	0.438
pro_lifelong	227	3	50	2675.976	2.675976	False	1	0.435
pro_lifelong	227	4	50	23958.025	23.958025	False	1	0.445
pro_lifelong	227	5	50	15627.544	15.627544	False	1	0.133
pro_lifelong	227	6	50	30036.370	30.036370	False	1	0.435
pro_lifelong	228	1	50	3799.960	3.799960	False	1	0.133
pro_lifelong	228	2	50	2709.072	2.709072	False	1	0.133
pro_lifelong	228	3	50	11117.430	11.117430	False	1	0.133
pro_lifelong	228	4	50	2624.867	2.624867	False	1	0.133
pro_lifelong	229	1	50	3829.273	3.829273	False	1	0.133
pro_lifelong	229	2	50	2953.228	2.953228	False	1	0.133
pro_lifelong	229	3	50	2162.246	2.162246	False	1	0.133
pro_lifelong	229	4	50	12314.633	12.314633	False	1	0.133
pro_lifelong	230	1	50	9935.853	9.935853	False	1	0.133
pro_lifelong	230	2	50	16202.071	16.202071	False	1	0.434
pro_lifelong	230	3	50	11920.721	11.920721	False	1	0.133
pro_lifelong	230	4	50	8997.797	8.997797	False	1	0.434
pro_lifelong	230	5	50	5241.506	5.241506	False	1	0.133
pro_lifelong	230	6	50	23726.684	23.726684	False	1	0.428
pro_lifelong	230	7	50	11166.986	11.166986	False	1	0.133
pro_lifelong	231	1	50	4990.416	4.990416	False	1	0.133
pro_lifelong	231	2	50	20816.139	20.816139	False	1	0.413
pro_lifelong	231	3	50	18467.256	18.467256	False	1	0.465
pro_lifelong	231	4	50	14442.091	14.442091	False	1	0.348
pro_lifelong	231	5	50	10841.751	10.841751	False	1	0.133
pro_lifelong	231	6	50	11970.748	11.970748	False	1	0.133
pro_lifelong	231	7	50	3795.374	3.795374	False	1	0.133
pro_lifelong	231	8	50	1736.153	1.736153	False	1	0.133
pro_lifelong	232	1	50	4207.476	4.207476	False	1	0.133
pro_lifelong	232	2	50	4915.811	4.915811	False	1	0.133
pro_lifelong	232	3	50	13421.897	13.421897	False	1	0.47
pro_lifelong	232	4	50	3074.976	3.074976	False	1	0.133
pro_lifelong	232	5	50	15400.233	15.400233	False	1	0.505
pro_lifelong	232	6	50	8150.762	8.150762	False	1	0.133
pro_lifelong	232	7	50	13602.855	13.602855	False	1	0.133
pro_lifelong	232	8	50	4152.558	4.152558	False	1	0.133
pro_lifelong	232	9	50	2080.130	2.080130	False	1	0.133
pro_lifelong	233	1	50	15691.792	15.691792	False	1	0.437
pro_lifelong	233	2	50	2282.271	2.282271	False	1	0.437
pro_lifelong	233	3	50	10054.675	10.054675	False	1	0.133
pro_lifelong	233	4	50	15845.251	15.845251	False	1	0.437
pro_lifelong	233	5	50	19915.300	19.915300	False	1	0.547
pro_lifelong	233	6	50	26887.106	26.887106	False	1	0.507
pro_lifelong	233	7	50	2436.527	2.436527	False	1	0.437
pro_lifelong	233	8	50	3827.089	3.827089	False	1	0.437
pro_lifelong	233	9	50	3189.222	3.189222	False	1	0.437
pro_lifelong	233	10	50	16477.418	16.477418	False	1	0.133
pro_lifelong	234	1	50	13735.785	13.735785	False	1	0.133
pro_lifelong	234	2	50	11185.448	11.185448	False	1	0.133
pro_lifelong	234	3	50	10838.654	10.838654	False	1	0.133
pro_lifelong	234	4	50	3312.920	3.312920	False	1	0.133
pro_lifelong	235	1	50	15866.938	15.866938	False	1	0.45
pro_lifelong	235	2	50	20507.281	20.507281	False	1	0.392
pro_lifelong	235	3	50	12757.035	12.757035	False	1	0.446
pro_lifelong	235	4	50	3887.644	3.887644	False	1	0.133
pro_lifelong	235	5	50	10709.253	10.709253	False	1	0.133
pro_lifelong	235	6	50	13042.840	13.042840	False	1	0.45
pro_lifelong	236	1	50	7495.715	7.495715	False	1	0.434
pro_lifelong	236	2	50	17732.743	17.732743	False	1	0.415
pro_lifelong	236	3	50	2548.526	2.548526	False	1	0.434
pro_lifelong	236	4	50	15552.128	15.552128	False	1	0.133
pro_lifelong	236	5	50	24442.291	24.442291	False	1	0.49
pro_lifelong	236	6	50	3276.490	3.276490	False	1	0.434
pro_lifelong	236	7	50	2600.524	2.600524	False	1	0.434
pro_lifelong	236	8	50	18389.434	18.389434	True	1	0.843
pro_lifelong	237	1	50	14481.942	14.481942	False	1	0.447
pro_lifelong	237	2	50	3274.477	3.274477	False	1	0.447
pro_lifelong	237	3	50	2708.587	2.708587	False	1	0.447
pro_lifelong	237	4	50	16517.958	16.517958	False	1	0.484
pro_lifelong	237	5	50	19476.157	19.476157	False	1	0.415
pro_lifelong	237	6	50	19153.477	19.153477	False	1	0.383
pro_lifelong	237	7	50	11909.576	11.909576	False	1	0.133
pro_lifelong	237	8	50	11661.954	11.661954	False	1	0.133
pro_lifelong	237	9	50	15623.511	15.623511	False	1	0.508
pro_lifelong	237	10	50	2990.971	2.990971	False	1	0.447
pro_lifelong	237	11	50	14088.729	14.088729	False	1	0.133
pro_lifelong	237	12	50	12307.987	12.307987	False	1	0.447
pro_lifelong	237	13	50	20028.766	20.028766	False	1	0.431
pro_lifelong	237	14	50	14358.242	14.358242	False	1	0.44
pro_lifelong	238	1	50	20645.707	20.645707	False	1	0.523
pro_lifelong	238	2	50	12918.744	12.918744	False	1	0.133
pro_lifelong	238	3	50	2385.302	2.385302	False	1	0.133
pro_lifelong	238	4	50	20265.184	20.265184	True	1	0.72
pro_lifelong	239	1	50	10689.561	10.689561	False	1	0.442
pro_lifelong	239	2	50	18955.983	18.955983	False	1	0.447
pro_lifelong	239	3	50	29299.944	29.299944	False	1	0.442
pro_lifelong	239	4	50	14749.499	14.749499	False	1	0.133
pro_lifelong	239	5	50	2457.279	2.457279	False	1	0.442
pro_lifelong	239	6	50	9249.483	9.249483	False	1	0.442
pro_lifelong	240	1	50	7813.061	7.813061	False	1	0.432
pro_lifelong	240	2	50	3899.025	3.899025	False	1	0.432
pro_lifelong	240	3	50	3657.149	3.657149	False	1	0.432
pro_lifelong	240	4	50	2936.073	2.936073	False	1	0.432
pro_lifelong	240	5	50	14598.309	14.598309	False	1	0.133
pro_lifelong	240	6	50	16692.869	16.692869	False	1	0.487
pro_lifelong	240	7	50	14438.410	14.438410	False	1	0.133
pro_lifelong	240	8	50	19452.203	19.452203	False	1	0.466
pro_lifelong	240	9	50	3335.071	3.335071	False	1	0.432
pro_lifelong	240	10	50	2777.142	2.777142	False	1	0.432
pro_lifelong	240	11	50	19471.219	19.471219	False	1	0.443
pro_lifelong	241	1	50	3956.057	3.956057	False	1	0.133
pro_lifelong	241	2	50	2533.273	2.533273	False	1	0.133
pro_lifelong	241	3	50	19634.151	19.634151	False	1	0.441
pro_lifelong	241	4	50	2427.176	2.427176	False	1	0.133
pro_lifelong	241	5	50	3548.519	3.548519	False	1	0.133
pro_lifelong	241	6	50	17823.361	17.823361	False	1	0.437
pro_lifelong	241	7	50	12443.243	12.443243	False	1	0.133
pro_lifelong	241	8	50	21025.398	21.025398	False	1	0.437
pro_lifelong	242	1	50	8605.643	8.605643	False	1	0.499
pro_lifelong	242	2	50	3826.836	3.826836	False	1	0.133
pro_lifelong	242	3	50	2529.602	2.529602	False	1	0.133
pro_lifelong	242	4	50	3023.574	3.023574	False	1	0.133
pro_lifelong	242	5	50	16644.667	16.644667	False	1	0.365
pro_lifelong	242	6	50	18252.223	18.252223	False	1	0.401
pro_lifelong	243	1	50	22588.730	22.588730	False	1	0.401
pro_lifelong	243	2	50	10903.296	10.903296	False	1	0.133
pro_lifelong	243	3	50	20136.530	20.136530	False	1	0.422
pro_lifelong	243	4	50	12187.189	12.187189	False	1	0.133
pro_lifelong	243	5	50	18431.423	18.431423	False	1	0.133
pro_lifelong	243	6	50	5233.425	5.233425	False	1	0.133
pro_lifelong	243	7	50	3172.767	3.172767	False	1	0.133
pro_lifelong	244	1	50	14905.465	14.905465	False	1	0.133
pro_lifelong	244	2	50	31722.992	31.722992	False	1	0.393
pro_lifelong	244	3	50	3755.255	3.755255	False	1	0.133
pro_lifelong	244	4	50	18107.301	18.107301	False	1	0.402
pro_lifelong	244	5	50	19361.615	19.361615	False	1	0.51
pro_lifelong	244	6	50	2375.992	2.375992	False	1	0.133
pro_lifelong	244	7	50	16593.985	16.593985	True	1	0.814
pro_lifelong	245	1	50	13100.055	13.100055	False	1	0.133
pro_lifelong	245	2	50	16850.860	16.850860	False	1	0.465
pro_lifelong	245	3	50	20822.353	20.822353	False	1	0.39
pro_lifelong	245	4	50	15713.258	15.713258	False	1	0.395
pro_lifelong	245	5	50	19480.600	19.480600	False	1	0.451
pro_lifelong	245	6	50	19125.492	19.125492	False	1	0.401
pro_lifelong	245	7	50	23155.821	23.155821	False	1	0.133
pro_lifelong	246	1	50	17988.420	17.988420	False	1	0.395
pro_lifelong	246	2	50	13101.482	13.101482	False	1	0.133
pro_lifelong	246	3	50	14439.918	14.439918	False	1	0.133
pro_lifelong	246	4	50	13320.075	13.320075	False	1	0.133
pro_lifelong	246	5	50	9600.271	9.600271	False	1	0.436
pro_lifelong	246	6	50	20224.510	20.224510	False	1	0.133
pro_lifelong	246	7	50	13458.089	13.458089	False	1	0.133
pro_lifelong	246	8	50	2616.420	2.616420	False	1	0.436
pro_lifelong	246	9	50	16523.906	16.523906	False	1	0.133
pro_lifelong	246	10	50	2849.204	2.849204	False	1	0.436
pro_lifelong	247	1	50	18064.684	18.064684	False	1	0.453
pro_lifelong	247	2	50	15173.183	15.173183	False	1	0.133
pro_lifelong	247	3	50	15481.264	15.481264	False	1	0.376
pro_lifelong	247	4	50	13546.502	13.546502	False	1	0.439
pro_lifelong	247	5	50	19490.138	19.490138	False	1	0.369
pro_lifelong	247	6	50	3861.571	3.861571	False	1	0.133
pro_lifelong	248	1	50	12995.862	12.995862	False	1	0.447
pro_lifelong	248	2	50	20966.308	20.966308	False	1	0.39
pro_lifelong	248	3	50	4699.806	4.699806	False	1	0.133
pro_lifelong	248	4	50	1981.474	1.981474	False	1	0.133
pro_lifelong	248	5	50	18006.686	18.006686	False	1	0.37
pro_lifelong	248	6	50	4132.791	4.132791	False	1	0.133
pro_lifelong	249	1	50	17359.020	17.359020	False	1	0.538
pro_lifelong	249	2	50	15565.703	15.565703	False	1	0.133
pro_lifelong	249	3	50	19833.732	19.833732	False	1	0.435
pro_lifelong	249	4	50	3388.953	3.388953	False	1	0.133
pro_lifelong	249	5	50	15181.017	15.181017	False	1	0.133
pro_lifelong	249	6	50	12902.573	12.902573	False	1	0.133
pro_lifelong	250	1	50	7412.209	7.412209	False	1	0.424
pro_lifelong	250	2	50	13850.794	13.850794	False	1	0.133
pro_lifelong	250	3	50	21495.911	21.495911	False	1	0.492
pro_lifelong	250	4	50	3069.749	3.069749	False	1	0.424
pro_lifelong	250	5	50	14833.536	14.833536	False	1	0.133
pro_lifelong	250	6	50	11782.081	11.782081	False	1	0.424
pro_lifelong	250	7	50	24877.113	24.877113	False	1	0.413
pro_lifelong	250	8	50	19932.400	19.932400	False	1	0.429
pro_lifelong	251	1	50	8029.724	8.029724	False	1	0.422
pro_lifelong	251	2	50	17925.133	17.925133	False	1	0.419
pro_lifelong	251	3	50	22102.675	22.102675	False	1	0.42
pro_lifelong	251	4	50	24152.503	24.152503	False	1	0.436
pro_lifelong	251	5	50	18827.228	18.827228	False	1	0.411
pro_lifelong	251	6	50	2350.233	2.350233	False	1	0.422
pro_lifelong	251	7	50	3794.351	3.794351	False	1	0.422
pro_lifelong	251	8	50	18778.195	18.778195	False	1	0.433
pro_lifelong	251	9	50	17260.868	17.260868	False	1	0.422
pro_lifelong	252	1	50	7195.636	7.195636	False	1	0.427
pro_lifelong	252	2	50	2581.220	2.581220	False	1	0.427
pro_lifelong	252	3	50	19061.945	19.061945	False	1	0.43
pro_lifelong	252	4	50	19030.684	19.030684	False	1	0.463
pro_lifelong	252	5	50	17770.493	17.770493	False	1	0.398
pro_lifelong	252	6	50	19225.025	19.225025	False	1	0.433
pro_lifelong	252	7	50	3019.121	3.019121	False	1	0.427
pro_lifelong	252	8	50	2696.737	2.696737	False	1	0.427
pro_lifelong	252	9	50	17993.423	17.993423	False	1	0.419
pro_lifelong	253	1	50	7332.223	7.332223	False	1	0.416
pro_lifelong	253	2	50	22269.768	22.269768	False	1	0.474
pro_lifelong	253	3	50	21805.898	21.805898	False	1	0.406
pro_lifelong	253	4	50	13580.623	13.580623	False	1	0.133
pro_lifelong	253	5	50	19646.499	19.646499	False	1	0.417
pro_lifelong	253	6	50	19026.383	19.026383	False	1	0.425
pro_lifelong	253	7	50	2858.269	2.858269	False	1	0.416
pro_lifelong	254	1	50	18368.010	18.368010	False	1	0.393
pro_lifelong	254	2	50	19621.891	19.621891	False	1	0.443
pro_lifelong	254	3	50	24273.403	24.273403	False	1	0.44
pro_lifelong	254	4	50	19010.234	19.010234	False	1	0.459
pro_lifelong	254	5	50	17532.042	17.532042	False	1	0.415
pro_lifelong	254	6	50	8862.934	8.862934	False	1	0.415
pro_lifelong	254	7	50	12699.981	12.699981	False	1	0.415
pro_lifelong	254	8	50	11046.710	11.046710	False	1	0.133
pro_lifelong	254	9	50	18655.008	18.655008	False	1	0.358
pro_lifelong	255	1	50	9019.001	9.019001	False	1	0.133
pro_lifelong	255	2	50	4657.742	4.657742	False	1	0.133
pro_lifelong	255	3	50	3009.463	3.009463	False	1	0.133
pro_lifelong	255	4	50	3657.060	3.657060	False	1	0.133
pro_lifelong	256	1	50	18739.680	18.739680	False	1	0.361
pro_lifelong	256	2	50	7690.931	7.690931	False	1	0.431
pro_lifelong	256	3	50	5564.635	5.564635	False	1	0.431
pro_lifelong	256	4	50	3264.993	3.264993	False	1	0.431
pro_lifelong	256	5	50	16333.872	16.333872	False	1	0.394
pro_lifelong	256	6	50	15684.715	15.684715	False	1	0.439
pro_lifelong	256	7	50	15350.965	15.350965	False	1	0.415
pro_lifelong	257	1	50	6834.585	6.834585	False	1	0.43
pro_lifelong	257	2	50	17634.281	17.634281	False	1	0.363
pro_lifelong	257	3	50	3252.793	3.252793	False	1	0.43
pro_lifelong	257	4	50	16386.915	16.386915	False	1	0.432
pro_lifelong	257	5	50	16529.503	16.529503	False	1	0.45
pro_lifelong	257	6	50	3891.871	3.891871	False	1	0.43
pro_lifelong	257	7	50	69472.182	69.472182	False	1	0.43
pro_lifelong	257	8	50	9963.842	9.963842	False	1	0.133
pro_lifelong	257	9	50	2612.337	2.612337	False	1	0.43
pro_lifelong	257	10	50	18764.036	18.764036	False	1	0.375
pro_lifelong	258	1	50	9626.080	9.626080	False	1	0.433
pro_lifelong	258	2	50	3406.268	3.406268	False	1	0.433
pro_lifelong	258	3	50	3417.274	3.417274	False	1	0.433
pro_lifelong	258	4	50	3571.983	3.571983	False	1	0.433
pro_lifelong	258	5	50	13878.376	13.878376	False	1	0.433
pro_lifelong	258	6	50	9562.590	9.562590	False	1	0.499
pro_lifelong	258	7	50	16596.115	16.596115	False	1	0.443
pro_lifelong	258	8	50	4921.819	4.921819	False	1	0.433
pro_lifelong	258	9	50	3247.499	3.247499	False	1	0.433
pro_lifelong	258	10	50	20377.466	20.377466	False	1	0.424
pro_lifelong	258	11	50	3088.617	3.088617	False	1	0.433
pro_lifelong	259	1	50	13150.800	13.150800	False	1	0.473
pro_lifelong	259	2	50	17397.747	17.397747	False	1	0.401
pro_lifelong	259	3	50	18232.344	18.232344	False	1	0.45
pro_lifelong	259	4	50	16464.371	16.464371	False	1	0.133
pro_lifelong	259	5	50	14167.555	14.167555	False	1	0.491
pro_lifelong	259	6	50	18605.633	18.605633	False	1	0.441
pro_lifelong	259	7	50	7361.809	7.361809	False	1	0.433
pro_lifelong	259	8	50	13937.616	13.937616	False	1	0.441
pro_lifelong	259	9	50	3546.932	3.546932	False	1	0.433
pro_lifelong	259	10	50	7775.208	7.775208	False	1	0.433
pro_lifelong	260	1	50	16230.066	16.230066	False	1	0.369
pro_lifelong	260	2	50	21972.195	21.972195	False	1	0.429
pro_lifelong	260	3	50	7678.134	7.678134	False	1	0.424
pro_lifelong	260	4	50	17780.924	17.780924	False	1	0.439
pro_lifelong	260	5	50	17773.627	17.773627	False	1	0.441
pro_lifelong	260	6	50	20828.377	20.828377	False	1	0.389
pro_lifelong	260	7	50	4128.431	4.128431	False	1	0.424
pro_lifelong	260	8	50	18455.478	18.455478	False	1	0.423
pro_lifelong	260	9	50	12182.780	12.182780	False	1	0.133
pro_lifelong	260	10	50	22783.871	22.783871	False	1	0.428
pro_lifelong	261	1	50	20162.160	20.162160	False	1	0.396
pro_lifelong	261	2	50	15285.145	15.285145	False	1	0.375
pro_lifelong	261	3	50	8052.240	8.052240	False	1	0.422
pro_lifelong	261	4	50	18253.423	18.253423	False	1	0.49
pro_lifelong	261	5	50	14280.452	14.280452	False	1	0.133
pro_lifelong	261	6	50	19540.457	19.540457	False	1	0.499
pro_lifelong	261	7	50	16315.111	16.315111	False	1	0.346
pro_lifelong	261	8	50	11176.738	11.176738	False	1	0.422
pro_lifelong	261	9	50	18094.734	18.094734	False	1	0.401
pro_lifelong	262	1	50	17914.512	17.914512	False	1	0.377
pro_lifelong	262	2	50	19900.576	19.900576	False	1	0.461
pro_lifelong	262	3	50	8142.874	8.142874	False	1	0.435
pro_lifelong	262	4	50	14846.749	14.846749	False	1	0.133
pro_lifelong	262	5	50	21069.480	21.069480	False	1	0.435
pro_lifelong	262	6	50	20259.269	20.259269	False	1	0.481
pro_lifelong	262	7	50	22413.833	22.413833	False	1	0.434
pro_lifelong	262	8	50	18707.201	18.707201	False	1	0.463
pro_lifelong	262	9	50	18446.874	18.446874	False	1	0.455
pro_lifelong	262	10	50	21764.235	21.764235	False	1	0.424
pro_lifelong	262	11	50	2048.814	2.048814	False	1	0.435
pro_lifelong	263	1	50	21297.411	21.297411	False	1	0.345
pro_lifelong	263	2	50	20986.218	20.986218	False	1	0.413
pro_lifelong	263	3	50	19064.872	19.064872	False	1	0.452
pro_lifelong	263	4	50	18026.948	18.026948	False	1	0.43
pro_lifelong	263	5	50	12180.572	12.180572	False	1	0.43
pro_lifelong	263	6	50	15955.954	15.955954	False	1	0.441
pro_lifelong	263	7	50	18169.160	18.169160	False	1	0.505
pro_lifelong	263	8	50	11801.767	11.801767	False	1	0.133
pro_lifelong	263	9	50	14187.547	14.187547	False	1	0.133
pro_lifelong	263	10	50	15055.551	15.055551	False	1	0.375
pro_lifelong	263	11	50	13380.049	13.380049	False	1	0.448
pro_lifelong	263	12	50	19048.749	19.048749	False	1	0.454
pro_lifelong	264	1	50	21173.499	21.173499	False	1	0.455
pro_lifelong	264	2	50	20337.249	20.337249	False	1	0.437
pro_lifelong	264	3	50	8806.806	8.806806	False	1	0.423
pro_lifelong	264	4	50	14571.306	14.571306	False	1	0.412
pro_lifelong	264	5	50	10897.191	10.897191	False	1	0.133
pro_lifelong	264	6	50	19448.381	19.448381	False	1	0.449
pro_lifelong	265	1	50	18236.863	18.236863	False	1	0.431
pro_lifelong	265	2	50	9421.721	9.421721	False	1	0.431
pro_lifelong	265	3	50	3807.191	3.807191	False	1	0.431
pro_lifelong	265	4	50	18632.936	18.632936	False	1	0.42
pro_lifelong	265	5	50	2525.379	2.525379	False	1	0.431
pro_lifelong	265	6	50	4473.797	4.473797	False	1	0.431
pro_lifelong	266	1	50	12024.961	12.024961	False	1	0.133
pro_lifelong	266	2	50	18477.349	18.477349	False	1	0.473
pro_lifelong	266	3	50	24765.213	24.765213	False	1	0.404
pro_lifelong	266	4	50	18014.206	18.014206	False	1	0.417
pro_lifelong	266	5	50	6931.705	6.931705	False	1	0.429
pro_lifelong	266	6	50	21649.580	21.649580	False	1	0.413
pro_lifelong	266	7	50	16516.500	16.516500	False	1	0.418
pro_lifelong	267	1	50	16760.102	16.760102	False	1	0.446
pro_lifelong	267	2	50	20507.165	20.507165	False	1	0.429
pro_lifelong	267	3	50	18225.019	18.225019	False	1	0.405
pro_lifelong	267	4	50	9876.492	9.876492	False	1	0.427
pro_lifelong	267	5	50	1945.979	1.945979	False	1	0.427
pro_lifelong	267	6	50	21580.141	21.580141	False	1	0.403
pro_lifelong	268	1	50	15194.897	15.194897	False	1	0.501
pro_lifelong	268	2	50	12551.340	12.551340	False	1	0.509
pro_lifelong	268	3	50	9414.737	9.414737	False	1	0.422
pro_lifelong	268	4	50	20296.204	20.296204	False	1	0.458
pro_lifelong	268	5	50	10661.890	10.661890	False	1	0.133
pro_lifelong	268	6	50	18426.839	18.426839	False	1	0.404
pro_lifelong	269	1	50	16099.979	16.099979	False	1	0.432
pro_lifelong	269	2	50	10126.660	10.126660	False	1	0.499
pro_lifelong	269	3	50	8126.983	8.126983	False	1	0.416
pro_lifelong	269	4	50	18624.399	18.624399	False	1	0.435
pro_lifelong	269	5	50	18671.974	18.671974	False	1	0.46
pro_lifelong	269	6	50	5374.458	5.374458	False	1	0.416
pro_lifelong	269	7	50	21646.640	21.646640	False	1	0.421
pro_lifelong	270	1	50	15713.426	15.713426	False	1	0.133
pro_lifelong	270	2	50	18239.759	18.239759	False	1	0.443
pro_lifelong	270	3	50	7291.117	7.291117	False	1	0.416
pro_lifelong	270	4	50	26719.787	26.719787	False	1	0.443
pro_lifelong	270	5	50	19853.402	19.853402	False	1	0.443
pro_lifelong	270	6	50	19969.696	19.969696	False	1	0.487
pro_lifelong	270	7	50	13536.096	13.536096	False	1	0.133
pro_lifelong	270	8	50	2935.599	2.935599	False	1	0.416
pro_lifelong	270	9	50	2696.478	2.696478	False	1	0.416
pro_lifelong	270	10	50	19574.915	19.574915	False	1	0.377
pro_lifelong	270	11	50	16470.512	16.470512	False	1	0.425
pro_lifelong	271	1	50	19087.881	19.087881	False	1	0.459
pro_lifelong	271	2	50	20472.535	20.472535	False	1	0.428
pro_lifelong	271	3	50	18299.360	18.299360	False	1	0.431
pro_lifelong	271	4	50	22205.188	22.205188	False	1	0.462
pro_lifelong	271	5	50	18914.890	18.914890	False	1	0.468
pro_lifelong	271	6	50	9703.267	9.703267	False	1	0.418
pro_lifelong	272	1	50	17223.964	17.223964	False	1	0.133
pro_lifelong	272	2	50	19104.064	19.104064	False	1	0.41
pro_lifelong	272	3	50	18151.286	18.151286	False	1	0.427
pro_lifelong	272	4	50	16438.005	16.438005	False	1	0.452
pro_lifelong	272	5	50	18985.387	18.985387	False	1	0.366
pro_lifelong	272	6	50	17602.605	17.602605	False	1	0.419
pro_lifelong	272	7	50	2206.945	2.206945	False	1	0.419
pro_lifelong	272	8	50	2443.086	2.443086	False	1	0.419
pro_lifelong	272	9	50	9651.332	9.651332	False	1	0.133
pro_lifelong	273	1	50	16935.292	16.935292	False	1	0.408
pro_lifelong	273	2	50	13139.639	13.139639	False	1	0.133
pro_lifelong	273	3	50	24093.350	24.093350	False	1	0.428
pro_lifelong	273	4	50	18753.203	18.753203	False	1	0.404
pro_lifelong	273	5	50	7186.277	7.186277	False	1	0.422
pro_lifelong	273	6	50	11622.087	11.622087	False	1	0.432
pro_lifelong	273	7	50	17489.193	17.489193	False	1	0.454
pro_lifelong	273	8	50	17973.277	17.973277	False	1	0.454
pro_lifelong	273	9	50	3069.440	3.069440	False	1	0.422
pro_lifelong	273	10	50	20287.406	20.287406	False	1	0.431
pro_lifelong	273	11	50	15948.357	15.948357	False	1	0.133
pro_lifelong	273	12	50	16100.454	16.100454	False	1	0.431
pro_lifelong	274	1	50	15046.814	15.046814	False	1	0.404
pro_lifelong	274	2	50	14708.034	14.708034	False	1	0.457
pro_lifelong	274	3	50	17146.369	17.146369	False	1	0.431
pro_lifelong	274	4	50	18206.158	18.206158	False	1	0.468
pro_lifelong	274	5	50	6517.996	6.517996	False	1	0.426
pro_lifelong	274	6	50	18514.405	18.514405	False	1	0.471
pro_lifelong	274	7	50	30641.147	30.641147	False	1	0.436
pro_lifelong	274	8	50	3659.702	3.659702	False	1	0.426
pro_lifelong	274	9	50	18194.000	18.194000	False	1	0.436
pro_lifelong	275	1	50	16647.404	16.647404	False	1	0.312
pro_lifelong	275	2	50	16598.640	16.598640	False	1	0.465
pro_lifelong	275	3	50	22435.700	22.435700	False	1	0.407
pro_lifelong	275	4	50	19367.695	19.367695	False	1	0.416
pro_lifelong	275	5	50	13795.231	13.795231	False	1	0.45
pro_lifelong	275	6	50	20148.751	20.148751	False	1	0.456
pro_lifelong	275	7	50	17718.496	17.718496	False	1	0.451
pro_lifelong	276	1	50	6974.021	6.974021	False	1	0.441
pro_lifelong	276	2	50	19684.433	19.684433	False	1	0.438
pro_lifelong	276	3	50	20858.978	20.858978	False	1	0.374
pro_lifelong	276	4	50	14955.050	14.955050	False	1	0.133
pro_lifelong	276	5	50	22556.034	22.556034	False	1	0.438
pro_lifelong	276	6	50	2450.792	2.450792	False	1	0.441
pro_lifelong	277	1	50	15957.877	15.957877	False	1	0.433
pro_lifelong	277	2	50	2764.599	2.764599	False	1	0.433
pro_lifelong	277	3	50	17747.085	17.747085	False	1	0.463
pro_lifelong	277	4	50	3570.846	3.570846	False	1	0.433
pro_lifelong	277	5	50	8916.701	8.916701	False	1	0.499
pro_lifelong	277	6	50	17111.913	17.111913	False	1	0.435
pro_lifelong	277	7	50	3489.898	3.489898	False	1	0.433
pro_lifelong	277	8	50	20885.907	20.885907	False	1	0.445
pro_lifelong	277	9	50	2524.293	2.524293	False	1	0.433
pro_lifelong	277	10	50	2131.179	2.131179	False	1	0.433
pro_lifelong	278	1	50	8137.433	8.137433	False	1	0.429
pro_lifelong	278	2	50	13430.434	13.430434	False	1	0.428
pro_lifelong	278	3	50	18530.233	18.530233	False	1	0.45
pro_lifelong	278	4	50	17254.663	17.254663	False	1	0.437
pro_lifelong	278	5	50	14296.395	14.296395	False	1	0.133
pro_lifelong	278	6	50	16969.477	16.969477	False	1	0.425
pro_lifelong	278	7	50	2531.561	2.531561	False	1	0.429
pro_lifelong	278	8	50	17763.624	17.763624	False	1	0.472
pro_lifelong	278	9	50	17359.815	17.359815	False	1	0.133
pro_lifelong	278	10	50	20257.117	20.257117	False	1	0.449
pro_lifelong	278	11	50	3325.570	3.325570	False	1	0.429
pro_lifelong	278	12	50	11944.451	11.944451	False	1	0.133
pro_lifelong	278	13	50	3806.787	3.806787	False	1	0.429
pro_lifelong	279	1	50	18910.906	18.910906	False	1	0.428
pro_lifelong	279	2	50	2525.085	2.525085	False	1	0.428
pro_lifelong	279	3	50	17690.159	17.690159	False	1	0.481
pro_lifelong	279	4	50	12908.953	12.908953	False	1	0.396
pro_lifelong	279	5	50	18306.839	18.306839	False	1	0.4
pro_lifelong	279	6	50	15542.791	15.542791	False	1	0.133
pro_lifelong	279	7	50	14167.297	14.167297	False	1	0.133
pro_lifelong	279	8	50	10782.809	10.782809	False	1	0.49
pro_lifelong	280	1	50	11876.488	11.876488	False	1	0.499
pro_lifelong	280	2	50	20828.491	20.828491	False	1	0.471
pro_lifelong	280	3	50	8109.723	8.109723	False	1	0.42
pro_lifelong	280	4	50	2130.521	2.130521	False	1	0.42
pro_lifelong	280	5	50	20056.157	20.056157	False	1	0.355
pro_lifelong	280	6	50	2202.468	2.202468	False	1	0.42
pro_lifelong	281	1	50	6932.507	6.932507	False	1	0.434
pro_lifelong	281	2	50	16097.916	16.097916	False	1	0.376
pro_lifelong	281	3	50	18954.525	18.954525	False	1	0.436
pro_lifelong	281	4	50	14308.380	14.308380	False	1	0.474
pro_lifelong	281	5	50	11622.109	11.622109	False	1	0.133
pro_lifelong	281	6	50	16222.776	16.222776	False	1	0.133
pro_lifelong	281	7	50	17761.646	17.761646	False	1	0.43
pro_lifelong	281	8	50	2437.874	2.437874	False	1	0.434
pro_lifelong	281	9	50	19882.308	19.882308	False	1	0.434
pro_lifelong	282	1	50	8765.204	8.765204	False	1	0.413
pro_lifelong	282	2	50	17331.477	17.331477	False	1	0.405
pro_lifelong	282	3	50	20958.713	20.958713	False	1	0.459
pro_lifelong	282	4	50	22059.713	22.059713	False	1	0.406
pro_lifelong	282	5	50	17271.880	17.271880	False	1	0.442
pro_lifelong	282	6	50	20410.550	20.410550	False	1	0.433
pro_lifelong	282	7	50	22725.937	22.725937	False	1	0.428
pro_lifelong	282	8	50	13785.534	13.785534	False	1	0.133
pro_lifelong	283	1	50	14230.763	14.230763	False	1	0.133
pro_lifelong	283	2	50	4455.585	4.455585	False	1	0.133
pro_lifelong	283	3	50	31574.042	31.574042	False	1	0.449
pro_lifelong	283	4	50	17510.869	17.510869	False	1	0.39
pro_lifelong	283	5	50	17969.580	17.969580	False	1	0.349
pro_lifelong	283	6	50	18048.113	18.048113	False	1	0.432
pro_lifelong	283	7	50	16458.221	16.458221	False	1	0.44
pro_lifelong	283	8	50	17361.996	17.361996	False	1	0.39
pro_lifelong	284	1	50	17733.496	17.733496	False	1	0.495
pro_lifelong	284	2	50	14429.030	14.429030	False	1	0.133
pro_lifelong	284	3	50	19342.066	19.342066	False	1	0.452
pro_lifelong	284	4	50	8537.398	8.537398	False	1	0.439
pro_lifelong	284	5	50	19993.821	19.993821	False	1	0.46
pro_lifelong	284	6	50	18340.439	18.340439	False	1	0.398
pro_lifelong	285	1	50	11765.559	11.765559	False	1	0.482
pro_lifelong	285	2	50	6333.122	6.333122	False	1	0.441
pro_lifelong	285	3	50	12117.881	12.117881	False	1	0.133
pro_lifelong	285	4	50	3262.340	3.262340	False	1	0.441
pro_lifelong	285	5	50	19224.520	19.224520	False	1	0.448
pro_lifelong	285	6	50	8138.984	8.138984	False	1	0.441
pro_lifelong	286	1	50	8049.765	8.049765	False	1	0.43
pro_lifelong	286	2	50	18514.894	18.514894	False	1	0.439
pro_lifelong	286	3	50	15969.996	15.969996	False	1	0.442
pro_lifelong	286	4	50	18884.864	18.884864	False	1	0.444
pro_lifelong	286	5	50	22780.078	22.780078	False	1	0.429
pro_lifelong	286	6	50	10258.916	10.258916	False	1	0.426
pro_lifelong	286	7	50	16348.966	16.348966	False	1	0.378
pro_lifelong	286	8	50	2271.628	2.271628	False	1	0.43
pro_lifelong	287	1	50	26422.767	26.422767	False	1	0.486
pro_lifelong	287	2	50	19147.543	19.147543	False	1	0.45
pro_lifelong	287	3	50	7457.929	7.457929	False	1	0.446
pro_lifelong	287	4	50	20175.148	20.175148	False	1	0.466
pro_lifelong	287	5	50	18147.687	18.147687	False	1	0.386
pro_lifelong	287	6	50	11294.229	11.294229	False	1	0.133
pro_lifelong	288	1	50	8386.052	8.386052	False	1	0.441
pro_lifelong	288	2	50	21106.485	21.106485	False	1	0.471
pro_lifelong	288	3	50	2448.809	2.448809	False	1	0.441
pro_lifelong	288	4	50	17881.473	17.881473	False	1	0.462
pro_lifelong	288	5	50	2133.254	2.133254	False	1	0.441
pro_lifelong	288	6	50	13783.799	13.783799	False	1	0.133
pro_lifelong	288	7	50	23135.559	23.135559	False	1	0.383
pro_lifelong	289	1	50	14777.033	14.777033	False	1	0.133
pro_lifelong	289	2	50	13955.806	13.955806	False	1	0.4
pro_lifelong	289	3	50	11795.611	11.795611	False	1	0.409
pro_lifelong	289	4	50	17466.066	17.466066	False	1	0.41
pro_lifelong	289	5	50	14834.835	14.834835	False	1	0.133
pro_lifelong	289	6	50	22033.208	22.033208	False	1	0.496
pro_lifelong	289	7	50	3962.128	3.962128	False	1	0.133
pro_lifelong	289	8	50	2034.717	2.034717	False	1	0.133
pro_lifelong	289	9	50	2856.671	2.856671	False	1	0.133
pro_lifelong	289	10	50	18739.127	18.739127	False	1	0.495
pro_lifelong	289	11	50	2430.418	2.430418	False	1	0.133
pro_lifelong	290	1	50	9701.299	9.701299	False	1	0.436
pro_lifelong	290	2	50	21207.869	21.207869	False	1	0.407
pro_lifelong	290	3	50	11449.998	11.449998	False	1	0.436
pro_lifelong	290	4	50	13735.687	13.735687	False	1	0.432
pro_lifelong	290	5	50	20688.396	20.688396	False	1	0.407
pro_lifelong	290	6	50	16943.351	16.943351	False	1	0.449
pro_lifelong	290	7	50	7374.917	7.374917	False	1	0.436
pro_lifelong	290	8	50	2050.857	2.050857	False	1	0.436
pro_lifelong	290	9	50	17187.341	17.187341	False	1	0.494
pro_lifelong	290	10	50	19396.949	19.396949	False	1	0.445
pro_lifelong	290	11	50	17824.977	17.824977	False	1	0.407
pro_lifelong	290	12	50	2902.466	2.902466	False	1	0.436
pro_lifelong	290	13	50	16864.580	16.864580	False	1	0.454
pro_lifelong	290	14	50	1705.663	1.705663	False	1	0.436
pro_lifelong	291	1	50	20866.218	20.866218	False	1	0.379
pro_lifelong	291	2	50	7672.499	7.672499	False	1	0.436
pro_lifelong	291	3	50	2104.349	2.104349	False	1	0.436
pro_lifelong	291	4	50	20606.426	20.606426	False	1	0.428
pro_lifelong	291	5	50	17506.607	17.506607	False	1	0.42
pro_lifelong	291	6	50	4415.278	4.415278	False	1	0.436
pro_lifelong	291	7	50	16682.692	16.682692	False	1	0.419
pro_lifelong	292	1	50	11872.854	11.872854	False	1	0.438
pro_lifelong	292	2	50	20670.316	20.670316	False	1	0.412
pro_lifelong	292	3	50	15026.427	15.026427	False	1	0.469
pro_lifelong	292	4	50	2421.902	2.421902	False	1	0.438
pro_lifelong	292	5	50	28695.790	28.695790	False	1	0.446
pro_lifelong	292	6	50	20412.765	20.412765	False	1	0.443
pro_lifelong	292	7	50	18580.519	18.580519	False	1	0.422
pro_lifelong	292	8	50	2602.787	2.602787	False	1	0.438
pro_lifelong	293	1	50	18750.656	18.750656	False	1	0.45
pro_lifelong	293	2	50	19105.262	19.105262	False	1	0.391
pro_lifelong	293	3	50	11205.868	11.205868	False	1	0.435
pro_lifelong	293	4	50	15009.597	15.009597	False	1	0.442
pro_lifelong	293	5	50	13401.601	13.401601	False	1	0.133
pro_lifelong	293	6	50	5398.884	5.398884	False	1	0.435
pro_lifelong	294	1	50	13965.437	13.965437	False	1	0.408
pro_lifelong	294	2	50	7634.280	7.634280	False	1	0.429
pro_lifelong	294	3	50	18394.366	18.394366	False	1	0.434
pro_lifelong	294	4	50	15032.553	15.032553	False	1	0.404
pro_lifelong	294	5	50	15182.589	15.182589	False	1	0.133
pro_lifelong	294	6	50	18684.746	18.684746	False	1	0.478
pro_lifelong	294	7	50	16803.758	16.803758	False	1	0.468
pro_lifelong	294	8	50	16031.306	16.031306	False	1	0.464
pro_lifelong	294	9	50	3238.536	3.238536	False	1	0.429
pro_lifelong	294	10	50	17076.825	17.076825	False	1	0.426
pro_lifelong	294	11	50	3883.056	3.883056	False	1	0.429
pro_lifelong	295	1	50	8981.472	8.981472	False	1	0.416
pro_lifelong	295	2	50	15684.961	15.684961	False	1	0.37
pro_lifelong	295	3	50	19255.846	19.255846	False	1	0.416
pro_lifelong	295	4	50	20657.447	20.657447	False	1	0.453
pro_lifelong	295	5	50	16941.406	16.941406	False	1	0.448
pro_lifelong	295	6	50	2051.196	2.051196	False	1	0.416
pro_lifelong	295	7	50	2769.759	2.769759	False	1	0.416
pro_lifelong	295	8	50	1971.765	1.971765	False	1	0.416
pro_lifelong	295	9	50	22494.595	22.494595	False	1	0.333
pro_lifelong	296	1	50	7465.131	7.465131	False	1	0.426
pro_lifelong	296	2	50	3885.829	3.885829	False	1	0.426
pro_lifelong	296	3	50	19470.913	19.470913	False	1	0.433
pro_lifelong	296	4	50	13671.981	13.671981	False	1	0.133
pro_lifelong	296	5	50	2050.872	2.050872	False	1	0.426
pro_lifelong	296	6	50	19935.359	19.935359	False	1	0.42
pro_lifelong	297	1	50	20441.450	20.441450	False	1	0.416
pro_lifelong	297	2	50	7552.287	7.552287	False	1	0.421
pro_lifelong	297	3	50	17337.900	17.337900	False	1	0.133
pro_lifelong	297	4	50	13569.566	13.569566	False	1	0.133
pro_lifelong	297	5	50	1721.080	1.721080	False	1	0.421
pro_lifelong	297	6	50	20003.048	20.003048	False	1	0.448
pro_lifelong	297	7	50	18968.379	18.968379	False	1	0.466
pro_lifelong	297	8	50	3072.594	3.072594	False	1	0.421
pro_lifelong	297	9	50	16950.967	16.950967	False	1	0.133
pro_lifelong	297	10	50	19791.521	19.791521	False	1	0.418
pro_lifelong	297	11	50	17309.610	17.309610	False	1	0.428
pro_lifelong	297	12	50	17131.219	17.131219	False	1	0.355
pro_lifelong	298	1	50	13995.922	13.995922	False	1	0.133
pro_lifelong	298	2	50	16380.606	16.380606	False	1	0.133
pro_lifelong	298	3	50	18998.663	18.998663	False	1	0.437
pro_lifelong	298	4	50	17786.653	17.786653	False	1	0.436
pro_lifelong	298	5	50	19363.015	19.363015	False	1	0.407
pro_lifelong	298	6	50	15550.593	15.550593	False	1	0.397
pro_lifelong	298	7	50	8895.586	8.895586	False	1	0.133
pro_lifelong	298	8	50	10852.548	10.852548	False	1	0.133
pro_lifelong	299	1	50	12781.335	12.781335	False	1	0.133
pro_lifelong	299	2	50	18472.511	18.472511	False	1	0.438
pro_lifelong	299	3	50	14332.031	14.332031	False	1	0.443
pro_lifelong	299	4	50	12531.528	12.531528	False	1	0.133
pro_lifelong	299	5	50	19656.958	19.656958	False	1	0.388
pro_lifelong	299	6	50	16565.959	16.565959	False	1	0.389
pro_lifelong	299	7	50	18423.110	18.423110	False	1	0.43
pro_lifelong	300	1	50	16035.478	16.035478	True	1	0.808
pro_lifelong	301	1	50	32605.005	32.605005	False	1	0.546
pro_lifelong	301	2	50	21707.812	21.707812	False	1	0.546
pro_lifelong	301	3	50	17992.401	17.992401	False	1	0.506
pro_lifelong	301	4	50	16312.948	16.312948	False	1	0.133
pro_lifelong	301	5	50	19735.035	19.735035	True	1	0.853
pro_lifelong	302	1	50	4716.207	4.716207	False	1	0.133
pro_lifelong	302	2	50	13644.174	13.644174	False	1	0.133
pro_lifelong	302	3	50	13234.589	13.234589	False	1	0.133
pro_lifelong	302	4	50	17162.779	17.162779	False	1	0.48
pro_lifelong	302	5	50	12250.987	12.250987	False	1	0.133
pro_lifelong	302	6	50	15978.764	15.978764	False	1	0.133
pro_lifelong	302	7	50	22653.725	22.653725	False	1	0.498
pro_lifelong	302	8	50	20228.663	20.228663	False	1	0.492
pro_lifelong	302	9	50	21070.374	21.070374	True	1	0.866
pro_lifelong	303	1	50	14340.157	14.340157	False	1	0.133
pro_lifelong	303	2	50	13557.378	13.557378	False	1	0.133
pro_lifelong	303	3	50	3228.290	3.228290	False	1	0.133
pro_lifelong	303	4	50	17798.941	17.798941	False	1	0.133
pro_lifelong	304	1	50	21010.949	21.010949	False	1	0.422
pro_lifelong	304	2	50	26764.473	26.764473	False	1	0.398
pro_lifelong	304	3	50	8753.496	8.753496	False	1	0.42
pro_lifelong	304	4	50	16926.967	16.926967	False	1	0.475
pro_lifelong	304	5	50	17149.818	17.149818	False	1	0.426
pro_lifelong	304	6	50	23186.907	23.186907	False	1	0.429
pro_lifelong	304	7	50	16247.474	16.247474	False	1	0.411
pro_lifelong	304	8	50	31579.533	31.579533	False	1	0.442
pro_lifelong	304	9	50	14780.668	14.780668	False	1	0.41
pro_lifelong	305	1	50	6858.868	6.858868	False	1	0.452
pro_lifelong	305	2	50	14910.456	14.910456	False	1	0.44
pro_lifelong	305	3	50	25223.763	25.223763	False	1	0.452
pro_lifelong	305	4	50	2547.244	2.547244	False	1	0.452
pro_lifelong	305	5	50	4534.275	4.534275	False	1	0.452
pro_lifelong	305	6	50	21019.341	21.019341	False	1	0.41
pro_lifelong	306	1	50	3233.296	3.233296	False	1	0.133
pro_lifelong	306	2	50	2978.815	2.978815	False	1	0.133
pro_lifelong	306	3	50	10653.786	10.653786	False	1	0.133
pro_lifelong	306	4	50	2961.389	2.961389	False	1	0.133
pro_lifelong	307	1	50	12575.038	12.575038	False	1	0.133
pro_lifelong	307	2	50	2950.592	2.950592	False	1	0.133
pro_lifelong	307	3	50	10512.420	10.512420	False	1	0.133
pro_lifelong	307	4	50	11558.378	11.558378	False	1	0.133
pro_lifelong	308	1	50	2486.190	2.486190	False	1	0.133
pro_lifelong	308	2	50	10112.293	10.112293	False	1	0.432
pro_lifelong	308	3	50	3703.843	3.703843	False	1	0.133
pro_lifelong	308	4	50	2341.635	2.341635	False	1	0.133
pro_lifelong	308	5	50	3037.045	3.037045	False	1	0.133
pro_lifelong	308	6	50	13811.395	13.811395	False	1	0.133
pro_lifelong	309	1	50	11826.188	11.826188	False	1	0.133
pro_lifelong	309	2	50	12760.200	12.760200	False	1	0.133
pro_lifelong	309	3	50	12525.952	12.525952	False	1	0.133
pro_lifelong	309	4	50	17539.247	17.539247	False	1	0.479
pro_lifelong	309	5	50	16351.465	16.351465	False	1	0.133
pro_lifelong	309	6	50	14269.095	14.269095	False	1	0.133
pro_lifelong	309	7	50	14886.667	14.886667	False	1	0.133
pro_lifelong	309	8	50	3650.123	3.650123	False	1	0.133
pro_lifelong	310	1	50	11069.901	11.069901	False	1	0.133
pro_lifelong	310	2	50	2721.428	2.721428	False	1	0.133
pro_lifelong	310	3	50	1718.376	1.718376	False	1	0.133
pro_lifelong	310	4	50	18611.455	18.611455	False	1	0.133
pro_lifelong	311	1	50	10367.520	10.367520	False	1	0.133
pro_lifelong	311	2	50	13720.524	13.720524	False	1	0.133
pro_lifelong	311	3	50	13007.392	13.007392	False	1	0.133
pro_lifelong	311	4	50	2008.709	2.008709	False	1	0.133
pro_lifelong	312	1	50	6103.412	6.103412	False	1	0.133
pro_lifelong	312	2	50	15285.926	15.285926	False	1	0.133
pro_lifelong	312	3	50	19269.575	19.269575	False	1	0.4
pro_lifelong	312	4	50	5145.470	5.145470	False	1	0.133
pro_lifelong	312	5	50	13753.981	13.753981	False	1	0.133
pro_lifelong	312	6	50	20265.123	20.265123	False	1	0.4
pro_lifelong	312	7	50	21512.989	21.512989	False	1	0.459
pro_lifelong	312	8	50	3369.863	3.369863	False	1	0.133
pro_lifelong	312	9	50	3052.862	3.052862	False	1	0.133
pro_lifelong	312	10	50	13451.834	13.451834	False	1	0.133
pro_lifelong	312	11	50	14218.108	14.218108	False	1	0.398
pro_lifelong	312	12	50	14771.098	14.771098	False	1	0.458
pro_lifelong	313	1	50	12748.414	12.748414	False	1	0.429
pro_lifelong	313	2	50	12690.630	12.690630	False	1	0.133
pro_lifelong	313	3	50	14277.267	14.277267	False	1	0.429
pro_lifelong	313	4	50	22338.973	22.338973	False	1	0.476
pro_lifelong	313	5	50	2295.599	2.295599	False	1	0.133
pro_lifelong	313	6	50	16793.233	16.793233	False	1	0.394
pro_lifelong	313	7	50	15388.210	15.388210	False	1	0.133
pro_lifelong	313	8	50	16712.499	16.712499	False	1	0.365
pro_lifelong	313	9	50	18487.921	18.487921	False	1	0.429
pro_lifelong	314	1	50	9656.386	9.656386	False	1	0.133
pro_lifelong	314	2	50	2849.889	2.849889	False	1	0.133
pro_lifelong	314	3	50	3294.731	3.294731	False	1	0.133
pro_lifelong	314	4	50	14320.786	14.320786	False	1	0.133
pro_lifelong	315	1	50	13600.854	13.600854	False	1	0.381
pro_lifelong	315	2	50	17772.031	17.772031	False	1	0.415
pro_lifelong	315	3	50	8468.979	8.468979	False	1	0.382
pro_lifelong	315	4	50	20538.025	20.538025	False	1	0.39
pro_lifelong	315	5	50	16255.285	16.255285	True	1	0.667
pro_lifelong	316	1	50	14184.980	14.184980	False	1	0.404
pro_lifelong	316	2	50	17285.306	17.285306	False	1	0.442
pro_lifelong	316	3	50	16747.709	16.747709	False	1	0.414
pro_lifelong	316	4	50	12380.961	12.380961	False	1	0.133
pro_lifelong	316	5	50	2166.458	2.166458	False	1	0.414
pro_lifelong	316	6	50	10821.209	10.821209	False	1	0.414
pro_lifelong	316	7	50	2899.021	2.899021	False	1	0.414
pro_lifelong	317	1	50	18412.100	18.412100	False	1	0.371
pro_lifelong	317	2	50	16394.247	16.394247	False	1	0.377
pro_lifelong	317	3	50	8437.252	8.437252	False	1	0.386
pro_lifelong	317	4	50	11220.062	11.220062	False	1	0.133
pro_lifelong	317	5	50	10982.589	10.982589	False	1	0.386
pro_lifelong	317	6	50	18241.236	18.241236	False	1	0.367
pro_lifelong	317	7	50	13544.059	13.544059	False	1	0.367
pro_lifelong	317	8	50	2687.706	2.687706	False	1	0.386
pro_lifelong	318	1	50	19617.798	19.617798	True	1	0.804
pro_lifelong	319	1	50	14030.559	14.030559	False	1	0.133
pro_lifelong	319	2	50	9758.657	9.758657	False	1	0.133
pro_lifelong	319	3	50	18621.602	18.621602	False	1	0.417
pro_lifelong	319	4	50	11601.943	11.601943	False	1	0.133
pro_lifelong	319	5	50	2175.815	2.175815	False	1	0.133
pro_lifelong	319	6	50	14435.653	14.435653	False	1	0.133
pro_lifelong	319	7	50	18787.867	18.787867	False	1	0.403
pro_lifelong	319	8	50	20594.602	20.594602	False	1	0.465
pro_lifelong	319	9	50	2739.791	2.739791	False	1	0.133
pro_lifelong	319	10	50	10956.497	10.956497	False	1	0.133
pro_lifelong	319	11	50	2132.149	2.132149	False	1	0.133
pro_lifelong	319	12	50	1281.238	1.281238	False	1	0.133
pro_lifelong	320	1	50	15896.966	15.896966	False	1	0.476
pro_lifelong	320	2	50	17177.981	17.177981	False	1	0.402
pro_lifelong	320	3	50	9852.462	9.852462	False	1	0.415
pro_lifelong	320	4	50	20212.320	20.212320	True	1	0.763
pro_lifelong	321	1	50	3656.719	3.656719	False	1	0.133
pro_lifelong	321	2	50	2494.360	2.494360	False	1	0.133
pro_lifelong	321	3	50	1868.727	1.868727	False	1	0.133
pro_lifelong	321	4	50	15707.501	15.707501	False	1	0.133
pro_lifelong	322	1	50	12454.627	12.454627	False	1	0.133
pro_lifelong	322	2	50	16696.508	16.696508	False	1	0.433
pro_lifelong	322	3	50	7258.992	7.258992	False	1	0.469
pro_lifelong	322	4	50	18124.502	18.124502	False	1	0.43
pro_lifelong	322	5	50	22330.406	22.330406	False	1	0.419
pro_lifelong	322	6	50	2239.758	2.239758	False	1	0.469
pro_lifelong	322	7	50	3044.672	3.044672	False	1	0.469
pro_lifelong	322	8	50	21565.236	21.565236	False	1	0.428
pro_lifelong	323	1	50	20407.105	20.407105	True	1	0.686
pro_lifelong	324	1	50	18799.559	18.799559	False	1	0.387
pro_lifelong	324	2	50	7083.292	7.083292	False	1	0.499
pro_lifelong	324	3	50	32221.217	32.221217	False	1	0.459
pro_lifelong	324	4	50	17253.195	17.253195	False	1	0.439
pro_lifelong	324	5	50	13512.430	13.512430	False	1	0.499
pro_lifelong	324	6	50	8577.592	8.577592	False	1	0.433
pro_lifelong	324	7	50	22121.786	22.121786	False	1	0.395
pro_lifelong	325	1	50	17734.335	17.734335	False	1	0.382
pro_lifelong	325	2	50	16929.496	16.929496	False	1	0.133
pro_lifelong	325	3	50	29932.900	29.932900	False	1	0.377
pro_lifelong	325	4	50	24012.692	24.012692	False	1	0.379
pro_lifelong	325	5	50	14484.736	14.484736	False	1	0.133
pro_lifelong	325	6	50	11363.769	11.363769	False	1	0.47
pro_lifelong	325	7	50	17342.222	17.342222	False	1	0.47
pro_lifelong	325	8	50	1817.340	1.817340	False	1	0.47
pro_lifelong	325	9	50	2920.885	2.920885	False	1	0.47
pro_lifelong	325	10	50	16458.810	16.458810	False	1	0.133
pro_lifelong	325	11	50	2699.830	2.699830	False	1	0.47
pro_lifelong	326	1	50	27141.879	27.141879	False	1	0.133
pro_lifelong	326	2	50	16786.142	16.786142	False	1	0.44
pro_lifelong	326	3	50	14533.067	14.533067	False	1	0.133
pro_lifelong	326	4	50	3498.945	3.498945	False	1	0.133
pro_lifelong	326	5	50	17384.865	17.384865	False	1	0.336
pro_lifelong	326	6	50	17437.584	17.437584	False	1	0.133
pro_lifelong	326	7	50	11409.388	11.409388	False	1	0.133
pro_lifelong	327	1	50	18279.726	18.279726	False	1	0.133
pro_lifelong	327	2	50	4108.267	4.108267	False	1	0.133
pro_lifelong	327	3	50	26084.751	26.084751	False	1	0.497
pro_lifelong	327	4	50	2613.821	2.613821	False	1	0.133
pro_lifelong	327	5	50	14725.331	14.725331	False	1	0.353
pro_lifelong	327	6	50	16526.690	16.526690	False	1	0.368
pro_lifelong	327	7	50	12013.610	12.013610	False	1	0.133
pro_lifelong	327	8	50	1769.633	1.769633	False	1	0.133
pro_lifelong	328	1	50	11906.165	11.906165	False	1	0.133
pro_lifelong	328	2	50	4380.571	4.380571	False	1	0.133
pro_lifelong	328	3	50	11554.041	11.554041	False	1	0.133
pro_lifelong	328	4	50	15750.393	15.750393	False	1	0.428
pro_lifelong	328	5	50	13231.124	13.231124	False	1	0.39
pro_lifelong	328	6	50	17518.585	17.518585	False	1	0.436
pro_lifelong	328	7	50	12513.917	12.513917	False	1	0.133
pro_lifelong	328	8	50	18544.706	18.544706	False	1	0.372
pro_lifelong	328	9	50	16282.324	16.282324	False	1	0.374
pro_lifelong	329	1	50	14095.184	14.095184	False	1	0.133
pro_lifelong	329	2	50	7647.738	7.647738	False	1	0.388
pro_lifelong	329	3	50	2769.318	2.769318	False	1	0.388
pro_lifelong	329	4	50	3573.422	3.573422	False	1	0.388
pro_lifelong	329	5	50	18964.685	18.964685	False	1	0.436
pro_lifelong	329	6	50	16140.990	16.140990	False	1	0.378
pro_lifelong	329	7	50	20256.146	20.256146	True	1	0.729
pro_lifelong	330	1	50	7775.777	7.775777	False	1	0.461
pro_lifelong	330	2	50	33122.280	33.122280	False	1	0.461
pro_lifelong	330	3	50	15080.139	15.080139	False	1	0.458
pro_lifelong	330	4	50	13784.386	13.784386	False	1	0.456
pro_lifelong	330	5	50	3112.768	3.112768	False	1	0.461
pro_lifelong	330	6	50	17037.708	17.037708	False	1	0.503
pro_lifelong	330	7	50	18356.896	18.356896	False	1	0.402
pro_lifelong	330	8	50	2687.863	2.687863	False	1	0.461
pro_lifelong	330	9	50	23926.953	23.926953	False	1	0.545
pro_lifelong	330	10	50	2711.634	2.711634	False	1	0.461
pro_lifelong	330	11	50	2668.002	2.668002	False	1	0.461
pro_lifelong	330	12	50	2351.836	2.351836	False	1	0.461
pro_lifelong	330	13	50	25068.804	25.068804	False	1	0.518
pro_lifelong	330	14	50	4549.702	4.549702	False	1	0.461
pro_lifelong	331	1	50	18143.917	18.143917	False	1	0.474
pro_lifelong	331	2	50	22241.602	22.241602	False	1	0.403
pro_lifelong	331	3	50	26450.984	26.450984	False	1	0.447
pro_lifelong	331	4	50	19658.853	19.658853	False	1	0.133
pro_lifelong	331	5	50	1982.325	1.982325	False	1	0.447
pro_lifelong	331	6	50	2782.290	2.782290	False	1	0.447
pro_lifelong	332	1	50	15885.348	15.885348	False	1	0.397
pro_lifelong	332	2	50	26361.807	26.361807	False	1	0.392
pro_lifelong	332	3	50	15572.084	15.572084	False	1	0.133
pro_lifelong	332	4	50	13523.590	13.523590	False	1	0.133
pro_lifelong	332	5	50	17841.800	17.841800	False	1	0.408
pro_lifelong	332	6	50	2992.985	2.992985	False	1	0.133
pro_lifelong	332	7	50	16129.673	16.129673	False	1	0.133
pro_lifelong	332	8	50	17165.277	17.165277	False	1	0.133
pro_lifelong	332	9	50	12362.000	12.362000	False	1	0.133
pro_lifelong	333	1	50	22237.147	22.237147	False	1	0.439
pro_lifelong	333	2	50	3515.905	3.515905	False	1	0.133
pro_lifelong	333	3	50	15758.756	15.758756	False	1	0.133
pro_lifelong	333	4	50	15779.890	15.779890	False	1	0.133
pro_lifelong	333	5	50	2598.306	2.598306	False	1	0.133
pro_lifelong	334	1	50	12818.454	12.818454	False	1	0.133
pro_lifelong	334	2	50	16788.507	16.788507	False	1	0.434
pro_lifelong	334	3	50	3131.550	3.131550	False	1	0.133
pro_lifelong	334	4	50	2625.946	2.625946	False	1	0.133
pro_lifelong	334	5	50	10032.617	10.032617	False	1	0.499
pro_lifelong	334	6	50	22858.998	22.858998	False	1	0.133
pro_lifelong	334	7	50	27422.779	27.422779	False	1	0.133
pro_lifelong	334	8	50	3714.866	3.714866	False	1	0.133
pro_lifelong	334	9	50	19245.452	19.245452	False	1	0.399
pro_lifelong	334	10	50	11541.454	11.541454	False	1	0.133
pro_lifelong	335	1	50	2860.743	2.860743	False	1	0.133
pro_lifelong	335	2	50	22824.146	22.824146	False	1	0.449
pro_lifelong	335	3	50	12262.930	12.262930	False	1	0.133
pro_lifelong	335	4	50	13741.255	13.741255	False	1	0.133
pro_lifelong	335	5	50	13876.881	13.876881	False	1	0.434
pro_lifelong	335	6	50	1723.837	1.723837	False	1	0.133
pro_lifelong	335	7	50	1965.055	1.965055	False	1	0.133
pro_lifelong	336	1	50	30342.480	30.342480	True	1	0.763
pro_lifelong	337	1	50	3795.514	3.795514	False	1	0.133
pro_lifelong	337	2	50	16399.153	16.399153	False	1	0.133
pro_lifelong	337	3	50	33889.317	33.889317	False	1	0.406
pro_lifelong	337	4	50	2018.212	2.018212	False	1	0.133
pro_lifelong	337	5	50	1966.439	1.966439	False	1	0.133
pro_lifelong	337	6	50	14474.341	14.474341	False	1	0.408
pro_lifelong	337	7	50	14455.679	14.455679	False	1	0.133
pro_lifelong	337	8	50	15702.464	15.702464	False	1	0.61
pro_lifelong	337	9	50	1571.485	1.571485	False	1	0.133
pro_lifelong	337	10	50	15253.838	15.253838	False	1	0.133
pro_lifelong	337	11	50	21300.894	21.300894	False	1	0.388
pro_lifelong	337	12	50	26430.793	26.430793	False	1	0.432
pro_lifelong	337	13	50	12883.039	12.883039	False	1	0.367
pro_lifelong	338	1	50	16672.589	16.672589	False	1	0.386
pro_lifelong	338	2	50	3979.678	3.979678	False	1	0.133
pro_lifelong	338	3	50	13561.890	13.561890	False	1	0.133
pro_lifelong	338	4	50	20517.708	20.517708	False	1	0.373
pro_lifelong	338	5	50	2605.495	2.605495	False	1	0.133
pro_lifelong	338	6	50	14979.967	14.979967	False	1	0.48
pro_lifelong	338	7	50	9075.291	9.075291	False	1	0.133
pro_lifelong	338	8	50	23042.289	23.042289	False	1	0.4
pro_lifelong	338	9	50	8279.197	8.279197	False	1	0.133
pro_lifelong	338	10	50	3002.767	3.002767	False	1	0.133
pro_lifelong	338	11	50	19336.174	19.336174	False	1	0.133
pro_lifelong	339	1	50	5536.133	5.536133	False	1	0.133
pro_lifelong	339	2	50	15244.624	15.244624	False	1	0.434
pro_lifelong	339	3	50	16469.478	16.469478	False	1	0.133
pro_lifelong	339	4	50	20431.345	20.431345	False	1	0.133
pro_lifelong	339	5	50	23851.006	23.851006	False	1	0.423
pro_lifelong	339	6	50	25097.772	25.097772	False	1	0.363
pro_lifelong	339	7	50	3945.530	3.945530	False	1	0.133
pro_lifelong	340	1	50	17365.485	17.365485	False	1	0.133
pro_lifelong	340	2	50	4153.499	4.153499	True	1	0.814
pro_lifelong	341	1	50	15314.483	15.314483	False	1	0.133
pro_lifelong	341	2	50	4066.775	4.066775	False	1	0.133
pro_lifelong	341	3	50	16188.944	16.188944	False	1	0.133
pro_lifelong	341	4	50	22749.856	22.749856	True	1	0.747
pro_lifelong	342	1	50	22894.029	22.894029	False	1	0.488
pro_lifelong	342	2	50	23834.885	23.834885	False	1	0.494
pro_lifelong	342	3	50	14197.575	14.197575	False	1	0.133
pro_lifelong	342	4	50	19405.768	19.405768	False	1	0.457
pro_lifelong	342	5	50	3074.372	3.074372	False	1	0.133
pro_lifelong	342	6	50	2564.543	2.564543	False	1	0.133
pro_lifelong	343	1	50	6345.179	6.345179	False	1	0.133
pro_lifelong	343	2	50	33033.379	33.033379	False	1	0.133
pro_lifelong	343	3	50	13234.612	13.234612	False	1	0.133
pro_lifelong	343	4	50	15846.522	15.846522	False	1	0.466
pro_lifelong	343	5	50	7202.822	7.202822	False	1	0.499
pro_lifelong	343	6	50	12089.406	12.089406	False	1	0.133
pro_lifelong	343	7	50	9793.043	9.793043	False	1	0.499
pro_lifelong	343	8	50	12487.335	12.487335	False	1	0.133
pro_lifelong	343	9	50	3700.574	3.700574	False	1	0.133
pro_lifelong	343	10	50	2526.019	2.526019	False	1	0.133
pro_lifelong	344	1	50	18437.770	18.437770	False	1	0.492
pro_lifelong	344	2	50	2992.961	2.992961	False	1	0.492
pro_lifelong	344	3	50	3081.340	3.081340	False	1	0.492
pro_lifelong	344	4	50	24414.647	24.414647	False	1	0.511
pro_lifelong	344	5	50	14252.486	14.252486	False	1	0.494
pro_lifelong	344	6	50	22214.783	22.214783	False	1	0.519
pro_lifelong	344	7	50	11561.608	11.561608	False	1	0.492
pro_lifelong	344	8	50	2768.547	2.768547	False	1	0.492
pro_lifelong	344	9	50	12599.885	12.599885	False	1	0.416
pro_lifelong	345	1	50	14610.272	14.610272	False	1	0.475
pro_lifelong	345	2	50	18869.115	18.869115	False	1	0.402
pro_lifelong	345	3	50	5870.012	5.870012	False	1	0.133
pro_lifelong	345	4	50	17335.258	17.335258	False	1	0.356
pro_lifelong	345	5	50	16353.830	16.353830	False	1	0.133
pro_lifelong	345	6	50	14532.513	14.532513	False	1	0.133
pro_lifelong	346	1	50	19817.558	19.817558	False	1	0.459
pro_lifelong	346	2	50	18660.509	18.660509	False	1	0.383
pro_lifelong	346	3	50	33038.648	33.038648	True	1	0.845
pro_lifelong	347	1	50	19897.864	19.897864	False	1	0.562
pro_lifelong	347	2	50	23268.644	23.268644	False	1	0.133
pro_lifelong	347	3	50	18604.910	18.604910	False	1	0.133
pro_lifelong	347	4	50	14104.128	14.104128	False	1	0.45
pro_lifelong	347	5	50	19234.652	19.234652	True	1	0.872
pro_lifelong	348	1	50	17054.286	17.054286	False	1	0.133
pro_lifelong	348	2	50	3372.319	3.372319	False	1	0.133
pro_lifelong	348	3	50	13828.291	13.828291	True	1	0.918
pro_lifelong	349	1	50	13318.418	13.318418	False	1	0.133
pro_lifelong	349	2	50	25211.257	25.211257	False	1	0.577
pro_lifelong	349	3	50	7880.580	7.880580	False	1	0.133
pro_lifelong	349	4	50	14431.362	14.431362	False	1	0.133
pro_lifelong	349	5	50	11208.510	11.208510	True	1	0.845
pro_lifelong	350	1	50	51414.682	51.414682	True	1	0.823
pro_lifelong	351	1	50	18681.669	18.681669	False	1	0.402
pro_lifelong	351	2	50	13274.285	13.274285	True	1	0.661
pro_lifelong	352	1	50	14146.095	14.146095	True	1	0.917
pro_lifelong	353	1	50	16511.756	16.511756	False	1	0.431
pro_lifelong	353	2	50	11520.054	11.520054	False	1	0.133
pro_lifelong	353	3	50	32694.260	32.694260	False	1	0.526
pro_lifelong	353	4	50	8276.633	8.276633	False	1	0.591
pro_lifelong	353	5	50	19772.058	19.772058	False	1	0.5
pro_lifelong	353	6	50	2338.711	2.338711	False	1	0.591
pro_lifelong	353	7	50	14712.949	14.712949	False	1	0.133
pro_lifelong	353	8	50	16076.161	16.076161	False	1	0.431
pro_lifelong	353	9	50	2926.627	2.926627	False	1	0.591
pro_lifelong	354	1	50	8239.785	8.239785	False	1	0.499
pro_lifelong	354	2	50	7454.614	7.454614	False	1	0.464
pro_lifelong	354	3	50	3102.973	3.102973	False	1	0.464
pro_lifelong	354	4	50	25987.317	25.987317	False	1	0.503
pro_lifelong	354	5	50	13894.748	13.894748	False	1	0.464
pro_lifelong	354	6	50	13587.187	13.587187	True	1	0.838
pro_lifelong	355	1	50	10366.228	10.366228	False	1	0.133
pro_lifelong	355	2	50	20726.709	20.726709	False	1	0.573
pro_lifelong	355	3	50	18419.466	18.419466	False	1	0.563
pro_lifelong	355	4	50	1812.736	1.812736	False	1	0.563
pro_lifelong	355	5	50	11776.235	11.776235	False	1	0.573
pro_lifelong	355	6	50	17284.813	17.284813	False	1	0.6
pro_lifelong	355	7	50	8534.432	8.534432	False	1	0.499
pro_lifelong	355	8	50	14363.350	14.363350	False	1	0.133
pro_lifelong	355	9	50	17660.114	17.660114	False	1	0.133
pro_lifelong	355	10	50	8990.725	8.990725	False	1	0.573
pro_lifelong	355	11	50	14777.699	14.777699	False	1	0.573
pro_lifelong	356	1	50	17378.219	17.378219	False	1	0.429
pro_lifelong	356	2	50	6778.942	6.778942	False	1	0.457
pro_lifelong	356	3	50	20981.649	20.981649	False	1	0.421
pro_lifelong	356	4	50	18281.285	18.281285	False	1	0.37
pro_lifelong	356	5	50	2023.061	2.023061	False	1	0.457
pro_lifelong	356	6	50	16037.195	16.037195	False	1	0.5
pro_lifelong	356	7	50	16719.320	16.719320	False	1	0.465
pro_lifelong	356	8	50	17364.834	17.364834	False	1	0.466
pro_lifelong	356	9	50	20659.766	20.659766	False	1	0.52
pro_lifelong	356	10	50	1949.174	1.949174	False	1	0.457
pro_lifelong	356	11	50	18144.886	18.144886	False	1	0.133
pro_lifelong	356	12	50	2736.464	2.736464	False	1	0.457
pro_lifelong	356	13	50	22830.322	22.830322	False	1	0.446
pro_lifelong	356	14	50	14699.789	14.699789	False	1	0.348
pro_lifelong	357	1	50	31104.121	31.104121	False	1	0.485
pro_lifelong	357	2	50	25355.366	25.355366	False	1	0.368
pro_lifelong	357	3	50	25731.719	25.731719	False	1	0.467
pro_lifelong	357	4	50	16036.612	16.036612	False	1	0.133
pro_lifelong	357	5	50	6560.333	6.560333	False	1	0.422
pro_lifelong	357	6	50	2433.948	2.433948	False	1	0.422
pro_lifelong	358	1	50	22289.532	22.289532	False	1	0.353
pro_lifelong	358	2	50	7574.420	7.574420	False	1	0.408
pro_lifelong	358	3	50	2673.646	2.673646	False	1	0.408
pro_lifelong	358	4	50	20564.036	20.564036	False	1	0.468
pro_lifelong	358	5	50	21172.876	21.172876	False	1	0.468
pro_lifelong	358	6	50	15770.171	15.770171	False	1	0.36
pro_lifelong	358	7	50	23767.605	23.767605	False	1	0.298
pro_lifelong	358	8	50	16059.261	16.059261	False	1	0.492
pro_lifelong	358	9	50	2530.052	2.530052	False	1	0.408
pro_lifelong	358	10	50	2205.467	2.205467	False	1	0.408
pro_lifelong	358	11	50	13965.511	13.965511	False	1	0.408
pro_lifelong	358	12	50	2766.616	2.766616	False	1	0.408
pro_lifelong	358	13	50	12283.632	12.283632	False	1	0.408
pro_lifelong	359	1	50	11707.058	11.707058	False	1	0.133
pro_lifelong	359	2	50	1861.065	1.861065	False	1	0.133
pro_lifelong	359	3	50	20567.043	20.567043	False	1	0.497
pro_lifelong	359	4	50	31081.608	31.081608	False	1	0.488
pro_lifelong	359	5	50	23470.199	23.470199	False	1	0.485
pro_lifelong	359	6	50	21644.752	21.644752	False	1	0.478
pro_lifelong	359	7	50	9293.385	9.293385	False	1	0.499
pro_lifelong	359	8	50	2249.123	2.249123	False	1	0.133
pro_lifelong	360	1	50	17605.658	17.605658	False	1	0.464
pro_lifelong	360	2	50	8536.370	8.536370	False	1	0.418
pro_lifelong	360	3	50	6174.195	6.174195	False	1	0.418
pro_lifelong	360	4	50	3700.559	3.700559	False	1	0.418
pro_lifelong	360	5	50	2021.728	2.021728	False	1	0.418
pro_lifelong	360	6	50	3061.004	3.061004	False	1	0.418
pro_lifelong	361	1	50	4474.694	4.474694	False	1	0.425
pro_lifelong	361	2	50	16065.704	16.065704	False	1	0.446
pro_lifelong	361	3	50	16680.006	16.680006	False	1	0.489
pro_lifelong	361	4	50	2105.352	2.105352	False	1	0.425
pro_lifelong	361	5	50	19954.465	19.954465	False	1	0.376
pro_lifelong	361	6	50	2292.958	2.292958	False	1	0.425
pro_lifelong	361	7	50	2182.905	2.182905	False	1	0.425
pro_lifelong	361	8	50	24207.864	24.207864	True	1	0.744
pro_lifelong	362	1	50	7376.419	7.376419	False	1	0.426
pro_lifelong	362	2	50	9608.160	9.608160	False	1	0.133
pro_lifelong	362	3	50	29687.927	29.687927	False	1	0.443
pro_lifelong	362	4	50	3106.014	3.106014	False	1	0.426
pro_lifelong	362	5	50	2502.796	2.502796	False	1	0.426
pro_lifelong	362	6	50	2105.605	2.105605	False	1	0.426
pro_lifelong	362	7	50	17267.918	17.267918	False	1	0.133
pro_lifelong	362	8	50	2932.813	2.932813	False	1	0.426
pro_lifelong	363	1	50	14585.773	14.585773	False	1	0.133
pro_lifelong	363	2	50	4051.633	4.051633	False	1	0.426
pro_lifelong	363	3	50	2580.278	2.580278	False	1	0.426
pro_lifelong	363	4	50	3091.235	3.091235	False	1	0.426
pro_lifelong	363	5	50	11973.606	11.973606	False	1	0.133
pro_lifelong	363	6	50	13681.094	13.681094	False	1	0.133
pro_lifelong	363	7	50	2655.713	2.655713	False	1	0.426
pro_lifelong	364	1	50	9782.264	9.782264	False	1	0.499
pro_lifelong	364	2	50	13428.765	13.428765	False	1	0.133
pro_lifelong	364	3	50	3374.051	3.374051	False	1	0.426
pro_lifelong	364	4	50	3063.139	3.063139	False	1	0.426
pro_lifelong	364	5	50	5626.371	5.626371	False	1	0.426
pro_lifelong	364	6	50	4343.814	4.343814	False	1	0.426
pro_lifelong	365	1	50	18583.020	18.583020	False	1	0.414
pro_lifelong	365	2	50	25837.242	25.837242	False	1	0.404
pro_lifelong	365	3	50	3880.356	3.880356	False	1	0.133
pro_lifelong	365	4	50	2796.559	2.796559	False	1	0.133
pro_lifelong	365	5	50	2469.585	2.469585	False	1	0.133
pro_lifelong	365	6	50	25792.459	25.792459	False	1	0.388
pro_lifelong	366	1	50	24942.155	24.942155	False	1	0.133
pro_lifelong	366	2	50	16918.799	16.918799	True	1	0.929
pro_lifelong	367	1	50	9040.349	9.040349	False	1	0.133
pro_lifelong	367	2	50	1889.718	1.889718	False	1	0.133
pro_lifelong	367	3	50	15270.041	15.270041	False	1	0.133
pro_lifelong	367	4	50	1808.846	1.808846	False	1	0.133
pro_lifelong	368	1	50	2240.890	2.240890	False	1	0.133
pro_lifelong	368	2	50	6708.293	6.708293	False	1	0.133
pro_lifelong	368	3	50	17619.754	17.619754	False	1	0.598
pro_lifelong	368	4	50	10625.165	10.625165	False	1	0.133
pro_lifelong	368	5	50	11407.952	11.407952	False	1	0.498
pro_lifelong	368	6	50	13369.405	13.369405	False	1	0.598
pro_lifelong	368	7	50	11964.468	11.964468	False	1	0.133
pro_lifelong	368	8	50	20172.912	20.172912	False	1	0.524
pro_lifelong	369	1	50	5151.446	5.151446	True	1	0.926
pro_lifelong	370	1	50	19059.212	19.059212	False	1	0.365
pro_lifelong	370	2	50	22561.651	22.561651	False	1	0.444
pro_lifelong	370	3	50	19727.078	19.727078	False	1	0.476
pro_lifelong	370	4	50	9280.409	9.280409	False	1	0.419
pro_lifelong	370	5	50	2623.041	2.623041	False	1	0.419
pro_lifelong	370	6	50	2393.116	2.393116	False	1	0.419
pro_lifelong	370	7	50	3354.752	3.354752	False	1	0.419
pro_lifelong	370	8	50	21163.161	21.163161	True	1	0.786
pro_lifelong	371	1	50	13048.399	13.048399	False	1	0.133
pro_lifelong	371	2	50	11752.358	11.752358	False	1	0.133
pro_lifelong	371	3	50	10709.687	10.709687	False	1	0.133
pro_lifelong	371	4	50	5731.032	5.731032	False	1	0.133
pro_lifelong	372	1	50	15471.416	15.471416	True	1	0.808
pro_lifelong	373	1	50	18619.288	18.619288	False	1	0.412
pro_lifelong	373	2	50	25388.452	25.388452	True	1	0.719
pro_lifelong	374	1	50	18150.153	18.150153	False	1	0.452
pro_lifelong	374	2	50	16355.181	16.355181	False	1	0.414
pro_lifelong	374	3	50	22835.790	22.835790	False	1	0.401
pro_lifelong	374	4	50	18985.710	18.985710	False	1	0.133
pro_lifelong	374	5	50	24519.488	24.519488	False	1	0.429
pro_lifelong	374	6	50	19828.698	19.828698	False	1	0.42
pro_lifelong	375	1	50	4405.867	4.405867	False	1	0.133
pro_lifelong	375	2	50	28440.118	28.440118	False	1	0.417
pro_lifelong	375	3	50	35451.268	35.451268	False	1	0.133
pro_lifelong	375	4	50	40985.141	40.985141	False	1	0.396
pro_lifelong	375	5	50	10065.744	10.065744	False	1	0.133
pro_lifelong	375	6	50	2533.609	2.533609	False	1	0.133
pro_lifelong	375	7	50	25746.093	25.746093	True	1	0.73
pro_lifelong	376	1	50	15737.693	15.737693	False	1	0.133
pro_lifelong	376	2	50	11526.891	11.526891	False	1	0.133
pro_lifelong	376	3	50	8000.361	8.000361	False	1	0.499
pro_lifelong	376	4	50	20690.249	20.690249	True	1	0.78
pro_lifelong	377	1	50	45157.307	45.157307	False	1	0.417
pro_lifelong	377	2	50	28649.018	28.649018	False	1	0.421
pro_lifelong	377	3	50	3044.431	3.044431	False	1	0.133
pro_lifelong	377	4	50	28138.897	28.138897	True	1	0.707
pro_lifelong	378	1	50	41490.619	41.490619	False	1	0.431
pro_lifelong	378	2	50	8226.276	8.226276	False	1	0.428
pro_lifelong	378	3	50	2484.811	2.484811	False	1	0.428
pro_lifelong	378	4	50	27799.571	27.799571	True	1	0.778
pro_lifelong	379	1	50	21461.658	21.461658	False	1	0.363
pro_lifelong	379	2	50	20114.877	20.114877	False	1	0.319
pro_lifelong	379	3	50	4914.075	4.914075	False	1	0.133
pro_lifelong	379	4	50	13170.463	13.170463	False	1	0.133
pro_lifelong	379	5	50	10732.092	10.732092	False	1	0.133
pro_lifelong	379	6	50	3084.027	3.084027	False	1	0.133
pro_lifelong	380	1	50	17767.807	17.767807	False	1	0.464
pro_lifelong	380	2	50	5542.425	5.542425	False	1	0.337
pro_lifelong	380	3	50	7522.360	7.522360	False	1	0.337
pro_lifelong	380	4	50	17734.541	17.734541	False	1	0.403
pro_lifelong	380	5	50	12106.033	12.106033	False	1	0.355
pro_lifelong	380	6	50	12825.598	12.825598	False	1	0.432
pro_lifelong	381	1	50	15853.145	15.853145	False	1	0.427
pro_lifelong	381	2	50	20218.316	20.218316	False	1	0.367
pro_lifelong	381	3	50	6195.472	6.195472	False	1	0.35
pro_lifelong	381	4	50	15474.997	15.474997	False	1	0.133
pro_lifelong	381	5	50	2406.295	2.406295	False	1	0.35
pro_lifelong	381	6	50	16199.554	16.199554	False	1	0.133
pro_lifelong	382	1	50	28969.574	28.969574	True	1	0.755
pro_lifelong	383	1	50	15782.477	15.782477	False	1	0.37
pro_lifelong	383	2	50	13592.545	13.592545	False	1	0.384
pro_lifelong	383	3	50	15929.887	15.929887	False	1	0.389
pro_lifelong	383	4	50	21649.647	21.649647	False	1	0.391
pro_lifelong	383	5	50	17149.649	17.149649	False	1	0.133
pro_lifelong	383	6	50	19074.826	19.074826	False	1	0.476
pro_lifelong	383	7	50	23765.892	23.765892	False	1	0.353
pro_lifelong	383	8	50	2316.637	2.316637	False	1	0.133
pro_lifelong	383	9	50	1969.004	1.969004	False	1	0.133
pro_lifelong	383	10	50	21834.610	21.834610	False	1	0.398
pro_lifelong	383	11	50	16793.593	16.793593	False	1	0.41
pro_lifelong	384	1	50	13610.143	13.610143	True	1	0.736
pro_lifelong	385	1	50	14826.720	14.826720	False	1	0.133
pro_lifelong	385	2	50	19431.991	19.431991	False	1	0.586
pro_lifelong	385	3	50	5742.528	5.742528	False	1	0.564
pro_lifelong	385	4	50	15314.842	15.314842	True	1	0.906
pro_lifelong	386	1	50	14920.011	14.920011	True	1	0.785
pro_lifelong	387	1	50	22038.676	22.038676	False	1	0.411
pro_lifelong	387	2	50	1891.859	1.891859	False	1	0.133
pro_lifelong	387	3	50	20612.991	20.612991	False	1	0.543
pro_lifelong	387	4	50	13264.083	13.264083	False	1	0.133
pro_lifelong	387	5	50	2199.398	2.199398	False	1	0.133
pro_lifelong	387	6	50	18728.994	18.728994	False	1	0.452
pro_lifelong	387	7	50	2762.430	2.762430	False	1	0.133
pro_lifelong	387	8	50	20261.121	20.261121	False	1	0.508
pro_lifelong	388	1	50	2281.781	2.281781	False	1	0.133
pro_lifelong	388	2	50	13770.990	13.770990	False	1	0.133
pro_lifelong	388	3	50	2374.682	2.374682	False	1	0.133
pro_lifelong	388	4	50	12391.481	12.391481	False	1	0.133
pro_lifelong	389	1	50	18540.622	18.540622	False	1	0.423
pro_lifelong	389	2	50	15663.039	15.663039	False	1	0.133
pro_lifelong	389	3	50	9990.429	9.990429	False	1	0.133
pro_lifelong	389	4	50	14314.728	14.314728	False	1	0.133
pro_lifelong	389	5	50	20752.112	20.752112	False	1	0.42
pro_lifelong	389	6	50	16571.472	16.571472	False	1	0.452
pro_lifelong	389	7	50	14388.673	14.388673	False	1	0.133
pro_lifelong	389	8	50	8315.108	8.315108	False	1	0.499
pro_lifelong	389	9	50	2250.501	2.250501	False	1	0.133
pro_lifelong	389	10	50	2789.968	2.789968	False	1	0.133
pro_lifelong	389	11	50	14558.174	14.558174	False	1	0.133
pro_lifelong	389	12	50	2309.614	2.309614	False	1	0.133
pro_lifelong	390	1	50	3028.893	3.028893	False	1	0.133
pro_lifelong	390	2	50	3030.776	3.030776	False	1	0.133
pro_lifelong	390	3	50	10252.626	10.252626	False	1	0.133
pro_lifelong	390	4	50	15956.478	15.956478	False	1	0.133
pro_lifelong	391	1	50	18882.485	18.882485	False	1	0.426
pro_lifelong	391	2	50	2913.902	2.913902	False	1	0.133
pro_lifelong	391	3	50	9644.048	9.644048	False	1	0.499
pro_lifelong	391	4	50	13031.807	13.031807	False	1	0.133
pro_lifelong	391	5	50	1714.572	1.714572	False	1	0.133
pro_lifelong	391	6	50	7754.026	7.754026	False	1	0.499
pro_lifelong	391	7	50	13436.668	13.436668	False	1	0.133
pro_lifelong	391	8	50	1808.358	1.808358	False	1	0.133
pro_lifelong	392	1	50	1646.929	1.646929	False	1	0.133
pro_lifelong	392	2	50	4922.051	4.922051	False	1	0.133
pro_lifelong	392	3	50	12473.844	12.473844	False	1	0.432
pro_lifelong	392	4	50	15068.731	15.068731	False	1	0.133
pro_lifelong	392	5	50	10571.870	10.571870	False	1	0.133
pro_lifelong	392	6	50	3248.846	3.248846	False	1	0.133
pro_lifelong	392	7	50	9740.715	9.740715	False	1	0.133
pro_lifelong	393	1	50	19597.796	19.597796	False	1	0.436
pro_lifelong	393	2	50	18283.391	18.283391	False	1	0.44
pro_lifelong	393	3	50	22491.636	22.491636	False	1	0.412
pro_lifelong	393	4	50	23177.643	23.177643	False	1	0.455
pro_lifelong	393	5	50	16985.331	16.985331	False	1	0.401
pro_lifelong	393	6	50	21807.663	21.807663	False	1	0.428
pro_lifelong	393	7	50	13104.182	13.104182	False	1	0.428
pro_lifelong	393	8	50	18802.475	18.802475	True	1	0.807
pro_lifelong	394	1	50	12544.334	12.544334	False	1	0.133
pro_lifelong	394	2	50	14964.290	14.964290	False	1	0.133
pro_lifelong	394	3	50	14825.500	14.825500	False	1	0.133
pro_lifelong	394	4	50	10626.061	10.626061	False	1	0.133
pro_lifelong	395	1	50	7681.844	7.681844	False	1	0.499
pro_lifelong	395	2	50	19450.544	19.450544	False	1	0.411
pro_lifelong	395	3	50	7136.933	7.136933	False	1	0.438
pro_lifelong	395	4	50	3189.619	3.189619	False	1	0.438
pro_lifelong	395	5	50	34854.999	34.854999	False	1	0.465
pro_lifelong	395	6	50	19436.492	19.436492	False	1	0.425
pro_lifelong	396	1	50	20136.094	20.136094	False	1	0.421
pro_lifelong	396	2	50	13526.387	13.526387	False	1	0.439
pro_lifelong	396	3	50	1845.376	1.845376	False	1	0.439
pro_lifelong	396	4	50	10329.890	10.329890	False	1	0.439
pro_lifelong	396	5	50	3433.296	3.433296	False	1	0.439
pro_lifelong	396	6	50	2624.115	2.624115	False	1	0.439
pro_lifelong	396	7	50	18134.810	18.134810	False	1	0.426
pro_lifelong	397	1	50	8413.946	8.413946	False	1	0.443
pro_lifelong	397	2	50	8767.835	8.767835	False	1	0.499
pro_lifelong	397	3	50	12135.423	12.135423	False	1	0.443
pro_lifelong	397	4	50	26519.400	26.519400	False	1	0.514
pro_lifelong	397	5	50	26943.806	26.943806	False	1	0.477
pro_lifelong	397	6	50	11119.486	11.119486	False	1	0.499
pro_lifelong	397	7	50	7663.821	7.663821	False	1	0.499
pro_lifelong	397	8	50	33029.147	33.029147	False	1	0.476
pro_lifelong	397	9	50	18297.534	18.297534	False	1	0.421
pro_lifelong	398	1	50	12137.726	12.137726	False	1	0.439
pro_lifelong	398	2	50	2550.385	2.550385	False	1	0.439
pro_lifelong	398	3	50	22407.981	22.407981	False	1	0.49
pro_lifelong	398	4	50	20996.096	20.996096	False	1	0.414
pro_lifelong	398	5	50	9845.221	9.845221	False	1	0.499
pro_lifelong	398	6	50	2950.352	2.950352	False	1	0.439
pro_lifelong	398	7	50	1992.211	1.992211	False	1	0.439
pro_lifelong	398	8	50	13811.003	13.811003	False	1	0.466
pro_lifelong	399	1	50	27754.443	27.754443	False	1	0.133
pro_lifelong	399	2	50	27080.387	27.080387	False	1	0.412
pro_lifelong	399	3	50	17904.283	17.904283	False	1	0.401
pro_lifelong	399	4	50	25635.443	25.635443	False	1	0.419
pro_lifelong	399	5	50	17071.375	17.071375	False	1	0.433
pro_lifelong	399	6	50	2372.651	2.372651	False	1	0.133
pro_lifelong	399	7	50	13422.585	13.422585	False	1	0.133
pro_lifelong	399	8	50	12959.614	12.959614	False	1	0.133
pro_lifelong	399	9	50	11769.931	11.769931	False	1	0.133
pro_warm_up	0	1	50	9553.896	9.553896	False	1	0.133
pro_warm_up	0	2	50	2728.767	2.728767	False	1	0.133
pro_warm_up	0	3	50	17567.173	17.567173	False	1	0.438
pro_warm_up	0	4	50	16823.074	16.823074	False	1	0.446
pro_warm_up	0	5	50	10903.689	10.903689	False	1	0.475
pro_warm_up	0	6	50	13928.384	13.928384	False	1	0.394
pro_warm_up	0	7	50	20556.334	20.556334	False	1	0.397
pro_warm_up	0	8	50	2165.651	2.165651	False	1	0.133
pro_warm_up	0	9	50	1750.788	1.750788	False	1	0.133
pro_warm_up	0	10	50	2547.343	2.547343	False	1	0.133
pro_warm_up	1	1	50	13945.884	13.945884	False	1	0.487
pro_warm_up	1	2	50	4728.110	4.728110	False	1	0.133
pro_warm_up	1	3	50	15086.182	15.086182	False	1	0.45
pro_warm_up	1	4	50	15671.432	15.671432	False	1	0.49
pro_warm_up	1	5	50	14305.653	14.305653	False	1	0.492
pro_warm_up	1	6	50	17243.323	17.243323	False	1	0.474
pro_warm_up	2	1	50	2182.474	2.182474	False	1	0.133
pro_warm_up	2	2	50	2119.669	2.119669	False	1	0.133
pro_warm_up	2	3	50	2283.323	2.283323	False	1	0.133
pro_warm_up	2	4	50	1278.475	1.278475	False	1	0.133
pro_warm_up	3	1	50	22318.821	22.318821	False	1	0.446
pro_warm_up	3	2	50	16108.385	16.108385	False	1	0.381
pro_warm_up	3	3	50	11710.386	11.710386	False	1	0.133
pro_warm_up	3	4	50	2338.320	2.338320	False	1	0.133
pro_warm_up	3	5	50	3488.758	3.488758	False	1	0.133
pro_warm_up	3	6	50	13135.525	13.135525	False	1	0.133
pro_warm_up	4	1	50	16550.767	16.550767	False	1	0.342
pro_warm_up	4	2	50	11282.903	11.282903	False	1	0.133
pro_warm_up	4	3	50	11901.187	11.901187	False	1	0.133
pro_warm_up	4	4	50	21255.726	21.255726	False	1	0.133
pro_warm_up	4	5	50	13827.028	13.827028	False	1	0.426
pro_warm_up	4	6	50	14550.264	14.550264	False	1	0.432
pro_warm_up	4	7	50	14658.892	14.658892	False	1	0.587
pro_warm_up	4	8	50	3575.150	3.575150	False	1	0.133
pro_warm_up	4	9	50	1807.984	1.807984	False	1	0.133
pro_warm_up	4	10	50	2139.000	2.139000	False	1	0.133
pro_warm_up	4	11	50	23888.585	23.888585	False	1	0.49
pro_warm_up	4	12	50	11127.714	11.127714	False	1	0.133
pro_warm_up	5	1	50	20380.735	20.380735	False	1	0.477
pro_warm_up	5	2	50	13604.104	13.604104	False	1	0.133
pro_warm_up	5	3	50	17968.283	17.968283	True	1	0.776
pro_warm_up	5	4	50	4255.589	4.255589	False	1	0.133
pro_warm_up	5	5	50	16728.804	16.728804	False	1	0.49
pro_warm_up	5	6	50	21629.137	21.629137	False	1	0.437
pro_warm_up	5	7	50	17434.968	17.434968	False	1	0.464
pro_warm_up	5	8	50	11392.068	11.392068	False	1	0.133
pro_warm_up	6	1	50	13124.975	13.124975	False	1	0.133
pro_warm_up	6	2	50	13735.669	13.735669	False	1	0.493
pro_warm_up	6	3	50	11223.248	11.223248	False	1	0.133
pro_warm_up	6	4	50	10313.249	10.313249	False	1	0.133
pro_warm_up	6	5	50	14546.184	14.546184	False	1	0.503
pro_warm_up	6	6	50	13545.420	13.545420	False	1	0.475
pro_warm_up	6	7	50	17409.818	17.409818	False	1	0.512
pro_warm_up	6	8	50	2835.286	2.835286	False	1	0.133
pro_warm_up	6	9	50	17205.331	17.205331	False	1	0.133
pro_warm_up	6	10	50	18154.437	18.154437	False	1	0.509
pro_warm_up	7	1	50	6655.321	6.655321	False	1	0.133
pro_warm_up	7	2	50	2618.589	2.618589	False	1	0.133
pro_warm_up	7	3	50	2695.694	2.695694	False	1	0.133
pro_warm_up	7	4	50	7182.027	7.182027	False	1	0.133
pro_warm_up	8	1	50	14100.981	14.100981	False	1	0.133
pro_warm_up	8	2	50	15156.667	15.156667	False	1	0.401
pro_warm_up	8	3	50	11421.085	11.421085	False	1	0.133
pro_warm_up	8	4	50	23588.779	23.588779	False	1	0.408
pro_warm_up	8	5	50	18174.338	18.174338	False	1	0.47
pro_warm_up	8	6	50	17908.933	17.908933	False	1	0.517
pro_warm_up	8	7	50	13408.790	13.408790	False	1	0.501
pro_warm_up	8	8	50	15796.835	15.796835	False	1	0.504
pro_warm_up	8	9	50	2289.881	2.289881	False	1	0.133
pro_warm_up	8	10	50	29397.735	29.397735	False	1	0.516
pro_warm_up	8	11	50	15889.205	15.889205	False	1	0.133
pro_warm_up	9	1	50	16655.864	16.655864	False	1	0.458
pro_warm_up	9	2	50	17390.213	17.390213	False	1	0.46
pro_warm_up	9	3	50	17492.632	17.492632	False	1	0.472
pro_warm_up	9	4	50	18295.696	18.295696	True	1	0.79
pro_warm_up	9	5	50	3957.256	3.957256	False	1	0.133
pro_warm_up	9	6	50	2372.091	2.372091	False	1	0.133
pro_warm_up	9	7	50	12956.428	12.956428	False	1	0.133
pro_warm_up	9	8	50	17604.900	17.604900	False	1	0.433
pro_warm_up	9	9	50	3479.691	3.479691	False	1	0.133
pro_warm_up	10	1	50	4249.452	4.249452	False	1	0.133
pro_warm_up	10	2	50	11691.968	11.691968	False	1	0.133
pro_warm_up	10	3	50	14493.210	14.493210	False	1	0.383
pro_warm_up	10	4	50	13216.663	13.216663	False	1	0.133
pro_warm_up	10	5	50	13224.534	13.224534	False	1	0.392
pro_warm_up	10	6	50	12530.257	12.530257	False	1	0.133
pro_warm_up	10	7	50	11913.732	11.913732	False	1	0.133
pro_warm_up	10	8	50	9570.014	9.570014	False	1	0.133
pro_warm_up	11	1	50	21436.968	21.436968	False	1	0.438
pro_warm_up	11	2	50	17368.636	17.368636	False	1	0.459
pro_warm_up	11	3	50	14445.595	14.445595	False	1	0.493
pro_warm_up	11	4	50	16668.195	16.668195	False	1	0.494
pro_warm_up	11	5	50	17789.554	17.789554	False	1	0.319
pro_warm_up	11	6	50	17335.788	17.335788	False	1	0.502
pro_warm_up	11	7	50	19190.406	19.190406	False	1	0.476
pro_warm_up	11	8	50	15523.515	15.523515	False	1	0.461
pro_warm_up	12	1	50	5563.517	5.563517	False	1	0.133
pro_warm_up	12	2	50	9307.870	9.307870	False	1	0.432
pro_warm_up	12	3	50	18213.315	18.213315	False	1	0.41
pro_warm_up	12	4	50	2660.566	2.660566	False	1	0.133
pro_warm_up	12	5	50	15665.705	15.665705	False	1	0.48
pro_warm_up	12	6	50	8948.357	8.948357	False	1	0.133
pro_warm_up	12	7	50	20927.958	20.927958	False	1	0.431
pro_warm_up	12	8	50	2515.015	2.515015	False	1	0.133
pro_warm_up	12	9	50	15112.333	15.112333	False	1	0.456
pro_warm_up	12	10	50	10363.847	10.363847	False	1	0.133
pro_warm_up	13	1	50	35696.131	35.696131	False	1	0.43
pro_warm_up	13	2	50	19190.654	19.190654	False	1	0.431
pro_warm_up	13	3	50	27752.325	27.752325	False	1	0.453
pro_warm_up	13	4	50	12031.150	12.031150	False	1	0.432
pro_warm_up	13	5	50	17617.087	17.617087	False	1	0.458
pro_warm_up	13	6	50	18040.320	18.040320	False	1	0.425
pro_warm_up	13	7	50	15780.543	15.780543	False	1	0.501
pro_warm_up	13	8	50	14929.298	14.929298	False	1	0.401
pro_warm_up	13	9	50	17719.819	17.719819	False	1	0.442
pro_warm_up	13	10	50	15632.571	15.632571	False	1	0.477
pro_warm_up	13	11	50	17521.718	17.521718	False	1	0.429
pro_warm_up	13	12	50	6905.517	6.905517	False	1	0.409
pro_warm_up	14	1	50	18978.086	18.978086	False	1	0.405
pro_warm_up	14	2	50	24207.306	24.207306	False	1	0.519
pro_warm_up	14	3	50	19372.728	19.372728	False	1	0.481
pro_warm_up	14	4	50	4585.546	4.585546	False	1	0.133
pro_warm_up	14	5	50	18397.784	18.397784	False	1	0.429
pro_warm_up	14	6	50	5152.053	5.152053	False	1	0.133
pro_warm_up	14	7	50	17215.434	17.215434	False	1	0.44
pro_warm_up	15	1	50	13219.927	13.219927	False	1	0.502
pro_warm_up	15	2	50	11082.556	11.082556	False	1	0.133
pro_warm_up	15	3	50	19219.656	19.219656	False	1	0.493
pro_warm_up	15	4	50	16329.672	16.329672	False	1	0.515
pro_warm_up	15	5	50	10309.567	10.309567	False	1	0.426
pro_warm_up	15	6	50	9694.024	9.694024	False	1	0.133
pro_warm_up	15	7	50	16408.846	16.408846	False	1	0.476
pro_warm_up	15	8	50	4369.807	4.369807	False	1	0.133
pro_warm_up	15	9	50	3736.912	3.736912	False	1	0.133
pro_warm_up	16	1	50	15425.083	15.425083	False	1	0.422
pro_warm_up	16	2	50	4429.716	4.429716	False	1	0.133
pro_warm_up	16	3	50	14890.567	14.890567	False	1	0.435
pro_warm_up	16	4	50	13766.623	13.766623	False	1	0.133
pro_warm_up	16	5	50	26664.904	26.664904	False	1	0.133
pro_warm_up	16	6	50	29965.012	29.965012	False	1	0.423
pro_warm_up	16	7	50	2648.601	2.648601	False	1	0.133
pro_warm_up	16	8	50	11067.730	11.067730	False	1	0.133
pro_warm_up	17	1	50	3667.026	3.667026	False	1	0.133
pro_warm_up	17	2	50	21567.114	21.567114	False	1	0.502
pro_warm_up	17	3	50	17567.125	17.567125	False	1	0.483
pro_warm_up	17	4	50	17523.481	17.523481	False	1	0.427
pro_warm_up	17	5	50	10937.194	10.937194	False	1	0.133
pro_warm_up	17	6	50	2501.646	2.501646	False	1	0.133
pro_warm_up	17	7	50	16927.606	16.927606	False	1	0.133
pro_warm_up	18	1	50	3585.244	3.585244	False	1	0.133
pro_warm_up	18	2	50	17518.056	17.518056	False	1	0.48
pro_warm_up	18	3	50	2262.989	2.262989	False	1	0.133
pro_warm_up	18	4	50	15475.232	15.475232	False	1	0.476
pro_warm_up	18	5	50	13773.458	13.773458	False	1	0.133
pro_warm_up	18	6	50	11234.262	11.234262	False	1	0.133
pro_warm_up	18	7	50	3246.035	3.246035	False	1	0.133
pro_warm_up	19	1	50	17791.221	17.791221	False	1	0.467
pro_warm_up	19	2	50	4037.150	4.037150	False	1	0.133
pro_warm_up	19	3	50	12311.914	12.311914	False	1	0.133
pro_warm_up	19	4	50	12706.561	12.706561	False	1	0.133
pro_warm_up	19	5	50	30625.937	30.625937	False	1	0.133
pro_warm_up	20	1	50	4482.965	4.482965	False	1	0.133
pro_warm_up	20	2	50	2606.469	2.606469	False	1	0.133
pro_warm_up	20	3	50	1970.456	1.970456	False	1	0.133
pro_warm_up	20	4	50	14117.550	14.117550	False	1	0.133
pro_warm_up	21	1	50	12769.116	12.769116	False	1	0.133
pro_warm_up	21	2	50	16691.027	16.691027	False	1	0.133
pro_warm_up	21	3	50	14397.060	14.397060	False	1	0.133
pro_warm_up	21	4	50	11328.677	11.328677	False	1	0.133
pro_warm_up	22	1	50	6348.380	6.348380	False	1	0.419
pro_warm_up	22	2	50	18979.575	18.979575	False	1	0.381
pro_warm_up	22	3	50	2537.500	2.537500	False	1	0.419
pro_warm_up	22	4	50	17692.050	17.692050	False	1	0.439
pro_warm_up	22	5	50	18464.156	18.464156	False	1	0.391
pro_warm_up	22	6	50	2501.118	2.501118	False	1	0.419
pro_warm_up	22	7	50	30469.121	30.469121	False	1	0.461
pro_warm_up	22	8	50	12019.483	12.019483	False	1	0.133
pro_warm_up	22	9	50	19266.158	19.266158	False	1	0.432
pro_warm_up	22	10	50	2681.755	2.681755	False	1	0.419
pro_warm_up	22	11	50	24770.377	24.770377	False	1	0.414
pro_warm_up	22	12	50	16137.709	16.137709	False	1	0.133
pro_warm_up	23	1	50	13662.302	13.662302	False	1	0.426
pro_warm_up	23	2	50	12160.724	12.160724	False	1	0.133
pro_warm_up	23	3	50	15776.179	15.776179	False	1	0.403
pro_warm_up	23	4	50	15947.540	15.947540	False	1	0.133
pro_warm_up	23	5	50	15239.692	15.239692	False	1	0.465
pro_warm_up	23	6	50	19305.996	19.305996	False	1	0.476
pro_warm_up	23	7	50	15618.936	15.618936	False	1	0.417
pro_warm_up	23	8	50	19917.869	19.917869	False	1	0.437
pro_warm_up	23	9	50	9727.790	9.727790	False	1	0.133
pro_warm_up	23	10	50	17564.221	17.564221	False	1	0.425
pro_warm_up	23	11	50	16171.869	16.171869	False	1	0.465
pro_warm_up	24	1	50	19752.542	19.752542	False	1	0.474
pro_warm_up	24	2	50	15597.807	15.597807	False	1	0.505
pro_warm_up	24	3	50	15273.655	15.273655	False	1	0.496
pro_warm_up	24	4	50	19173.543	19.173543	False	1	0.489
pro_warm_up	24	5	50	3845.454	3.845454	False	1	0.133
pro_warm_up	24	6	50	13393.897	13.393897	True	1	0.771
pro_warm_up	24	7	50	1183.658	1.183658	False	1	0.133
pro_warm_up	24	8	50	2528.427	2.528427	False	1	0.133
pro_warm_up	24	9	50	20247.164	20.247164	False	1	0.423
pro_warm_up	24	10	50	15985.840	15.985840	False	1	0.447
pro_warm_up	24	11	50	10330.275	10.330275	False	1	0.133
pro_warm_up	25	1	50	14695.548	14.695548	False	1	0.372
pro_warm_up	25	2	50	20823.131	20.823131	False	1	0.392
pro_warm_up	25	3	50	20374.097	20.374097	False	1	0.448
pro_warm_up	25	4	50	4676.485	4.676485	False	1	0.133
pro_warm_up	25	5	50	17375.890	17.375890	False	1	0.395
pro_warm_up	25	6	50	16564.865	16.564865	False	1	0.415
pro_warm_up	25	7	50	14545.614	14.545614	False	1	0.371
pro_warm_up	25	8	50	16330.717	16.330717	False	1	0.362
pro_warm_up	26	1	50	15300.158	15.300158	False	1	0.487
pro_warm_up	26	2	50	5367.799	5.367799	False	1	0.133
pro_warm_up	26	3	50	2377.807	2.377807	False	1	0.133
pro_warm_up	26	4	50	16527.638	16.527638	False	1	0.506
pro_warm_up	26	5	50	22098.330	22.098330	True	1	0.805
pro_warm_up	26	6	50	3773.987	3.773987	False	1	0.133
pro_warm_up	26	7	50	3188.192	3.188192	False	1	0.133
pro_warm_up	26	8	50	13907.863	13.907863	False	1	0.424
pro_warm_up	26	9	50	15843.210	15.843210	True	1	0.84
pro_warm_up	26	10	50	2914.452	2.914452	False	1	0.133
pro_warm_up	26	11	50	10995.182	10.995182	False	1	0.133
pro_warm_up	26	12	50	13504.325	13.504325	False	1	0.133
pro_warm_up	26	13	50	3145.463	3.145463	False	1	0.133
pro_warm_up	27	1	50	20738.102	20.738102	False	1	0.133
pro_warm_up	27	2	50	12080.442	12.080442	False	1	0.133
pro_warm_up	27	3	50	8760.680	8.760680	False	1	0.133
pro_warm_up	27	4	50	13430.991	13.430991	False	1	0.133
pro_warm_up	28	1	50	14030.728	14.030728	False	1	0.483
pro_warm_up	28	2	50	7602.964	7.602964	False	1	0.133
pro_warm_up	28	3	50	14917.380	14.917380	False	1	0.133
pro_warm_up	28	4	50	12480.486	12.480486	False	1	0.133
pro_warm_up	28	5	50	13291.688	13.291688	False	1	0.133
pro_warm_up	29	1	50	10398.243	10.398243	False	1	0.133
pro_warm_up	29	2	50	14340.559	14.340559	False	1	0.485
pro_warm_up	29	3	50	10015.161	10.015161	False	1	0.133
pro_warm_up	29	4	50	4057.070	4.057070	False	1	0.133
pro_warm_up	29	5	50	18803.246	18.803246	False	1	0.489
pro_warm_up	29	6	50	14173.614	14.173614	False	1	0.546
pro_warm_up	29	7	50	12675.704	12.675704	False	1	0.415
pro_warm_up	29	8	50	8692.747	8.692747	False	1	0.133
pro_warm_up	29	9	50	13756.996	13.756996	True	1	0.86
pro_warm_up	29	10	50	18222.733	18.222733	False	1	0.527
pro_warm_up	29	11	50	1568.522	1.568522	False	1	0.133
pro_warm_up	29	12	50	12698.360	12.698360	False	1	0.133
pro_warm_up	29	13	50	11005.217	11.005217	False	1	0.133
pro_warm_up	29	14	50	10675.425	10.675425	False	1	0.133
pro_warm_up	30	1	50	15865.333	15.865333	False	1	0.358
pro_warm_up	30	2	50	11092.329	11.092329	False	1	0.133
pro_warm_up	30	3	50	13775.628	13.775628	False	1	0.479
pro_warm_up	30	4	50	13523.208	13.523208	False	1	0.47
pro_warm_up	30	5	50	10196.251	10.196251	False	1	0.133
pro_warm_up	30	6	50	10200.665	10.200665	False	1	0.133
pro_warm_up	30	7	50	2525.702	2.525702	False	1	0.133
pro_warm_up	30	8	50	17724.938	17.724938	False	1	0.382
pro_warm_up	31	1	50	13623.035	13.623035	False	1	0.133
pro_warm_up	31	2	50	1630.075	1.630075	False	1	0.133
pro_warm_up	31	3	50	17388.895	17.388895	False	1	0.45
pro_warm_up	31	4	50	2072.287	2.072287	False	1	0.133
pro_warm_up	31	5	50	12140.086	12.140086	False	1	0.133
pro_warm_up	31	6	50	15917.789	15.917789	False	1	0.467
pro_warm_up	31	7	50	10526.103	10.526103	False	1	0.133
pro_warm_up	31	8	50	19042.142	19.042142	False	1	0.434
pro_warm_up	31	9	50	15998.097	15.998097	False	1	0.485
pro_warm_up	31	10	50	11257.717	11.257717	False	1	0.133
pro_warm_up	31	11	50	18372.675	18.372675	False	1	0.457
pro_warm_up	31	12	50	1822.602	1.822602	False	1	0.133
pro_warm_up	31	13	50	10567.460	10.567460	False	1	0.133
pro_warm_up	31	14	50	3967.478	3.967478	False	1	0.133
pro_warm_up	32	1	50	13188.751	13.188751	False	1	0.133
pro_warm_up	32	2	50	4053.970	4.053970	False	1	0.133
pro_warm_up	32	3	50	21160.763	21.160763	False	1	0.493
pro_warm_up	32	4	50	16454.798	16.454798	False	1	0.419
pro_warm_up	32	5	50	12550.442	12.550442	False	1	0.133
pro_warm_up	32	6	50	14011.192	14.011192	False	1	0.391
pro_warm_up	32	7	50	20983.038	20.983038	False	1	0.422
pro_warm_up	32	8	50	16372.748	16.372748	False	1	0.435
pro_warm_up	33	1	50	3212.403	3.212403	False	1	0.133
pro_warm_up	33	2	50	3475.667	3.475667	False	1	0.133
pro_warm_up	33	3	50	13366.283	13.366283	False	1	0.133
pro_warm_up	33	4	50	15337.583	15.337583	False	1	0.133
pro_warm_up	34	1	50	18762.128	18.762128	False	1	0.37
pro_warm_up	34	2	50	16400.497	16.400497	False	1	0.388
pro_warm_up	34	3	50	12318.070	12.318070	False	1	0.133
pro_warm_up	34	4	50	11866.157	11.866157	False	1	0.133
pro_warm_up	34	5	50	9789.081	9.789081	False	1	0.426
pro_warm_up	34	6	50	16666.029	16.666029	False	1	0.513
pro_warm_up	34	7	50	4737.635	4.737635	False	1	0.133
pro_warm_up	34	8	50	17661.424	17.661424	False	1	0.474
pro_warm_up	34	9	50	12515.403	12.515403	False	1	0.387
pro_warm_up	34	10	50	11255.049	11.255049	False	1	0.133
pro_warm_up	34	11	50	25440.643	25.440643	False	1	0.422
pro_warm_up	35	1	50	14679.306	14.679306	False	1	0.133
pro_warm_up	35	2	50	11616.888	11.616888	False	1	0.133
pro_warm_up	35	3	50	12871.170	12.871170	False	1	0.133
pro_warm_up	35	4	50	16586.195	16.586195	False	1	0.443
pro_warm_up	35	5	50	2053.538	2.053538	False	1	0.133
pro_warm_up	35	6	50	15650.924	15.650924	False	1	0.409
pro_warm_up	35	7	50	2180.417	2.180417	False	1	0.133
pro_warm_up	35	8	50	2662.865	2.662865	False	1	0.133
pro_warm_up	35	9	50	16309.399	16.309399	False	1	0.45
pro_warm_up	36	1	50	12923.829	12.923829	False	1	0.133
pro_warm_up	36	2	50	14749.616	14.749616	False	1	0.133
pro_warm_up	36	3	50	11434.819	11.434819	False	1	0.133
pro_warm_up	36	4	50	15296.573	15.296573	False	1	0.438
pro_warm_up	36	5	50	3892.401	3.892401	False	1	0.133
pro_warm_up	36	6	50	13889.660	13.889660	False	1	0.133
pro_warm_up	36	7	50	12732.498	12.732498	False	1	0.133
pro_warm_up	36	8	50	3614.508	3.614508	False	1	0.133
pro_warm_up	37	1	50	25699.562	25.699562	False	1	0.529
pro_warm_up	37	2	50	23432.524	23.432524	False	1	0.545
pro_warm_up	37	3	50	16754.591	16.754591	False	1	0.473
pro_warm_up	37	4	50	16895.012	16.895012	False	1	0.444
pro_warm_up	37	5	50	16324.564	16.324564	False	1	0.503
pro_warm_up	37	6	50	11736.905	11.736905	False	1	0.478
pro_warm_up	37	7	50	22087.768	22.087768	False	1	0.51
pro_warm_up	38	1	50	12883.768	12.883768	False	1	0.133
pro_warm_up	38	2	50	13321.199	13.321199	False	1	0.133
pro_warm_up	38	3	50	11747.601	11.747601	False	1	0.133
pro_warm_up	38	4	50	10575.248	10.575248	False	1	0.133
pro_warm_up	39	1	50	10465.958	10.465958	False	1	0.133
pro_warm_up	39	2	50	12845.167	12.845167	False	1	0.473
pro_warm_up	39	3	50	3629.395	3.629395	False	1	0.133
pro_warm_up	39	4	50	21853.231	21.853231	False	1	0.501
pro_warm_up	39	5	50	11311.089	11.311089	False	1	0.133
pro_warm_up	39	6	50	2532.019	2.532019	False	1	0.133
pro_warm_up	39	7	50	17478.708	17.478708	False	1	0.419
pro_warm_up	39	8	50	4132.080	4.132080	False	1	0.133
pro_warm_up	39	9	50	16410.058	16.410058	False	1	0.43
pro_warm_up	40	1	50	21755.351	21.755351	False	1	0.5
pro_warm_up	40	2	50	19542.959	19.542959	False	1	0.133
pro_warm_up	40	3	50	11090.225	11.090225	False	1	0.133
pro_warm_up	40	4	50	26009.978	26.009978	False	1	0.505
pro_warm_up	40	5	50	18297.537	18.297537	False	1	0.458
pro_warm_up	40	6	50	17816.334	17.816334	False	1	0.455
pro_warm_up	41	1	50	13706.217	13.706217	False	1	0.546
pro_warm_up	41	2	50	3781.178	3.781178	False	1	0.133
pro_warm_up	41	3	50	13682.520	13.682520	False	1	0.133
pro_warm_up	41	4	50	14049.216	14.049216	False	1	0.133
pro_warm_up	41	5	50	2709.476	2.709476	False	1	0.133
pro_warm_up	42	1	50	8781.007	8.781007	False	1	0.424
pro_warm_up	42	2	50	16971.939	16.971939	False	1	0.457
pro_warm_up	42	3	50	12083.435	12.083435	False	1	0.386
pro_warm_up	42	4	50	2620.586	2.620586	False	1	0.424
pro_warm_up	42	5	50	2244.445	2.244445	False	1	0.424
pro_warm_up	42	6	50	2875.850	2.875850	False	1	0.424
pro_warm_up	42	7	50	2545.881	2.545881	False	1	0.424
pro_warm_up	43	1	50	23873.924	23.873924	False	1	0.428
pro_warm_up	43	2	50	15664.983	15.664983	False	1	0.49
pro_warm_up	43	3	50	7346.769	7.346769	False	1	0.439
pro_warm_up	43	4	50	3877.314	3.877314	False	1	0.439
pro_warm_up	43	5	50	16541.478	16.541478	False	1	0.525
pro_warm_up	43	6	50	18445.694	18.445694	False	1	0.412
pro_warm_up	43	7	50	11140.737	11.140737	False	1	0.133
pro_warm_up	43	8	50	16684.262	16.684262	False	1	0.422
pro_warm_up	43	9	50	2462.398	2.462398	False	1	0.439
pro_warm_up	43	10	50	25903.396	25.903396	False	1	0.514
pro_warm_up	44	1	50	16530.177	16.530177	False	1	0.454
pro_warm_up	44	2	50	9847.547	9.847547	False	1	0.133
pro_warm_up	44	3	50	9523.269	9.523269	False	1	0.133
pro_warm_up	44	4	50	10482.563	10.482563	False	1	0.133
pro_warm_up	44	5	50	4932.370	4.932370	False	1	0.133
pro_warm_up	45	1	50	6183.211	6.183211	False	1	0.133
pro_warm_up	45	2	50	2588.998	2.588998	False	1	0.133
pro_warm_up	45	3	50	16150.670	16.150670	False	1	0.43
pro_warm_up	45	4	50	18446.102	18.446102	False	1	0.399
pro_warm_up	45	5	50	3304.551	3.304551	False	1	0.133
pro_warm_up	45	6	50	47019.425	47.019425	False	1	0.435
pro_warm_up	45	7	50	2666.169	2.666169	False	1	0.133
pro_warm_up	45	8	50	14378.633	14.378633	False	1	0.499
pro_warm_up	45	9	50	3096.618	3.096618	False	1	0.133
pro_warm_up	45	10	50	30111.075	30.111075	False	1	0.445
pro_warm_up	45	11	50	14646.473	14.646473	False	1	0.418
pro_warm_up	45	12	50	2673.640	2.673640	False	1	0.133
pro_warm_up	45	13	50	10525.499	10.525499	False	1	0.133
pro_warm_up	46	1	50	19569.243	19.569243	False	1	0.133
pro_warm_up	46	2	50	15812.000	15.812000	False	1	0.527
pro_warm_up	46	3	50	14455.106	14.455106	False	1	0.133
pro_warm_up	46	4	50	13917.492	13.917492	False	1	0.133
pro_warm_up	46	5	50	20413.251	20.413251	False	1	0.433
pro_warm_up	46	6	50	13048.992	13.048992	False	1	0.133
pro_warm_up	46	7	50	3957.697	3.957697	False	1	0.133
pro_warm_up	47	1	50	22506.761	22.506761	False	1	0.435
pro_warm_up	47	2	50	17603.422	17.603422	False	1	0.396
pro_warm_up	47	3	50	11657.070	11.657070	False	1	0.396
pro_warm_up	47	4	50	9662.105	9.662105	False	1	0.396
pro_warm_up	47	5	50	16541.618	16.541618	False	1	0.387
pro_warm_up	47	6	50	16701.732	16.701732	False	1	0.489
pro_warm_up	47	7	50	12720.707	12.720707	False	1	0.133
pro_warm_up	47	8	50	15013.998	15.013998	False	1	0.396
pro_warm_up	47	9	50	3417.790	3.417790	False	1	0.133
pro_warm_up	47	10	50	19776.207	19.776207	False	1	0.407
pro_warm_up	47	11	50	14249.973	14.249973	False	1	0.419
pro_warm_up	48	1	50	4946.411	4.946411	False	1	0.133
pro_warm_up	48	2	50	18304.832	18.304832	False	1	0.465
pro_warm_up	48	3	50	12090.476	12.090476	False	1	0.133
pro_warm_up	48	4	50	18705.562	18.705562	False	1	0.493
pro_warm_up	48	5	50	19562.777	19.562777	False	1	0.133
pro_warm_up	48	6	50	15324.394	15.324394	False	1	0.496
pro_warm_up	48	7	50	22521.291	22.521291	False	1	0.521
pro_warm_up	48	8	50	60351.691	60.351691	False	1	0.494
pro_warm_up	48	9	50	13550.559	13.550559	False	1	0.133
pro_warm_up	48	10	50	2456.962	2.456962	False	1	0.133
pro_warm_up	48	11	50	12954.401	12.954401	False	1	0.133
pro_warm_up	48	12	50	2255.789	2.255789	False	1	0.133
pro_warm_up	49	1	50	11037.273	11.037273	False	1	0.133
pro_warm_up	49	2	50	15464.306	15.464306	False	1	0.363
pro_warm_up	49	3	50	12334.023	12.334023	False	1	0.133
pro_warm_up	49	4	50	3435.198	3.435198	False	1	0.133
pro_warm_up	49	5	50	16040.873	16.040873	False	1	0.414
pro_warm_up	49	6	50	12257.998	12.257998	False	1	0.376
pro_warm_up	49	7	50	20273.529	20.273529	False	1	0.133
pro_warm_up	49	8	50	14252.942	14.252942	False	1	0.133
pro_warm_up	49	9	50	11586.975	11.586975	False	1	0.133
pro_warm_up	49	10	50	10636.269	10.636269	False	1	0.133
pro_lifelong	0	1	50	15037.981	15.037981	False	1	0.452
pro_lifelong	0	2	50	17947.911	17.947911	False	1	0.133
pro_lifelong	0	3	50	31677.336	31.677336	True	1	0.944
pro_lifelong	1	1	50	24446.413	24.446413	False	1	0.405
pro_lifelong	1	2	50	7460.750	7.460750	False	1	0.385
pro_lifelong	1	3	50	2596.640	2.596640	False	1	0.385
pro_lifelong	1	4	50	12717.943	12.717943	False	1	0.404
pro_lifelong	1	5	50	35898.867	35.898867	False	1	0.499
pro_lifelong	1	6	50	13016.130	13.016130	False	1	0.133
pro_lifelong	1	7	50	2667.780	2.667780	False	1	0.385
pro_lifelong	1	8	50	22399.469	22.399469	False	1	0.458
pro_lifelong	1	9	50	11926.421	11.926421	False	1	0.133
pro_lifelong	1	10	50	22836.327	22.836327	False	1	0.133
pro_lifelong	2	1	50	34596.622	34.596622	False	1	0.518
pro_lifelong	2	2	50	14984.278	14.984278	False	1	0.397
pro_lifelong	2	3	50	31737.146	31.737146	False	1	0.133
pro_lifelong	2	4	50	11287.570	11.287570	False	1	0.133
pro_lifelong	2	5	50	18469.516	18.469516	False	1	0.437
pro_lifelong	2	6	50	4965.653	4.965653	False	1	0.133
pro_lifelong	3	1	50	14317.334	14.317334	True	1	0.858
pro_lifelong	4	1	50	13378.943	13.378943	False	1	0.133
pro_lifelong	4	2	50	14286.892	14.286892	False	1	0.133
pro_lifelong	4	3	50	18176.588	18.176588	False	1	0.508
pro_lifelong	4	4	50	14096.351	14.096351	False	1	0.133
pro_lifelong	4	5	50	5171.001	5.171001	False	1	0.133
pro_lifelong	4	6	50	12770.927	12.770927	False	1	0.133
pro_lifelong	4	7	50	24503.349	24.503349	False	1	0.506
pro_lifelong	4	8	50	13639.339	13.639339	False	1	0.133
pro_lifelong	5	1	50	3309.592	3.309592	False	1	0.133
pro_lifelong	5	2	50	15923.009	15.923009	False	1	0.521
pro_lifelong	5	3	50	11800.348	11.800348	False	1	0.133
pro_lifelong	5	4	50	8953.388	8.953388	False	1	0.133
pro_lifelong	5	5	50	11685.353	11.685353	False	1	0.133
pro_lifelong	5	6	50	12696.664	12.696664	False	1	0.133
pro_lifelong	6	1	50	15768.536	15.768536	False	1	0.438
pro_lifelong	6	2	50	8426.317	8.426317	True	1	0.779
pro_lifelong	7	1	50	3308.015	3.308015	False	1	0.133
pro_lifelong	7	2	50	11097.621	11.097621	False	1	0.499
pro_lifelong	7	3	50	18958.661	18.958661	False	1	0.499
pro_lifelong	7	4	50	9875.927	9.875927	False	1	0.133
pro_lifelong	7	5	50	13211.385	13.211385	False	1	0.133
pro_lifelong	7	6	50	19334.361	19.334361	False	1	0.477
pro_lifelong	7	7	50	1775.002	1.775002	False	1	0.133
pro_lifelong	8	1	50	13460.796	13.460796	False	1	0.133
pro_lifelong	8	2	50	3214.013	3.214013	False	1	0.133
pro_lifelong	8	3	50	12964.215	12.964215	False	1	0.133
pro_lifelong	8	4	50	19212.177	19.212177	False	1	0.402
pro_lifelong	8	5	50	20443.090	20.443090	False	1	0.484
pro_lifelong	8	6	50	9144.101	9.144101	False	1	0.133
pro_lifelong	8	7	50	35598.377	35.598377	True	1	0.825
pro_lifelong	9	1	50	19230.359	19.230359	False	1	0.44
pro_lifelong	9	2	50	10678.960	10.678960	False	1	0.499
pro_lifelong	9	3	50	19487.087	19.487087	False	1	0.451
pro_lifelong	9	4	50	17376.361	17.376361	False	1	0.569
pro_lifelong	9	5	50	21139.208	21.139208	False	1	0.569
pro_lifelong	9	6	50	21621.044	21.621044	False	1	0.133
pro_lifelong	9	7	50	13672.151	13.672151	False	1	0.133
pro_lifelong	9	8	50	1864.891	1.864891	False	1	0.569
pro_lifelong	9	9	50	7990.785	7.990785	False	1	0.133
pro_lifelong	10	1	50	16106.462	16.106462	False	1	0.356
pro_lifelong	10	2	50	17411.177	17.411177	False	1	0.446
pro_lifelong	10	3	50	20455.598	20.455598	False	1	0.461
pro_lifelong	10	4	50	10761.880	10.761880	False	1	0.133
pro_lifelong	10	5	50	16599.194	16.599194	False	1	0.471
pro_lifelong	10	6	50	13725.172	13.725172	True	1	0.874
pro_lifelong	11	1	50	35762.780	35.762780	False	1	0.568
pro_lifelong	11	2	50	8290.678	8.290678	False	1	0.602
pro_lifelong	11	3	50	14157.289	14.157289	False	1	0.133
pro_lifelong	11	4	50	21559.684	21.559684	True	1	0.937
pro_lifelong	12	1	50	14882.856	14.882856	False	1	0.133
pro_lifelong	12	2	50	17750.270	17.750270	False	1	0.426
pro_lifelong	12	3	50	8598.566	8.598566	False	1	0.599
pro_lifelong	12	4	50	15634.183	15.634183	False	1	0.373
pro_lifelong	12	5	50	11814.735	11.814735	False	1	0.599
pro_lifelong	12	6	50	14742.008	14.742008	False	1	0.133
pro_lifelong	12	7	50	3706.139	3.706139	False	1	0.599
pro_lifelong	12	8	50	19065.343	19.065343	False	1	0.598
pro_lifelong	13	1	50	18807.645	18.807645	False	1	0.338
pro_lifelong	13	2	50	16080.878	16.080878	False	1	0.396
pro_lifelong	13	3	50	20823.700	20.823700	False	1	0.419
pro_lifelong	13	4	50	9254.451	9.254451	False	1	0.366
pro_lifelong	13	5	50	19204.356	19.204356	True	1	0.832
pro_lifelong	14	1	50	14318.213	14.318213	False	1	0.484
pro_lifelong	14	2	50	15310.302	15.310302	False	1	0.133
pro_lifelong	14	3	50	2983.885	2.983885	False	1	0.133
pro_lifelong	14	4	50	13663.813	13.663813	False	1	0.499
pro_lifelong	14	5	50	21736.071	21.736071	False	1	0.133
pro_lifelong	14	6	50	14346.765	14.346765	False	1	0.133
pro_lifelong	14	7	50	13177.572	13.177572	False	1	0.133
pro_lifelong	14	8	50	12491.164	12.491164	False	1	0.133
pro_lifelong	15	1	50	14843.487	14.843487	False	1	0.133
pro_lifelong	15	2	50	14127.475	14.127475	False	1	0.133
pro_lifelong	15	3	50	15501.042	15.501042	False	1	0.133
pro_lifelong	15	4	50	3823.657	3.823657	False	1	0.133
pro_lifelong	16	1	50	15220.721	15.220721	False	1	0.367
pro_lifelong	16	2	50	4878.255	4.878255	False	1	0.133
pro_lifelong	16	3	50	12556.095	12.556095	False	1	0.133
pro_lifelong	16	4	50	1879.809	1.879809	False	1	0.133
pro_lifelong	16	5	50	13803.883	13.803883	False	1	0.133
pro_lifelong	17	1	50	19699.049	19.699049	False	1	0.534
pro_lifelong	17	2	50	13787.188	13.787188	False	1	0.133
pro_lifelong	17	3	50	2668.645	2.668645	False	1	0.133
pro_lifelong	17	4	50	10686.884	10.686884	False	1	0.133
pro_lifelong	17	5	50	21516.209	21.516209	False	1	0.133
pro_lifelong	18	1	50	17486.668	17.486668	False	1	0.498
pro_lifelong	18	2	50	29311.874	29.311874	True	1	0.83
pro_lifelong	19	1	50	16661.998	16.661998	False	1	0.416
pro_lifelong	19	2	50	17337.098	17.337098	False	1	0.37
pro_lifelong	19	3	50	7314.713	7.314713	False	1	0.548
pro_lifelong	19	4	50	2135.217	2.135217	False	1	0.548
pro_lifelong	19	5	50	12607.196	12.607196	False	1	0.548
pro_lifelong	19	6	50	18135.882	18.135882	False	1	0.38
pro_lifelong	19	7	50	18642.226	18.642226	False	1	0.52
pro_lifelong	19	8	50	12210.058	12.210058	False	1	0.548
pro_lifelong	20	1	50	17792.917	17.792917	False	1	0.412
pro_lifelong	20	2	50	23105.778	23.105778	False	1	0.402
pro_lifelong	20	3	50	17693.189	17.693189	False	1	0.479
pro_lifelong	20	4	50	17465.396	17.465396	False	1	0.423
pro_lifelong	20	5	50	11128.462	11.128462	False	1	0.412
pro_lifelong	20	6	50	17828.458	17.828458	False	1	0.403
pro_lifelong	20	7	50	3255.580	3.255580	False	1	0.412
pro_lifelong	20	8	50	21299.961	21.299961	False	1	0.384
pro_lifelong	21	1	50	11607.544	11.607544	False	1	0.421
pro_lifelong	21	2	50	10912.081	10.912081	False	1	0.133
pro_lifelong	21	3	50	17334.788	17.334788	False	1	0.454
pro_lifelong	21	4	50	1700.156	1.700156	False	1	0.133
pro_lifelong	21	5	50	16519.084	16.519084	False	1	0.429
pro_lifelong	21	6	50	14704.864	14.704864	False	1	0.133
pro_lifelong	21	7	50	1821.763	1.821763	False	1	0.133
pro_lifelong	21	8	50	1925.586	1.925586	False	1	0.133
pro_lifelong	22	1	50	12170.473	12.170473	False	1	0.449
pro_lifelong	22	2	50	2853.692	2.853692	False	1	0.133
pro_lifelong	22	3	50	12307.153	12.307153	False	1	0.39
pro_lifelong	22	4	50	2916.862	2.916862	False	1	0.133
pro_lifelong	22	5	50	9334.309	9.334309	False	1	0.133
pro_lifelong	22	6	50	2976.098	2.976098	False	1	0.133
pro_lifelong	23	1	50	2387.759	2.387759	False	1	0.133
pro_lifelong	23	2	50	18119.382	18.119382	False	1	0.422
pro_lifelong	23	3	50	20316.567	20.316567	False	1	0.394
pro_lifelong	23	4	50	16599.731	16.599731	False	1	0.418
pro_lifelong	23	5	50	14369.988	14.369988	False	1	0.133
pro_lifelong	23	6	50	16454.200	16.454200	False	1	0.388
pro_lifelong	23	7	50	17112.991	17.112991	False	1	0.424
pro_lifelong	24	1	50	14805.345	14.805345	False	1	0.366
pro_lifelong	24	2	50	14791.979	14.791979	False	1	0.133
pro_lifelong	24	3	50	8590.184	8.590184	False	1	0.499
pro_lifelong	24	4	50	13130.075	13.130075	False	1	0.133
pro_lifelong	24	5	50	2902.855	2.902855	False	1	0.133
pro_lifelong	24	6	50	19582.872	19.582872	False	1	0.376
pro_lifelong	24	7	50	19592.486	19.592486	False	1	0.38
pro_lifelong	24	8	50	18941.568	18.941568	False	1	0.385
pro_lifelong	25	1	50	6857.830	6.857830	False	1	0.367
pro_lifelong	25	2	50	21867.400	21.867400	False	1	0.391
pro_lifelong	25	3	50	3402.092	3.402092	False	1	0.367
pro_lifelong	25	4	50	21583.295	21.583295	False	1	0.433
pro_lifelong	25	5	50	18291.901	18.291901	False	1	0.376
pro_lifelong	25	6	50	19675.194	19.675194	False	1	0.422
pro_lifelong	25	7	50	21052.718	21.052718	False	1	0.388
pro_lifelong	25	8	50	2364.367	2.364367	False	1	0.367
pro_lifelong	25	9	50	3084.236	3.084236	False	1	0.367
pro_lifelong	26	1	50	3321.684	3.321684	False	1	0.133
pro_lifelong	26	2	50	3247.395	3.247395	False	1	0.133
pro_lifelong	26	3	50	12632.753	12.632753	False	1	0.432
pro_lifelong	26	4	50	21999.690	21.999690	False	1	0.403
pro_lifelong	26	5	50	20398.420	20.398420	False	1	0.389
pro_lifelong	26	6	50	16136.593	16.136593	False	1	0.133
pro_lifelong	26	7	50	11622.047	11.622047	False	1	0.133
pro_lifelong	26	8	50	2433.995	2.433995	False	1	0.133
pro_lifelong	27	1	50	13424.743	13.424743	False	1	0.512
pro_lifelong	27	2	50	2907.075	2.907075	False	1	0.133
pro_lifelong	27	3	50	15365.442	15.365442	False	1	0.427
pro_lifelong	27	4	50	1800.752	1.800752	False	1	0.133
pro_lifelong	27	5	50	14760.268	14.760268	False	1	0.133
pro_lifelong	27	6	50	10043.533	10.043533	False	1	0.432
pro_lifelong	28	1	50	34851.440	34.851440	False	1	0.133
pro_lifelong	28	2	50	17067.189	17.067189	False	1	0.133
pro_lifelong	28	3	50	17989.508	17.989508	False	1	0.455
pro_lifelong	28	4	50	23667.380	23.667380	False	1	0.133
pro_lifelong	28	5	50	19416.656	19.416656	False	1	0.48
pro_lifelong	28	6	50	19326.021	19.326021	False	1	0.407
pro_lifelong	28	7	50	19817.622	19.817622	False	1	0.133
pro_lifelong	28	8	50	24402.644	24.402644	False	1	0.467
pro_lifelong	28	9	50	2228.845	2.228845	False	1	0.133
pro_lifelong	28	10	50	9167.204	9.167204	False	1	0.133
pro_lifelong	29	1	50	18167.063	18.167063	False	1	0.435
pro_lifelong	29	2	50	11386.501	11.386501	False	1	0.133
pro_lifelong	29	3	50	22561.190	22.561190	False	1	0.507
pro_lifelong	29	4	50	18565.514	18.565514	False	1	0.401
pro_lifelong	29	5	50	9912.694	9.912694	False	1	0.432
pro_lifelong	29	6	50	13874.825	13.874825	False	1	0.133
pro_lifelong	29	7	50	15276.765	15.276765	False	1	0.133
pro_lifelong	29	8	50	13527.369	13.527369	False	1	0.436
pro_lifelong	30	1	50	13682.841	13.682841	False	1	0.466
pro_lifelong	30	2	50	8371.635	8.371635	False	1	0.407
pro_lifelong	30	3	50	20737.649	20.737649	False	1	0.39
pro_lifelong	30	4	50	22185.304	22.185304	False	1	0.413
pro_lifelong	30	5	50	2511.810	2.511810	False	1	0.407
pro_lifelong	30	6	50	17642.087	17.642087	False	1	0.502
pro_lifelong	30	7	50	17811.678	17.811678	False	1	0.394
pro_lifelong	30	8	50	21892.774	21.892774	False	1	0.431
pro_lifelong	30	9	50	17891.064	17.891064	False	1	0.446
pro_lifelong	30	10	50	21183.069	21.183069	False	1	0.414
pro_lifelong	30	11	50	20288.396	20.288396	False	1	0.472
pro_lifelong	31	1	50	32027.232	32.027232	False	1	0.451
pro_lifelong	31	2	50	14173.285	14.173285	False	1	0.414
pro_lifelong	31	3	50	18882.150	18.882150	False	1	0.423
pro_lifelong	31	4	50	7656.587	7.656587	False	1	0.416
pro_lifelong	31	5	50	20748.188	20.748188	False	1	0.408
pro_lifelong	31	6	50	12419.690	12.419690	False	1	0.416
pro_lifelong	32	1	50	20888.004	20.888004	False	1	0.41
pro_lifelong	32	2	50	17103.433	17.103433	False	1	0.442
pro_lifelong	32	3	50	18582.258	18.582258	False	1	0.412
pro_lifelong	32	4	50	10183.722	10.183722	False	1	0.417
pro_lifelong	32	5	50	17200.514	17.200514	False	1	0.45
pro_lifelong	32	6	50	17355.360	17.355360	False	1	0.412
pro_lifelong	32	7	50	17128.220	17.128220	False	1	0.41
pro_lifelong	33	1	50	19598.666	19.598666	False	1	0.393
pro_lifelong	33	2	50	19217.589	19.217589	False	1	0.417
pro_lifelong	33	3	50	8274.993	8.274993	False	1	0.412
pro_lifelong	33	4	50	17999.574	17.999574	False	1	0.377
pro_lifelong	33	5	50	2939.057	2.939057	False	1	0.412
pro_lifelong	33	6	50	14330.292	14.330292	False	1	0.405
pro_lifelong	33	7	50	16499.823	16.499823	False	1	0.41
pro_lifelong	34	1	50	7930.356	7.930356	False	1	0.427
pro_lifelong	34	2	50	6618.619	6.618619	False	1	0.427
pro_lifelong	34	3	50	11511.647	11.511647	False	1	0.427
pro_lifelong	34	4	50	21299.808	21.299808	False	1	0.416
pro_lifelong	34	5	50	2952.654	2.952654	False	1	0.427
pro_lifelong	34	6	50	19249.213	19.249213	False	1	0.435
pro_lifelong	35	1	50	20521.351	20.521351	False	1	0.408
pro_lifelong	35	2	50	17642.975	17.642975	False	1	0.475
pro_lifelong	35	3	50	16513.311	16.513311	False	1	0.434
pro_lifelong	35	4	50	16872.544	16.872544	False	1	0.133
pro_lifelong	35	5	50	15746.526	15.746526	False	1	0.133
pro_lifelong	35	6	50	21343.219	21.343219	False	1	0.435
pro_lifelong	35	7	50	15016.761	15.016761	False	1	0.456
pro_lifelong	36	1	50	15861.856	15.861856	False	1	0.416
pro_lifelong	36	2	50	22441.612	22.441612	False	1	0.442
pro_lifelong	36	3	50	19191.619	19.191619	False	1	0.133
pro_lifelong	36	4	50	7876.775	7.876775	False	1	0.421
pro_lifelong	36	5	50	19975.331	19.975331	False	1	0.413
pro_lifelong	36	6	50	8317.850	8.317850	False	1	0.421
pro_lifelong	36	7	50	3428.921	3.428921	False	1	0.421
pro_lifelong	37	1	50	17873.517	17.873517	False	1	0.426
pro_lifelong	37	2	50	17549.924	17.549924	False	1	0.458
pro_lifelong	37	3	50	19025.102	19.025102	False	1	0.397
pro_lifelong	37	4	50	17818.188	17.818188	False	1	0.469
pro_lifelong	37	5	50	20878.387	20.878387	False	1	0.459
pro_lifelong	37	6	50	14829.103	14.829103	False	1	0.133
pro_lifelong	37	7	50	7166.180	7.166180	False	1	0.421
pro_lifelong	37	8	50	15163.654	15.163654	False	1	0.468
pro_lifelong	37	9	50	19522.424	19.522424	False	1	0.355
pro_lifelong	38	1	50	6968.132	6.968132	False	1	0.418
pro_lifelong	38	2	50	14067.611	14.067611	False	1	0.418
pro_lifelong	38	3	50	19799.890	19.799890	False	1	0.408
pro_lifelong	38	4	50	8862.785	8.862785	False	1	0.418
pro_lifelong	38	5	50	14844.549	14.844549	False	1	0.133
pro_lifelong	38	6	50	16567.736	16.567736	False	1	0.418
pro_lifelong	39	1	50	18342.522	18.342522	False	1	0.4
pro_lifelong	39	2	50	15280.167	15.280167	False	1	0.424
pro_lifelong	39	3	50	19177.859	19.177859	False	1	0.413
pro_lifelong	39	4	50	17020.854	17.020854	False	1	0.408
pro_lifelong	39	5	50	7803.777	7.803777	False	1	0.429
pro_lifelong	39	6	50	2610.818	2.610818	False	1	0.429
pro_lifelong	39	7	50	21957.561	21.957561	False	1	0.409
pro_lifelong	40	1	50	17601.203	17.601203	False	1	0.427
pro_lifelong	40	2	50	5276.764	5.276764	False	1	0.133
pro_lifelong	40	3	50	18429.682	18.429682	False	1	0.429
pro_lifelong	40	4	50	13482.352	13.482352	False	1	0.133
pro_lifelong	40	5	50	17769.040	17.769040	False	1	0.42
pro_lifelong	40	6	50	2814.997	2.814997	False	1	0.133
pro_lifelong	41	1	50	17359.017	17.359017	False	1	0.133
pro_lifelong	41	2	50	21524.273	21.524273	False	1	0.402
pro_lifelong	41	3	50	16626.082	16.626082	False	1	0.407
pro_lifelong	41	4	50	17026.608	17.026608	False	1	0.416
pro_lifelong	41	5	50	17947.673	17.947673	False	1	0.396
pro_lifelong	41	6	50	17831.491	17.831491	False	1	0.385
pro_lifelong	41	7	50	18051.659	18.051659	False	1	0.403
pro_lifelong	41	8	50	13366.158	13.366158	False	1	0.133
pro_lifelong	41	9	50	20034.816	20.034816	False	1	0.428
pro_lifelong	41	10	50	2737.846	2.737846	False	1	0.416
pro_lifelong	41	11	50	14319.698	14.319698	False	1	0.391
pro_lifelong	41	12	50	13671.852	13.671852	False	1	0.133
pro_lifelong	41	13	50	19151.496	19.151496	False	1	0.416
pro_lifelong	41	14	50	21177.969	21.177969	False	1	0.402
pro_lifelong	42	1	50	25401.930	25.401930	False	1	0.4
pro_lifelong	42	2	50	5072.937	5.072937	False	1	0.133
pro_lifelong	42	3	50	3777.717	3.777717	False	1	0.133
pro_lifelong	42	4	50	2679.387	2.679387	False	1	0.133
pro_lifelong	42	5	50	10673.613	10.673613	False	1	0.133
pro_lifelong	43	1	50	19577.311	19.577311	False	1	0.414
pro_lifelong	43	2	50	13125.437	13.125437	False	1	0.133
pro_lifelong	43	3	50	18241.393	18.241393	False	1	0.421
pro_lifelong	43	4	50	18163.266	18.163266	False	1	0.39
pro_lifelong	43	5	50	15403.974	15.403974	False	1	0.401
pro_lifelong	43	6	50	12109.713	12.109713	False	1	0.133
pro_lifelong	44	1	50	8572.005	8.572005	False	1	0.431
pro_lifelong	44	2	50	18566.823	18.566823	False	1	0.483
pro_lifelong	44	3	50	10462.824	10.462824	False	1	0.404
pro_lifelong	44	4	50	2998.464	2.998464	False	1	0.431
pro_lifelong	44	5	50	2682.463	2.682463	False	1	0.431
pro_lifelong	44	6	50	2282.137	2.282137	False	1	0.431
pro_lifelong	44	7	50	14494.249	14.494249	False	1	0.417
pro_lifelong	45	1	50	14281.111	14.281111	False	1	0.384
pro_lifelong	45	2	50	20069.830	20.069830	False	1	0.424
pro_lifelong	45	3	50	17580.996	17.580996	False	1	0.417
pro_lifelong	45	4	50	14867.240	14.867240	False	1	0.417
pro_lifelong	45	5	50	16570.548	16.570548	False	1	0.418
pro_lifelong	45	6	50	22138.429	22.138429	False	1	0.42
pro_lifelong	45	7	50	14972.158	14.972158	False	1	0.42
pro_lifelong	46	1	50	19692.691	19.692691	False	1	0.412
pro_lifelong	46	2	50	2604.297	2.604297	False	1	0.412
pro_lifelong	46	3	50	2765.879	2.765879	False	1	0.412
pro_lifelong	46	4	50	5007.066	5.007066	False	1	0.412
pro_lifelong	46	5	50	11582.662	11.582662	False	1	0.404
pro_lifelong	46	6	50	21721.265	21.721265	False	1	0.396
pro_lifelong	47	1	50	27380.183	27.380183	False	1	0.445
pro_lifelong	47	2	50	13896.436	13.896436	False	1	0.437
pro_lifelong	47	3	50	20763.052	20.763052	False	1	0.408
pro_lifelong	47	4	50	20290.638	20.290638	False	1	0.403
pro_lifelong	47	5	50	17405.340	17.405340	False	1	0.376
pro_lifelong	47	6	50	17805.784	17.805784	False	1	0.472
pro_lifelong	47	7	50	19841.068	19.841068	False	1	0.414
pro_lifelong	47	8	50	15210.711	15.210711	False	1	0.397
pro_lifelong	47	9	50	9100.135	9.100135	False	1	0.401
pro_lifelong	47	10	50	22872.674	22.872674	False	1	0.406
pro_lifelong	47	11	50	18562.361	18.562361	False	1	0.385
pro_lifelong	48	1	50	22150.005	22.150005	False	1	0.412
pro_lifelong	48	2	50	9134.766	9.134766	False	1	0.416
pro_lifelong	48	3	50	20678.683	20.678683	False	1	0.427
pro_lifelong	48	4	50	17412.610	17.412610	False	1	0.373
pro_lifelong	48	5	50	15164.719	15.164719	False	1	0.461
pro_lifelong	48	6	50	19185.931	19.185931	False	1	0.416
pro_lifelong	48	7	50	20053.312	20.053312	False	1	0.455
pro_lifelong	48	8	50	18479.843	18.479843	False	1	0.439
pro_lifelong	48	9	50	14891.998	14.891998	False	1	0.133
pro_lifelong	48	10	50	2790.692	2.790692	False	1	0.416
pro_lifelong	49	1	50	21891.396	21.891396	False	1	0.42
pro_lifelong	49	2	50	17865.736	17.865736	False	1	0.47
pro_lifelong	49	3	50	21327.808	21.327808	False	1	0.424
pro_lifelong	49	4	50	17945.163	17.945163	False	1	0.428
pro_lifelong	49	5	50	4370.945	4.370945	False	1	0.133
pro_lifelong	49	6	50	3460.832	3.460832	False	1	0.133
pro_lifelong	49	7	50	17209.702	17.209702	False	1	0.4
pro_lifelong	50	1	50	22588.292	22.588292	False	1	0.392
pro_lifelong	50	2	50	18710.874	18.710874	False	1	0.456
pro_lifelong	50	3	50	14551.665	14.551665	False	1	0.457
pro_lifelong	50	4	50	16851.237	16.851237	False	1	0.133
pro_lifelong	50	5	50	16007.676	16.007676	False	1	0.133
pro_lifelong	50	6	50	17377.879	17.377879	False	1	0.133
pro_lifelong	50	7	50	16998.473	16.998473	False	1	0.288
pro_lifelong	51	1	50	3686.558	3.686558	False	1	0.133
pro_lifelong	51	2	50	4324.829	4.324829	False	1	0.133
pro_lifelong	51	3	50	21648.465	21.648465	False	1	0.402
pro_lifelong	51	4	50	18040.869	18.040869	False	1	0.412
pro_lifelong	51	5	50	16922.590	16.922590	False	1	0.133
pro_lifelong	51	6	50	19983.318	19.983318	False	1	0.446
pro_lifelong	51	7	50	11595.192	11.595192	False	1	0.404
pro_lifelong	51	8	50	23122.556	23.122556	False	1	0.419
pro_lifelong	51	9	50	12315.606	12.315606	False	1	0.133
pro_lifelong	51	10	50	15375.117	15.375117	False	1	0.41
pro_lifelong	51	11	50	14999.615	14.999615	False	1	0.46
pro_lifelong	51	12	50	14384.562	14.384562	False	1	0.133
pro_lifelong	51	13	50	18868.822	18.868822	False	1	0.376
pro_lifelong	51	14	50	14958.060	14.958060	False	1	0.133
pro_lifelong	51	15	50	2767.642	2.767642	False	1	0.133
pro_lifelong	51	16	50	18145.708	18.145708	False	1	0.496
pro_lifelong	51	17	50	16043.508	16.043508	False	1	0.41
pro_lifelong	51	18	50	2650.369	2.650369	False	1	0.133
pro_lifelong	51	19	50	16535.124	16.535124	False	1	0.133
pro_lifelong	51	20	50	2499.386	2.499386	False	1	0.133
pro_lifelong	51	21	50	4340.839	4.340839	False	1	0.133
pro_lifelong	52	1	50	20370.236	20.370236	False	1	0.409
pro_lifelong	52	2	50	4385.811	4.385811	False	1	0.133
pro_lifelong	52	3	50	19257.931	19.257931	False	1	0.407
pro_lifelong	52	4	50	1855.897	1.855897	False	1	0.133
pro_lifelong	52	5	50	1865.812	1.865812	False	1	0.133
pro_lifelong	52	6	50	22534.076	22.534076	False	1	0.397
pro_lifelong	53	1	50	8819.527	8.819527	False	1	0.414
pro_lifelong	53	2	50	12357.469	12.357469	False	1	0.414
pro_lifelong	53	3	50	1717.371	1.717371	False	1	0.414
pro_lifelong	53	4	50	22312.254	22.312254	False	1	0.413
pro_lifelong	53	5	50	15075.681	15.075681	False	1	0.133
pro_lifelong	53	6	50	15105.279	15.105279	False	1	0.414
pro_lifelong	54	1	50	7123.442	7.123442	False	1	0.417
pro_lifelong	54	2	50	2734.169	2.734169	False	1	0.417
pro_lifelong	54	3	50	13989.490	13.989490	False	1	0.411
pro_lifelong	54	4	50	9541.417	9.541417	False	1	0.417
pro_lifelong	54	5	50	20336.573	20.336573	False	1	0.408
pro_lifelong	54	6	50	16118.307	16.118307	False	1	0.133
pro_lifelong	55	1	50	18290.390	18.290390	False	1	0.388
pro_lifelong	55	2	50	11527.324	11.527324	False	1	0.133
pro_lifelong	55	3	50	11487.100	11.487100	False	1	0.133
pro_lifelong	55	4	50	37826.351	37.826351	False	1	0.433
pro_lifelong	55	5	50	5936.863	5.936863	False	1	0.133
pro_lifelong	55	6	50	18362.038	18.362038	False	1	0.403
pro_lifelong	55	7	50	16608.145	16.608145	False	1	0.399
pro_lifelong	55	8	50	12014.411	12.014411	False	1	0.133
pro_lifelong	55	9	50	14556.424	14.556424	False	1	0.409
pro_lifelong	56	1	50	18247.721	18.247721	False	1	0.5
pro_lifelong	56	2	50	23885.243	23.885243	True	1	0.865
pro_lifelong	57	1	50	13148.883	13.148883	False	1	0.133
pro_lifelong	57	2	50	18276.515	18.276515	False	1	0.407
pro_lifelong	57	3	50	14592.511	14.592511	False	1	0.133
pro_lifelong	57	4	50	10059.886	10.059886	False	1	0.133
pro_lifelong	57	5	50	18460.067	18.460067	False	1	0.348
pro_lifelong	57	6	50	11253.115	11.253115	False	1	0.133
pro_lifelong	57	7	50	19726.556	19.726556	False	1	0.432
pro_lifelong	57	8	50	13745.633	13.745633	False	1	0.415
pro_lifelong	57	9	50	15035.284	15.035284	False	1	0.421
pro_lifelong	57	10	50	17751.149	17.751149	False	1	0.505
pro_lifelong	57	11	50	2775.490	2.775490	False	1	0.133
pro_lifelong	57	12	50	18778.753	18.778753	False	1	0.361
pro_lifelong	57	13	50	9773.576	9.773576	False	1	0.133
pro_lifelong	57	14	50	2250.850	2.250850	False	1	0.133
pro_lifelong	57	15	50	20902.531	20.902531	False	1	0.461
pro_lifelong	58	1	50	35836.500	35.836500	False	1	0.513
pro_lifelong	58	2	50	17774.557	17.774557	False	1	0.472
pro_lifelong	58	3	50	2972.577	2.972577	False	1	0.513
pro_lifelong	58	4	50	15263.842	15.263842	False	1	0.377
pro_lifelong	58	5	50	15137.628	15.137628	False	1	0.474
pro_lifelong	58	6	50	3485.985	3.485985	False	1	0.513
pro_lifelong	59	1	50	14345.118	14.345118	False	1	0.133
pro_lifelong	59	2	50	16236.465	16.236465	False	1	0.392
pro_lifelong	59	3	50	14872.891	14.872891	False	1	0.133
pro_lifelong	59	4	50	12609.502	12.609502	False	1	0.499
pro_lifelong	59	5	50	19585.487	19.585487	False	1	0.133
pro_lifelong	59	6	50	41694.104	41.694104	False	1	0.518
pro_lifelong	59	7	50	40864.519	40.864519	False	1	0.518
pro_lifelong	59	8	50	22737.079	22.737079	False	1	0.508
pro_lifelong	59	9	50	14723.726	14.723726	False	1	0.378
pro_lifelong	59	10	50	18966.263	18.966263	False	1	0.439
pro_lifelong	59	11	50	22073.944	22.073944	False	1	0.133
pro_lifelong	60	1	50	15615.588	15.615588	False	1	0.133
pro_lifelong	60	2	50	13310.087	13.310087	False	1	0.133
pro_lifelong	60	3	50	28139.651	28.139651	False	1	0.564
pro_lifelong	60	4	50	19092.734	19.092734	False	1	0.133
pro_lifelong	60	5	50	26635.219	26.635219	False	1	0.478
pro_lifelong	60	6	50	19015.936	19.015936	False	1	0.596
pro_lifelong	60	7	50	21939.042	21.939042	False	1	0.479
pro_lifelong	60	8	50	11174.296	11.174296	False	1	0.404
pro_lifelong	60	9	50	29134.777	29.134777	False	1	0.606
pro_lifelong	60	10	50	31031.804	31.031804	True	1	0.859
pro_lifelong	61	1	50	17729.888	17.729888	False	1	0.329
pro_lifelong	61	2	50	17392.079	17.392079	False	1	0.446
pro_lifelong	61	3	50	16446.036	16.446036	False	1	0.408
pro_lifelong	61	4	50	13036.163	13.036163	False	1	0.133
pro_lifelong	61	5	50	20423.017	20.423017	False	1	0.421
pro_lifelong	61	6	50	16455.002	16.455002	False	1	0.38
pro_lifelong	61	7	50	11542.663	11.542663	False	1	0.133
pro_lifelong	62	1	50	17072.124	17.072124	False	1	0.451
pro_lifelong	62	2	50	17277.817	17.277817	False	1	0.434
pro_lifelong	62	3	50	19394.067	19.394067	False	1	0.511
pro_lifelong	62	4	50	16485.004	16.485004	False	1	0.468
pro_lifelong	62	5	50	9668.986	9.668986	False	1	0.43
pro_lifelong	62	6	50	11110.334	11.110334	False	1	0.133
pro_lifelong	62	7	50	2266.686	2.266686	False	1	0.43
pro_lifelong	62	8	50	1710.153	1.710153	False	1	0.43
pro_lifelong	63	1	50	22565.020	22.565020	False	1	0.37
pro_lifelong	63	2	50	16957.488	16.957488	False	1	0.396
pro_lifelong	63	3	50	10888.487	10.888487	False	1	0.426
pro_lifelong	63	4	50	15060.499	15.060499	False	1	0.431
pro_lifelong	63	5	50	15688.925	15.688925	False	1	0.389
pro_lifelong	63	6	50	9309.347	9.309347	False	1	0.133
pro_lifelong	63	7	50	15907.284	15.907284	False	1	0.375
pro_lifelong	63	8	50	19110.122	19.110122	False	1	0.388
pro_lifelong	64	1	50	13125.400	13.125400	False	1	0.351
pro_lifelong	64	2	50	5848.768	5.848768	False	1	0.133
pro_lifelong	64	3	50	17774.167	17.774167	False	1	0.395
pro_lifelong	64	4	50	16577.428	16.577428	False	1	0.392
pro_lifelong	64	5	50	2686.346	2.686346	False	1	0.133
pro_lifelong	64	6	50	18152.182	18.152182	False	1	0.414
pro_lifelong	64	7	50	24031.472	24.031472	False	1	0.429
pro_lifelong	64	8	50	17319.820	17.319820	False	1	0.442
pro_lifelong	64	9	50	16944.798	16.944798	False	1	0.433
pro_lifelong	64	10	50	1718.608	1.718608	False	1	0.133
pro_lifelong	64	11	50	16551.204	16.551204	False	1	0.373
pro_lifelong	64	12	50	2279.093	2.279093	False	1	0.133
pro_lifelong	64	13	50	17587.595	17.587595	False	1	0.358
pro_lifelong	65	1	50	2940.731	2.940731	False	1	0.133
pro_lifelong	65	2	50	19178.017	19.178017	False	1	0.381
pro_lifelong	65	3	50	15160.952	15.160952	False	1	0.408
pro_lifelong	65	4	50	16450.202	16.450202	False	1	0.398
pro_lifelong	65	5	50	9544.427	9.544427	False	1	0.133
pro_lifelong	65	6	50	2519.416	2.519416	False	1	0.133
pro_lifelong	65	7	50	16154.587	16.154587	False	1	0.133
pro_lifelong	65	8	50	16753.223	16.753223	False	1	0.381
pro_lifelong	66	1	50	14024.599	14.024599	False	1	0.133
pro_lifelong	66	2	50	15336.166	15.336166	False	1	0.133
pro_lifelong	66	3	50	3729.292	3.729292	False	1	0.133
pro_lifelong	66	4	50	17717.458	17.717458	False	1	0.484
pro_lifelong	66	5	50	17550.254	17.550254	False	1	0.396
pro_lifelong	66	6	50	2283.156	2.283156	False	1	0.133
pro_lifelong	66	7	50	14519.967	14.519967	False	1	0.385
pro_lifelong	66	8	50	15696.865	15.696865	False	1	0.483
pro_lifelong	66	9	50	18090.772	18.090772	False	1	0.47
pro_lifelong	67	1	50	20934.135	20.934135	False	1	0.561
pro_lifelong	67	2	50	19051.350	19.051350	False	1	0.407
pro_lifelong	67	3	50	18272.320	18.272320	True	1	0.901
pro_lifelong	68	1	50	17600.004	17.600004	False	1	0.447
pro_lifelong	68	2	50	21918.285	21.918285	False	1	0.392
pro_lifelong	68	3	50	13631.995	13.631995	False	1	0.46
pro_lifelong	68	4	50	22304.814	22.304814	False	1	0.403
pro_lifelong	68	5	50	4733.842	4.733842	False	1	0.133
pro_lifelong	68	6	50	17360.164	17.360164	False	1	0.133
pro_lifelong	68	7	50	13195.744	13.195744	False	1	0.133
pro_lifelong	68	8	50	19241.157	19.241157	False	1	0.423
pro_lifelong	69	1	50	6743.006	6.743006	False	1	0.411
pro_lifelong	69	2	50	2574.546	2.574546	False	1	0.411
pro_lifelong	69	3	50	16514.716	16.514716	False	1	0.406
pro_lifelong	69	4	50	2600.646	2.600646	False	1	0.411
pro_lifelong	69	5	50	2920.537	2.920537	False	1	0.411
pro_lifelong	69	6	50	2980.535	2.980535	False	1	0.411
pro_lifelong	70	1	50	17288.833	17.288833	False	1	0.407
pro_lifelong	70	2	50	16354.962	16.354962	False	1	0.452
pro_lifelong	70	3	50	18208.243	18.208243	False	1	0.427
pro_lifelong	70	4	50	8747.861	8.747861	False	1	0.427
pro_lifelong	70	5	50	22488.600	22.488600	False	1	0.439
pro_lifelong	70	6	50	20947.918	20.947918	False	1	0.401
pro_lifelong	70	7	50	13873.711	13.873711	False	1	0.427
pro_lifelong	71	1	50	7743.937	7.743937	False	1	0.423
pro_lifelong	71	2	50	2724.588	2.724588	False	1	0.423
pro_lifelong	71	3	50	5760.814	5.760814	False	1	0.423
pro_lifelong	71	4	50	1862.414	1.862414	False	1	0.423
pro_lifelong	71	5	50	20526.550	20.526550	False	1	0.43
pro_lifelong	71	6	50	3874.416	3.874416	False	1	0.423
pro_lifelong	72	1	50	18228.949	18.228949	False	1	0.36
pro_lifelong	72	2	50	18699.449	18.699449	False	1	0.358
pro_lifelong	72	3	50	18596.437	18.596437	False	1	0.39
pro_lifelong	72	4	50	6365.086	6.365086	False	1	0.4
pro_lifelong	72	5	50	45989.054	45.989054	False	1	0.4
pro_lifelong	72	6	50	21571.141	21.571141	False	1	0.441
pro_lifelong	72	7	50	2649.739	2.649739	False	1	0.4
pro_lifelong	72	8	50	19438.888	19.438888	False	1	0.4
pro_lifelong	72	9	50	4137.287	4.137287	False	1	0.4
pro_lifelong	72	10	50	2027.133	2.027133	False	1	0.4
pro_lifelong	72	11	50	19971.052	19.971052	False	1	0.434
pro_lifelong	73	1	50	20791.309	20.791309	False	1	0.133
pro_lifelong	73	2	50	17829.680	17.829680	False	1	0.433
pro_lifelong	73	3	50	15789.270	15.789270	False	1	0.133
pro_lifelong	73	4	50	21780.805	21.780805	False	1	0.395
pro_lifelong	73	5	50	16292.853	16.292853	False	1	0.133
pro_lifelong	73	6	50	26526.168	26.526168	False	1	0.514
pro_lifelong	73	7	50	18696.730	18.696730	False	1	0.45
pro_lifelong	73	8	50	15398.022	15.398022	False	1	0.489
pro_lifelong	73	9	50	19204.747	19.204747	False	1	0.405
pro_lifelong	73	10	50	23621.714	23.621714	False	1	0.361
pro_lifelong	73	11	50	15270.330	15.270330	False	1	0.133
pro_lifelong	74	1	50	24700.266	24.700266	False	1	0.133
pro_lifelong	74	2	50	18374.840	18.374840	False	1	0.547
pro_lifelong	74	3	50	4724.229	4.724229	False	1	0.133
pro_lifelong	74	4	50	2360.093	2.360093	False	1	0.133
pro_lifelong	74	5	50	17080.898	17.080898	False	1	0.459
pro_lifelong	74	6	50	2686.958	2.686958	False	1	0.133
pro_lifelong	74	7	50	14946.710	14.946710	False	1	0.133
pro_lifelong	75	1	50	9405.077	9.405077	False	1	0.558
pro_lifelong	75	2	50	17608.219	17.608219	False	1	0.558
pro_lifelong	75	3	50	19129.821	19.129821	False	1	0.566
pro_lifelong	75	4	50	17575.308	17.575308	False	1	0.434
pro_lifelong	75	5	50	13296.889	13.296889	False	1	0.566
pro_lifelong	75	6	50	15965.202	15.965202	False	1	0.566
pro_lifelong	76	1	50	17984.184	17.984184	False	1	0.585
pro_lifelong	76	2	50	7903.400	7.903400	False	1	0.133
pro_lifelong	76	3	50	11956.200	11.956200	False	1	0.133
pro_lifelong	76	4	50	13709.712	13.709712	False	1	0.133
pro_lifelong	76	5	50	18315.775	18.315775	False	1	0.434
pro_lifelong	76	6	50	1604.473	1.604473	False	1	0.133
pro_lifelong	77	1	50	13652.484	13.652484	False	1	0.133
pro_lifelong	77	2	50	1471.983	1.471983	False	1	0.133
pro_lifelong	77	3	50	16610.473	16.610473	False	1	0.459
pro_lifelong	77	4	50	10200.642	10.200642	False	1	0.133
pro_lifelong	77	5	50	23982.079	23.982079	False	1	0.133
pro_lifelong	77	6	50	15418.602	15.418602	False	1	0.133
pro_lifelong	77	7	50	17624.879	17.624879	False	1	0.51
pro_lifelong	77	8	50	15859.956	15.859956	False	1	0.555
pro_lifelong	77	9	50	11336.923	11.336923	False	1	0.432
pro_lifelong	77	10	50	15189.708	15.189708	False	1	0.526
pro_lifelong	77	11	50	2211.437	2.211437	False	1	0.133
pro_lifelong	77	12	50	41813.792	41.813792	False	1	0.484
pro_lifelong	77	13	50	15705.053	15.705053	False	1	0.133
pro_lifelong	78	1	50	10432.719	10.432719	False	1	0.468
pro_lifelong	78	2	50	3125.181	3.125181	False	1	0.468
pro_lifelong	78	3	50	15361.651	15.361651	False	1	0.418
pro_lifelong	78	4	50	20316.632	20.316632	False	1	0.445
pro_lifelong	78	5	50	18137.743	18.137743	False	1	0.373
pro_lifelong	78	6	50	15869.330	15.869330	False	1	0.468
pro_lifelong	79	1	50	19493.786	19.493786	True	1	0.86
pro_lifelong	80	1	50	14811.041	14.811041	False	1	0.491
pro_lifelong	80	2	50	7831.274	7.831274	False	1	0.471
pro_lifelong	80	3	50	13693.742	13.693742	False	1	0.396
pro_lifelong	80	4	50	16704.530	16.704530	False	1	0.438
pro_lifelong	80	5	50	4206.765	4.206765	False	1	0.471
pro_lifelong	80	6	50	18127.896	18.127896	False	1	0.53
pro_lifelong	80	7	50	16070.543	16.070543	False	1	0.487
pro_lifelong	80	8	50	4878.547	4.878547	False	1	0.471
pro_lifelong	80	9	50	20848.827	20.848827	False	1	0.513
pro_lifelong	80	10	50	19291.480	19.291480	False	1	0.436
pro_lifelong	80	11	50	19078.309	19.078309	False	1	0.361
pro_lifelong	81	1	50	17423.798	17.423798	False	1	0.304
pro_lifelong	81	2	50	19542.618	19.542618	False	1	0.434
pro_lifelong	81	3	50	16429.877	16.429877	False	1	0.403
pro_lifelong	81	4	50	18512.521	18.512521	False	1	0.133
pro_lifelong	81	5	50	13330.560	13.330560	False	1	0.133
pro_lifelong	81	6	50	20333.780	20.333780	False	1	0.426
pro_lifelong	81	7	50	8876.349	8.876349	False	1	0.432
pro_lifelong	82	1	50	15193.636	15.193636	False	1	0.133
pro_lifelong	82	2	50	13574.677	13.574677	False	1	0.429
pro_lifelong	82	3	50	3192.292	3.192292	False	1	0.133
pro_lifelong	82	4	50	2153.568	2.153568	False	1	0.133
pro_lifelong	82	5	50	25528.867	25.528867	False	1	0.457
pro_lifelong	82	6	50	3079.748	3.079748	False	1	0.133
pro_lifelong	82	7	50	17523.162	17.523162	False	1	0.347
pro_lifelong	82	8	50	4072.752	4.072752	False	1	0.133
pro_lifelong	82	9	50	20032.283	20.032283	False	1	0.389
pro_lifelong	82	10	50	13072.161	13.072161	False	1	0.133
pro_lifelong	83	1	50	15668.418	15.668418	False	1	0.47
pro_lifelong	83	2	50	13083.027	13.083027	False	1	0.133
pro_lifelong	83	3	50	14246.796	14.246796	False	1	0.133
pro_lifelong	83	4	50	10997.852	10.997852	False	1	0.432
pro_lifelong	83	5	50	3722.206	3.722206	False	1	0.133
pro_lifelong	83	6	50	2971.535	2.971535	False	1	0.133
pro_lifelong	84	1	50	22747.507	22.747507	False	1	0.459
pro_lifelong	84	2	50	43423.686	43.423686	False	1	0.43
pro_lifelong	84	3	50	17929.219	17.929219	False	1	0.411
pro_lifelong	84	4	50	16664.085	16.664085	False	1	0.419
pro_lifelong	84	5	50	2111.943	2.111943	False	1	0.43
pro_lifelong	84	6	50	14575.171	14.575171	False	1	0.467
pro_lifelong	85	1	50	21242.194	21.242194	False	1	0.133
pro_lifelong	85	2	50	14929.838	14.929838	False	1	0.133
pro_lifelong	85	3	50	14133.057	14.133057	False	1	0.133
pro_lifelong	85	4	50	20457.803	20.457803	False	1	0.304
pro_lifelong	85	5	50	24214.756	24.214756	False	1	0.518
pro_lifelong	85	6	50	33181.590	33.181590	False	1	0.552
pro_lifelong	85	7	50	6832.257	6.832257	False	1	0.133
pro_lifelong	85	8	50	13888.496	13.888496	False	1	0.133
pro_lifelong	85	9	50	13669.408	13.669408	False	1	0.44
pro_lifelong	85	10	50	15195.640	15.195640	False	1	0.611
pro_lifelong	85	11	50	18124.606	18.124606	False	1	0.503
pro_lifelong	85	12	50	17391.760	17.391760	False	1	0.443
pro_lifelong	85	13	50	19289.282	19.289282	False	1	0.597
pro_lifelong	85	14	50	14022.149	14.022149	False	1	0.133
pro_lifelong	85	15	50	12097.283	12.097283	False	1	0.133
pro_lifelong	86	1	50	11405.073	11.405073	False	1	0.133
pro_lifelong	86	2	50	11270.317	11.270317	False	1	0.133
pro_lifelong	86	3	50	16908.448	16.908448	False	1	0.504
pro_lifelong	86	4	50	14687.107	14.687107	False	1	0.133
pro_lifelong	86	5	50	9578.885	9.578885	False	1	0.499
pro_lifelong	86	6	50	17785.895	17.785895	False	1	0.536
pro_lifelong	86	7	50	4383.217	4.383217	False	1	0.133
pro_lifelong	86	8	50	11004.767	11.004767	False	1	0.499
pro_lifelong	86	9	50	16477.109	16.477109	False	1	0.133
pro_lifelong	86	10	50	7902.185	7.902185	False	1	0.133
pro_lifelong	86	11	50	15776.872	15.776872	False	1	0.409
pro_lifelong	87	1	50	1985.484	1.985484	False	1	0.133
pro_lifelong	87	2	50	2439.339	2.439339	False	1	0.133
pro_lifelong	87	3	50	1210.943	1.210943	False	1	0.133
pro_lifelong	87	4	50	10518.914	10.518914	False	1	0.133
pro_lifelong	88	1	50	11643.509	11.643509	False	1	0.133
pro_lifelong	88	2	50	14165.215	14.165215	False	1	0.445
pro_lifelong	88	3	50	2272.239	2.272239	False	1	0.133
pro_lifelong	88	4	50	21069.932	21.069932	False	1	0.133
pro_lifelong	88	5	50	12333.326	12.333326	False	1	0.133
pro_lifelong	88	6	50	33732.052	33.732052	False	1	0.508
pro_lifelong	88	7	50	17469.318	17.469318	False	1	0.133
pro_lifelong	88	8	50	15259.517	15.259517	False	1	0.133
pro_lifelong	88	9	50	14387.344	14.387344	False	1	0.43
pro_lifelong	88	10	50	8112.413	8.112413	False	1	0.499
pro_lifelong	88	11	50	15099.763	15.099763	False	1	0.133
pro_lifelong	89	1	50	14099.609	14.099609	False	1	0.133
pro_lifelong	89	2	50	10623.745	10.623745	False	1	0.133
pro_lifelong	89	3	50	19617.458	19.617458	False	1	0.384
pro_lifelong	89	4	50	18759.773	18.759773	False	1	0.41
pro_lifelong	89	5	50	14835.119	14.835119	False	1	0.469
pro_lifelong	89	6	50	11113.100	11.113100	False	1	0.133
pro_lifelong	89	7	50	16547.884	16.547884	False	1	0.37
pro_lifelong	89	8	50	19881.612	19.881612	False	1	0.408
pro_lifelong	89	9	50	10958.015	10.958015	False	1	0.133
pro_lifelong	89	10	50	12357.215	12.357215	False	1	0.133
pro_lifelong	90	1	50	14894.315	14.894315	False	1	0.498
pro_lifelong	90	2	50	19244.722	19.244722	False	1	0.455
pro_lifelong	90	3	50	4191.363	4.191363	False	1	0.133
pro_lifelong	90	4	50	16539.800	16.539800	False	1	0.333
pro_lifelong	90	5	50	13893.392	13.893392	False	1	0.133
pro_lifelong	90	6	50	2530.430	2.530430	False	1	0.133
pro_lifelong	91	1	50	13417.489	13.417489	False	1	0.133
pro_lifelong	91	2	50	15317.636	15.317636	False	1	0.41
pro_lifelong	91	3	50	15596.179	15.596179	False	1	0.427
pro_lifelong	91	4	50	22262.120	22.262120	False	1	0.411
pro_lifelong	91	5	50	20324.458	20.324458	False	1	0.42
pro_lifelong	91	6	50	23606.997	23.606997	False	1	0.426
pro_lifelong	91	7	50	4126.983	4.126983	False	1	0.133
pro_lifelong	91	8	50	19128.126	19.128126	False	1	0.396
pro_lifelong	92	1	50	16477.069	16.477069	False	1	0.133
pro_lifelong	92	2	50	3443.934	3.443934	False	1	0.133
pro_lifelong	92	3	50	17912.296	17.912296	False	1	0.424
pro_lifelong	92	4	50	13845.736	13.845736	False	1	0.133
pro_lifelong	92	5	50	11402.975	11.402975	False	1	0.133
pro_lifelong	92	6	50	20011.938	20.011938	False	1	0.341
pro_lifelong	92	7	50	12592.427	12.592427	False	1	0.133
pro_lifelong	92	8	50	3403.453	3.403453	False	1	0.133
pro_lifelong	93	1	50	25093.506	25.093506	False	1	0.44
pro_lifelong	93	2	50	18714.444	18.714444	False	1	0.374
pro_lifelong	93	3	50	20116.540	20.116540	False	1	0.452
pro_lifelong	93	4	50	21225.255	21.225255	False	1	0.356
pro_lifelong	93	5	50	20372.724	20.372724	False	1	0.406
pro_lifelong	93	6	50	23943.269	23.943269	False	1	0.427
pro_lifelong	93	7	50	20285.235	20.285235	False	1	0.393
pro_lifelong	93	8	50	21743.291	21.743291	False	1	0.527
pro_lifelong	93	9	50	3387.002	3.387002	False	1	0.133
pro_lifelong	93	10	50	2106.653	2.106653	False	1	0.133
pro_lifelong	93	11	50	2752.926	2.752926	False	1	0.133
pro_lifelong	93	12	50	33264.725	33.264725	False	1	0.383
pro_lifelong	93	13	50	10239.641	10.239641	False	1	0.133
pro_lifelong	94	1	50	16786.861	16.786861	False	1	0.417
pro_lifelong	94	2	50	13461.322	13.461322	False	1	0.505
pro_lifelong	94	3	50	17423.931	17.423931	False	1	0.398
pro_lifelong	94	4	50	20069.885	20.069885	False	1	0.414
pro_lifelong	94	5	50	24091.520	24.091520	False	1	0.459
pro_lifelong	94	6	50	19884.533	19.884533	False	1	0.459
pro_lifelong	94	7	50	7337.159	7.337159	False	1	0.45
pro_lifelong	95	1	50	6058.730	6.058730	False	1	0.133
pro_lifelong	95	2	50	10120.240	10.120240	False	1	0.133
pro_lifelong	95	3	50	15693.839	15.693839	False	1	0.42
pro_lifelong	95	4	50	1554.016	1.554016	False	1	0.133
pro_lifelong	95	5	50	18037.257	18.037257	False	1	0.496
pro_lifelong	95	6	50	2686.734	2.686734	False	1	0.133
pro_lifelong	95	7	50	18408.291	18.408291	False	1	0.445
pro_lifelong	95	8	50	2204.804	2.204804	False	1	0.133
pro_lifelong	95	9	50	10559.498	10.559498	False	1	0.133
pro_lifelong	95	10	50	1266.579	1.266579	False	1	0.133
pro_lifelong	96	1	50	11489.652	11.489652	False	1	0.432
pro_lifelong	96	2	50	17586.288	17.586288	False	1	0.358
pro_lifelong	96	3	50	13259.746	13.259746	False	1	0.133
pro_lifelong	96	4	50	12168.021	12.168021	False	1	0.133
pro_lifelong	96	5	50	21799.631	21.799631	False	1	0.354
pro_lifelong	96	6	50	16157.275	16.157275	False	1	0.133
pro_lifelong	97	1	50	18031.044	18.031044	False	1	0.478
pro_lifelong	97	2	50	19504.799	19.504799	False	1	0.386
pro_lifelong	97	3	50	16250.511	16.250511	False	1	0.133
pro_lifelong	97	4	50	18739.918	18.739918	False	1	0.463
pro_lifelong	97	5	50	15267.711	15.267711	False	1	0.46
pro_lifelong	97	6	50	4494.159	4.494159	False	1	0.133
pro_lifelong	98	1	50	17908.496	17.908496	False	1	0.461
pro_lifelong	98	2	50	24602.661	24.602661	False	1	0.448
pro_lifelong	98	3	50	12415.226	12.415226	False	1	0.446
pro_lifelong	98	4	50	18049.864	18.049864	False	1	0.133
pro_lifelong	98	5	50	7359.652	7.359652	False	1	0.465
pro_lifelong	98	6	50	2538.564	2.538564	False	1	0.465
pro_lifelong	99	1	50	3232.545	3.232545	False	1	0.133
pro_lifelong	99	2	50	2510.635	2.510635	False	1	0.133
pro_lifelong	99	3	50	21124.181	21.124181	False	1	0.313
pro_lifelong	99	4	50	19642.834	19.642834	False	1	0.362
pro_lifelong	99	5	50	2278.228	2.278228	False	1	0.133
pro_lifelong	99	6	50	15482.099	15.482099	False	1	0.392
pro_lifelong	99	7	50	26442.671	26.442671	False	1	0.451
pro_lifelong	99	8	50	20180.057	20.180057	False	1	0.374
pro_lifelong	99	9	50	12005.701	12.005701	False	1	0.133
pro_lifelong	99	10	50	20033.617	20.033617	False	1	0.426
pro_lifelong	99	11	50	24335.485	24.335485	False	1	0.411
pro_lifelong	99	12	50	13822.250	13.822250	False	1	0.408
pro_lifelong	100	1	50	4915.011	4.915011	False	1	0.133
pro_lifelong	100	2	50	17030.998	17.030998	False	1	0.445
pro_lifelong	100	3	50	2126.436	2.126436	False	1	0.133
pro_lifelong	100	4	50	20461.914	20.461914	False	1	0.408
pro_lifelong	100	5	50	11890.015	11.890015	False	1	0.133
pro_lifelong	100	6	50	19359.289	19.359289	False	1	0.343
pro_lifelong	100	7	50	18309.584	18.309584	False	1	0.447
pro_lifelong	101	1	50	25012.587	25.012587	False	1	0.466
pro_lifelong	101	2	50	6890.984	6.890984	False	1	0.401
pro_lifelong	101	3	50	20665.005	20.665005	False	1	0.393
pro_lifelong	101	4	50	4713.674	4.713674	False	1	0.401
pro_lifelong	101	5	50	17789.374	17.789374	False	1	0.378
pro_lifelong	101	6	50	15522.546	15.522546	False	1	0.491
pro_lifelong	101	7	50	18388.268	18.388268	False	1	0.415
pro_lifelong	101	8	50	2398.267	2.398267	False	1	0.401
pro_lifelong	101	9	50	19393.889	19.393889	False	1	0.515
pro_lifelong	101	10	50	1834.146	1.834146	False	1	0.401
pro_lifelong	101	11	50	18432.361	18.432361	False	1	0.381
pro_lifelong	101	12	50	16671.873	16.671873	False	1	0.369
pro_lifelong	101	13	50	16880.381	16.880381	False	1	0.379
pro_lifelong	101	14	50	18387.966	18.387966	False	1	0.39
pro_lifelong	102	1	50	25127.829	25.127829	False	1	0.404
pro_lifelong	102	2	50	17894.224	17.894224	False	1	0.398
pro_lifelong	102	3	50	18333.330	18.333330	False	1	0.398
pro_lifelong	102	4	50	21008.969	21.008969	False	1	0.439
pro_lifelong	102	5	50	27200.630	27.200630	False	1	0.43
pro_lifelong	102	6	50	16810.664	16.810664	False	1	0.133
pro_lifelong	102	7	50	20295.919	20.295919	False	1	0.452
pro_lifelong	102	8	50	16990.506	16.990506	False	1	0.512
pro_lifelong	102	9	50	11469.783	11.469783	False	1	0.133
pro_lifelong	102	10	50	2118.485	2.118485	False	1	0.133
pro_lifelong	102	11	50	18467.251	18.467251	False	1	0.438
pro_lifelong	102	12	50	18260.139	18.260139	False	1	0.133
pro_lifelong	102	13	50	23048.930	23.048930	False	1	0.44
pro_lifelong	103	1	50	3077.627	3.077627	False	1	0.133
pro_lifelong	103	2	50	19987.908	19.987908	False	1	0.377
pro_lifelong	103	3	50	20019.338	20.019338	False	1	0.405
pro_lifelong	103	4	50	20179.176	20.179176	False	1	0.41
pro_lifelong	103	5	50	21701.235	21.701235	False	1	0.443
pro_lifelong	103	6	50	11950.002	11.950002	False	1	0.133
pro_lifelong	103	7	50	2672.331	2.672331	False	1	0.133
pro_lifelong	103	8	50	18263.549	18.263549	False	1	0.423
pro_lifelong	103	9	50	18018.191	18.018191	False	1	0.448
pro_lifelong	103	10	50	15892.326	15.892326	False	1	0.44
pro_lifelong	104	1	50	7866.813	7.866813	False	1	0.411
pro_lifelong	104	2	50	18303.746	18.303746	True	1	0.82
pro_lifelong	105	1	50	16956.772	16.956772	False	1	0.442
pro_lifelong	105	2	50	12788.347	12.788347	False	1	0.479
pro_lifelong	105	3	50	14912.088	14.912088	False	1	0.133
pro_lifelong	105	4	50	12203.510	12.203510	False	1	0.133
pro_lifelong	105	5	50	14332.002	14.332002	False	1	0.133
pro_lifelong	105	6	50	16296.629	16.296629	False	1	0.486
pro_lifelong	105	7	50	15371.917	15.371917	False	1	0.423
pro_lifelong	106	1	50	14118.999	14.118999	False	1	0.133
pro_lifelong	106	2	50	22112.195	22.112195	False	1	0.133
pro_lifelong	106	3	50	20823.423	20.823423	False	1	0.416
pro_lifelong	106	4	50	17054.368	17.054368	False	1	0.465
pro_lifelong	106	5	50	19191.181	19.191181	False	1	0.413
pro_lifelong	106	6	50	2391.176	2.391176	False	1	0.133
pro_lifelong	106	7	50	14502.571	14.502571	False	1	0.133
pro_lifelong	106	8	50	17970.463	17.970463	False	1	0.487
pro_lifelong	106	9	50	1607.422	1.607422	False	1	0.133
pro_lifelong	106	10	50	2790.617	2.790617	False	1	0.133
pro_lifelong	106	11	50	15790.576	15.790576	False	1	0.133
pro_lifelong	106	12	50	19083.367	19.083367	False	1	0.373
pro_lifelong	106	13	50	2992.325	2.992325	False	1	0.133
pro_lifelong	107	1	50	4521.804	4.521804	False	1	0.133
pro_lifelong	107	2	50	1246.218	1.246218	False	1	0.133
pro_lifelong	107	3	50	14137.532	14.137532	False	1	0.499
pro_lifelong	107	4	50	22448.597	22.448597	False	1	0.133
pro_lifelong	107	5	50	2029.073	2.029073	False	1	0.133
pro_lifelong	107	6	50	20760.744	20.760744	False	1	0.47
pro_lifelong	107	7	50	19023.424	19.023424	False	1	0.422
pro_lifelong	107	8	50	24254.540	24.254540	False	1	0.481
pro_lifelong	108	1	50	6374.129	6.374129	False	1	0.423
pro_lifelong	108	2	50	2753.565	2.753565	False	1	0.423
pro_lifelong	108	3	50	18326.967	18.326967	False	1	0.399
pro_lifelong	108	4	50	16141.934	16.141934	False	1	0.347
pro_lifelong	108	5	50	15505.212	15.505212	False	1	0.407
pro_lifelong	108	6	50	19773.870	19.773870	False	1	0.42
pro_lifelong	109	1	50	4048.444	4.048444	False	1	0.133
pro_lifelong	109	2	50	17191.144	17.191144	False	1	0.399
pro_lifelong	109	3	50	17830.231	17.830231	False	1	0.435
pro_lifelong	109	4	50	14948.898	14.948898	False	1	0.394
pro_lifelong	109	5	50	18178.899	18.178899	False	1	0.381
pro_lifelong	109	6	50	2242.804	2.242804	False	1	0.133
pro_lifelong	109	7	50	12296.730	12.296730	False	1	0.133
pro_lifelong	109	8	50	21675.442	21.675442	False	1	0.447
pro_lifelong	109	9	50	2630.212	2.630212	False	1	0.133
pro_lifelong	109	10	50	3399.997	3.399997	False	1	0.133
pro_lifelong	109	11	50	10579.499	10.579499	False	1	0.432
pro_lifelong	109	12	50	18032.000	18.032000	False	1	0.429
pro_lifelong	109	13	50	10951.667	10.951667	False	1	0.432
pro_lifelong	110	1	50	18485.585	18.485585	False	1	0.384
pro_lifelong	110	2	50	15407.339	15.407339	False	1	0.414
pro_lifelong	110	3	50	3200.484	3.200484	False	1	0.133
pro_lifelong	110	4	50	18926.513	18.926513	False	1	0.374
pro_lifelong	110	5	50	16886.371	16.886371	False	1	0.394
pro_lifelong	110	6	50	21300.451	21.300451	False	1	0.432
pro_lifelong	110	7	50	18367.059	18.367059	False	1	0.32
pro_lifelong	110	8	50	13040.214	13.040214	False	1	0.431
pro_lifelong	110	9	50	2116.150	2.116150	False	1	0.133
pro_lifelong	110	10	50	2441.722	2.441722	False	1	0.133
pro_lifelong	110	11	50	14296.568	14.296568	False	1	0.133
pro_lifelong	111	1	50	12401.697	12.401697	False	1	0.475
pro_lifelong	111	2	50	15406.622	15.406622	False	1	0.401
pro_lifelong	111	3	50	10653.116	10.653116	False	1	0.432
pro_lifelong	111	4	50	15815.878	15.815878	False	1	0.133
pro_lifelong	111	5	50	17414.931	17.414931	False	1	0.133
pro_lifelong	111	6	50	13108.370	13.108370	False	1	0.133
pro_lifelong	112	1	50	21102.406	21.102406	False	1	0.457
pro_lifelong	112	2	50	16145.503	16.145503	False	1	0.446
pro_lifelong	112	3	50	15536.234	15.536234	False	1	0.133
pro_lifelong	112	4	50	19415.827	19.415827	False	1	0.437
pro_lifelong	112	5	50	2985.488	2.985488	False	1	0.133
pro_lifelong	112	6	50	3475.383	3.475383	False	1	0.133
pro_lifelong	113	1	50	13456.565	13.456565	False	1	0.133
pro_lifelong	113	2	50	11273.708	11.273708	False	1	0.133
pro_lifelong	113	3	50	19149.172	19.149172	False	1	0.424
pro_lifelong	113	4	50	3426.005	3.426005	False	1	0.133
pro_lifelong	113	5	50	18323.841	18.323841	False	1	0.437
pro_lifelong	113	6	50	18428.032	18.428032	False	1	0.424
pro_lifelong	113	7	50	13234.930	13.234930	False	1	0.133
pro_lifelong	113	8	50	18794.549	18.794549	False	1	0.386
pro_lifelong	113	9	50	3388.311	3.388311	False	1	0.133
pro_lifelong	113	10	50	13680.278	13.680278	False	1	0.133
pro_lifelong	114	1	50	11062.979	11.062979	False	1	0.404
pro_lifelong	114	2	50	15644.009	15.644009	False	1	0.133
pro_lifelong	114	3	50	15576.085	15.576085	False	1	0.393
pro_lifelong	114	4	50	15790.649	15.790649	False	1	0.133
pro_lifelong	114	5	50	17404.496	17.404496	False	1	0.133
pro_lifelong	114	6	50	15056.076	15.056076	False	1	0.133
pro_lifelong	115	1	50	20676.271	20.676271	False	1	0.417
pro_lifelong	115	2	50	16419.537	16.419537	False	1	0.414
pro_lifelong	115	3	50	3825.321	3.825321	False	1	0.133
pro_lifelong	115	4	50	12536.749	12.536749	False	1	0.133
pro_lifelong	115	5	50	16451.298	16.451298	False	1	0.133
pro_lifelong	115	6	50	8626.908	8.626908	False	1	0.133
pro_lifelong	116	1	50	2881.125	2.881125	False	1	0.133
pro_lifelong	116	2	50	17719.269	17.719269	False	1	0.52
pro_lifelong	116	3	50	10503.724	10.503724	False	1	0.133
pro_lifelong	116	4	50	2339.987	2.339987	False	1	0.133
pro_lifelong	116	5	50	13547.520	13.547520	False	1	0.133
pro_lifelong	116	6	50	16018.994	16.018994	False	1	0.455
pro_lifelong	116	7	50	10559.699	10.559699	False	1	0.426
pro_lifelong	117	1	50	15405.601	15.405601	False	1	0.419
pro_lifelong	117	2	50	17774.018	17.774018	False	1	0.291
pro_lifelong	117	3	50	4086.331	4.086331	False	1	0.133
pro_lifelong	117	4	50	18630.307	18.630307	False	1	0.441
pro_lifelong	117	5	50	16572.684	16.572684	False	1	0.452
pro_lifelong	117	6	50	14648.981	14.648981	False	1	0.515
pro_lifelong	117	7	50	1881.869	1.881869	False	1	0.133
pro_lifelong	117	8	50	1683.590	1.683590	False	1	0.133
pro_lifelong	117	9	50	2077.224	2.077224	False	1	0.133
pro_lifelong	117	10	50	14110.415	14.110415	False	1	0.472
pro_lifelong	117	11	50	17245.773	17.245773	False	1	0.133
pro_lifelong	118	1	50	9892.315	9.892315	False	1	0.429
pro_lifelong	118	2	50	3520.235	3.520235	False	1	0.429
pro_lifelong	118	3	50	2482.700	2.482700	False	1	0.429
pro_lifelong	118	4	50	2722.444	2.722444	False	1	0.429
pro_lifelong	118	5	50	12934.831	12.934831	False	1	0.133
pro_lifelong	118	6	50	13792.541	13.792541	False	1	0.133
pro_lifelong	119	1	50	22558.023	22.558023	False	1	0.469
pro_lifelong	119	2	50	17815.803	17.815803	False	1	0.494
pro_lifelong	119	3	50	7403.603	7.403603	False	1	0.499
pro_lifelong	119	4	50	6628.540	6.628540	False	1	0.459
pro_lifelong	119	5	50	17220.308	17.220308	False	1	0.386
pro_lifelong	119	6	50	14005.126	14.005126	False	1	0.133
pro_lifelong	119	7	50	2514.350	2.514350	False	1	0.459
pro_lifelong	120	1	50	13177.600	13.177600	False	1	0.133
pro_lifelong	120	2	50	7973.837	7.973837	False	1	0.451
pro_lifelong	120	3	50	18344.294	18.344294	False	1	0.473
pro_lifelong	120	4	50	28211.811	28.211811	False	1	0.484
pro_lifelong	120	5	50	36053.556	36.053556	False	1	0.133
pro_lifelong	120	6	50	8881.535	8.881535	False	1	0.499
pro_lifelong	120	7	50	19043.514	19.043514	False	1	0.133
pro_lifelong	120	8	50	20562.729	20.562729	False	1	0.454
pro_lifelong	120	9	50	17839.778	17.839778	False	1	0.481
pro_lifelong	120	10	50	19949.777	19.949777	False	1	0.432
pro_lifelong	120	11	50	12290.393	12.290393	False	1	0.432
pro_lifelong	121	1	50	11309.549	11.309549	False	1	0.133
pro_lifelong	121	2	50	8427.964	8.427964	False	1	0.443
pro_lifelong	121	3	50	22632.881	22.632881	False	1	0.466
pro_lifelong	121	4	50	18711.785	18.711785	False	1	0.408
pro_lifelong	121	5	50	13127.949	13.127949	False	1	0.443
pro_lifelong	121	6	50	17270.698	17.270698	False	1	0.478
pro_lifelong	121	7	50	13623.262	13.623262	False	1	0.133
pro_lifelong	121	8	50	15635.965	15.635965	False	1	0.428
pro_lifelong	121	9	50	18943.975	18.943975	False	1	0.434
pro_lifelong	121	10	50	24599.145	24.599145	False	1	0.436
pro_lifelong	121	11	50	7758.218	7.758218	False	1	0.443
pro_lifelong	122	1	50	36706.618	36.706618	False	1	0.433
pro_lifelong	122	2	50	12479.922	12.479922	False	1	0.133
pro_lifelong	122	3	50	12076.104	12.076104	False	1	0.133
pro_lifelong	122	4	50	7444.579	7.444579	False	1	0.499
pro_lifelong	122	5	50	18160.646	18.160646	False	1	0.441
pro_lifelong	122	6	50	1726.164	1.726164	False	1	0.133
pro_lifelong	122	7	50	18312.460	18.312460	False	1	0.133
pro_lifelong	122	8	50	1492.692	1.492692	False	1	0.133
pro_lifelong	122	9	50	17051.723	17.051723	False	1	0.495
pro_lifelong	123	1	50	28323.441	28.323441	False	1	0.522
pro_lifelong	123	2	50	14311.784	14.311784	False	1	0.438
pro_lifelong	123	3	50	2858.925	2.858925	False	1	0.133
pro_lifelong	123	4	50	3191.338	3.191338	False	1	0.133
pro_lifelong	123	5	50	12643.305	12.643305	False	1	0.133
pro_lifelong	123	6	50	17313.473	17.313473	False	1	0.367
pro_lifelong	124	1	50	19735.621	19.735621	False	1	0.446
pro_lifelong	124	2	50	20142.892	20.142892	False	1	0.398
pro_lifelong	124	3	50	13043.021	13.043021	False	1	0.133
pro_lifelong	124	4	50	30798.943	30.798943	False	1	0.41
pro_lifelong	124	5	50	30577.209	30.577209	False	1	0.133
pro_lifelong	124	6	50	2197.681	2.197681	False	1	0.133
pro_lifelong	125	1	50	3332.402	3.332402	False	1	0.133
pro_lifelong	125	2	50	13382.165	13.382165	False	1	0.133
pro_lifelong	125	3	50	14936.091	14.936091	False	1	0.133
pro_lifelong	125	4	50	16665.810	16.665810	False	1	0.494
pro_lifelong	125	5	50	15098.631	15.098631	False	1	0.133
pro_lifelong	125	6	50	12736.080	12.736080	False	1	0.404
pro_lifelong	125	7	50	18557.804	18.557804	False	1	0.133
pro_lifelong	125	8	50	16516.518	16.516518	False	1	0.497
pro_lifelong	125	9	50	32382.589	32.382589	False	1	0.41
pro_lifelong	126	1	50	16134.479	16.134479	False	1	0.447
pro_lifelong	126	2	50	14372.633	14.372633	False	1	0.133
pro_lifelong	126	3	50	13096.325	13.096325	False	1	0.432
pro_lifelong	126	4	50	7204.988	7.204988	False	1	0.133
pro_lifelong	126	5	50	15378.579	15.378579	False	1	0.133
pro_lifelong	126	6	50	2419.978	2.419978	False	1	0.133
pro_lifelong	127	1	50	14114.960	14.114960	False	1	0.133
pro_lifelong	127	2	50	6484.148	6.484148	False	1	0.459
pro_lifelong	127	3	50	3313.694	3.313694	False	1	0.459
pro_lifelong	127	4	50	13572.145	13.572145	False	1	0.133
pro_lifelong	127	5	50	17166.414	17.166414	False	1	0.436
pro_lifelong	127	6	50	1764.071	1.764071	False	1	0.459
pro_lifelong	127	7	50	19091.687	19.091687	False	1	0.497
pro_lifelong	127	8	50	14653.223	14.653223	True	1	0.811
pro_lifelong	128	1	50	15551.201	15.551201	False	1	0.34
pro_lifelong	128	2	50	16878.254	16.878254	False	1	0.521
pro_lifelong	128	3	50	23372.616	23.372616	False	1	0.441
pro_lifelong	128	4	50	11063.581	11.063581	False	1	0.133
pro_lifelong	128	5	50	2366.205	2.366205	False	1	0.133
pro_lifelong	128	6	50	16614.627	16.614627	False	1	0.402
pro_lifelong	128	7	50	18540.211	18.540211	False	1	0.533
pro_lifelong	128	8	50	13639.964	13.639964	False	1	0.133
pro_lifelong	128	9	50	16902.208	16.902208	False	1	0.398
pro_lifelong	128	10	50	4068.193	4.068193	False	1	0.133
pro_lifelong	128	11	50	13419.540	13.419540	False	1	0.455
pro_lifelong	128	12	50	23749.809	23.749809	False	1	0.474
pro_lifelong	129	1	50	10718.625	10.718625	False	1	0.133
pro_lifelong	129	2	50	1483.533	1.483533	False	1	0.133
pro_lifelong	129	3	50	2557.908	2.557908	False	1	0.133
pro_lifelong	129	4	50	14679.361	14.679361	False	1	0.133
pro_lifelong	130	1	50	20319.620	20.319620	False	1	0.368
pro_lifelong	130	2	50	17992.518	17.992518	False	1	0.403
pro_lifelong	130	3	50	17694.080	17.694080	False	1	0.378
pro_lifelong	130	4	50	17958.845	17.958845	False	1	0.408
pro_lifelong	130	5	50	18310.949	18.310949	False	1	0.451
pro_lifelong	130	6	50	16648.620	16.648620	False	1	0.428
pro_lifelong	130	7	50	21220.371	21.220371	False	1	0.436
pro_lifelong	130	8	50	17602.406	17.602406	False	1	0.402
pro_lifelong	130	9	50	3273.929	3.273929	False	1	0.133
pro_lifelong	130	10	50	16636.544	16.636544	False	1	0.133
pro_lifelong	131	1	50	16999.090	16.999090	False	1	0.459
pro_lifelong	131	2	50	10398.752	10.398752	False	1	0.432
pro_lifelong	131	3	50	13785.383	13.785383	False	1	0.133
pro_lifelong	131	4	50	18003.587	18.003587	False	1	0.442
pro_lifelong	131	5	50	15452.872	15.452872	False	1	0.604
pro_lifelong	131	6	50	31316.222	31.316222	False	1	0.453
pro_lifelong	131	7	50	28282.910	28.282910	False	1	0.453
pro_lifelong	131	8	50	17919.102	17.919102	False	1	0.448
pro_lifelong	131	9	50	4216.866	4.216866	False	1	0.133
pro_lifelong	131	10	50	13439.394	13.439394	False	1	0.398
pro_lifelong	132	1	50	9670.317	9.670317	False	1	0.133
pro_lifelong	132	2	50	4277.993	4.277993	False	1	0.133
pro_lifelong	132	3	50	16432.342	16.432342	False	1	0.373
pro_lifelong	132	4	50	20282.657	20.282657	False	1	0.411
pro_lifelong	132	5	50	12539.553	12.539553	False	1	0.413
pro_lifelong	132	6	50	15924.885	15.924885	False	1	0.442
pro_lifelong	132	7	50	21199.195	21.199195	False	1	0.463
pro_lifelong	132	8	50	13164.124	13.164124	False	1	0.133
pro_lifelong	132	9	50	2585.715	2.585715	False	1	0.133
pro_lifelong	132	10	50	17101.846	17.101846	False	1	0.375
pro_lifelong	132	11	50	20158.877	20.158877	False	1	0.45
pro_lifelong	132	12	50	16963.518	16.963518	False	1	0.444
pro_lifelong	133	1	50	20965.517	20.965517	False	1	0.51
pro_lifelong	133	2	50	3724.023	3.724023	False	1	0.133
pro_lifelong	133	3	50	18459.039	18.459039	False	1	0.485
pro_lifelong	133	4	50	11263.037	11.263037	False	1	0.133
pro_lifelong	133	5	50	18883.049	18.883049	False	1	0.376
pro_lifelong	133	6	50	19033.829	19.033829	False	1	0.507
pro_lifelong	134	1	50	14880.382	14.880382	False	1	0.133
pro_lifelong	134	2	50	3022.598	3.022598	False	1	0.133
pro_lifelong	134	3	50	1802.410	1.802410	False	1	0.133
pro_lifelong	134	4	50	2336.075	2.336075	False	1	0.133
pro_lifelong	135	1	50	3817.929	3.817929	False	1	0.133
pro_lifelong	135	2	50	16207.921	16.207921	False	1	0.439
pro_lifelong	135	3	50	18742.003	18.742003	True	1	0.837
pro_lifelong	136	1	50	9953.578	9.953578	False	1	0.554
pro_lifelong	136	2	50	2289.382	2.289382	False	1	0.554
pro_lifelong	136	3	50	18529.743	18.529743	False	1	0.452
pro_lifelong	136	4	50	17257.980	17.257980	False	1	0.584
pro_lifelong	136	5	50	14178.408	14.178408	False	1	0.414
pro_lifelong	136	6	50	15800.222	15.800222	False	1	0.472
pro_lifelong	136	7	50	15558.514	15.558514	False	1	0.431
pro_lifelong	136	8	50	16098.535	16.098535	False	1	0.468
pro_lifelong	136	9	50	26838.474	26.838474	False	1	0.511
pro_lifelong	137	1	50	3459.540	3.459540	False	1	0.133
pro_lifelong	137	2	50	11971.329	11.971329	False	1	0.133
pro_lifelong	137	3	50	13091.646	13.091646	False	1	0.133
pro_lifelong	137	4	50	13709.576	13.709576	False	1	0.133
pro_lifelong	138	1	50	17233.508	17.233508	False	1	0.379
pro_lifelong	138	2	50	19948.019	19.948019	False	1	0.419
pro_lifelong	138	3	50	18338.495	18.338495	False	1	0.448
pro_lifelong	138	4	50	11898.176	11.898176	False	1	0.448
pro_lifelong	138	5	50	2646.369	2.646369	False	1	0.448
pro_lifelong	138	6	50	2733.994	2.733994	False	1	0.448
pro_lifelong	138	7	50	16435.151	16.435151	False	1	0.484
pro_lifelong	138	8	50	14618.523	14.618523	False	1	0.133
pro_lifelong	138	9	50	4174.340	4.174340	False	1	0.448
pro_lifelong	138	10	50	17122.846	17.122846	False	1	0.133
pro_lifelong	138	11	50	2851.867	2.851867	False	1	0.448
pro_lifelong	138	12	50	4157.915	4.157915	False	1	0.448
pro_lifelong	139	1	50	2574.681	2.574681	False	1	0.133
pro_lifelong	139	2	50	2399.855	2.399855	False	1	0.133
pro_lifelong	139	3	50	13146.028	13.146028	False	1	0.133
pro_lifelong	139	4	50	2127.163	2.127163	False	1	0.133
pro_lifelong	140	1	50	4243.536	4.243536	True	1	0.749
pro_lifelong	141	1	50	2078.505	2.078505	False	1	0.133
pro_lifelong	141	2	50	18984.882	18.984882	False	1	0.423
pro_lifelong	141	3	50	14642.068	14.642068	False	1	0.468
pro_lifelong	141	4	50	12988.810	12.988810	False	1	0.133
pro_lifelong	141	5	50	7555.405	7.555405	False	1	0.133
pro_lifelong	141	6	50	3097.932	3.097932	False	1	0.133
pro_lifelong	141	7	50	14156.969	14.156969	False	1	0.471
pro_lifelong	141	8	50	1340.529	1.340529	False	1	0.133
pro_lifelong	142	1	50	1630.868	1.630868	False	1	0.133
pro_lifelong	142	2	50	15244.351	15.244351	False	1	0.133
pro_lifelong	142	3	50	25477.856	25.477856	True	1	0.779
pro_lifelong	143	1	50	2175.313	2.175313	False	1	0.133
pro_lifelong	143	2	50	1888.184	1.888184	False	1	0.133
pro_lifelong	143	3	50	18492.598	18.492598	False	1	0.474
pro_lifelong	143	4	50	4137.678	4.137678	False	1	0.133
pro_lifelong	143	5	50	18702.054	18.702054	False	1	0.371
pro_lifelong	143	6	50	18677.293	18.677293	False	1	0.421
pro_lifelong	143	7	50	13036.704	13.036704	False	1	0.133
pro_lifelong	143	8	50	1982.748	1.982748	False	1	0.133
pro_lifelong	144	1	50	3314.650	3.314650	False	1	0.133
pro_lifelong	144	2	50	9279.395	9.279395	False	1	0.133
pro_lifelong	144	3	50	25668.735	25.668735	False	1	0.472
pro_lifelong	144	4	50	1883.152	1.883152	False	1	0.133
pro_lifelong	144	5	50	2229.887	2.229887	False	1	0.133
pro_lifelong	144	6	50	17435.297	17.435297	False	1	0.418
pro_lifelong	144	7	50	2285.329	2.285329	False	1	0.133
pro_lifelong	144	8	50	8466.559	8.466559	False	1	0.499
pro_lifelong	144	9	50	16960.359	16.960359	False	1	0.356
pro_lifelong	144	10	50	15973.754	15.973754	False	1	0.466
pro_lifelong	144	11	50	17141.056	17.141056	False	1	0.444
pro_lifelong	144	12	50	2363.853	2.363853	False	1	0.133
pro_lifelong	144	13	50	1647.283	1.647283	False	1	0.133
pro_lifelong	145	1	50	3192.267	3.192267	False	1	0.133
pro_lifelong	145	2	50	21010.921	21.010921	False	1	0.476
pro_lifelong	145	3	50	3029.486	3.029486	False	1	0.133
pro_lifelong	145	4	50	9069.646	9.069646	False	1	0.133
pro_lifelong	145	5	50	12906.993	12.906993	False	1	0.433
pro_lifelong	145	6	50	18973.230	18.973230	False	1	0.422
pro_lifelong	145	7	50	14834.623	14.834623	False	1	0.533
pro_lifelong	145	8	50	2359.965	2.359965	False	1	0.133
pro_lifelong	145	9	50	17748.562	17.748562	False	1	0.442
pro_lifelong	145	10	50	16660.751	16.660751	False	1	0.485
pro_lifelong	145	11	50	10768.806	10.768806	False	1	0.133
pro_lifelong	145	12	50	2350.455	2.350455	False	1	0.133
pro_lifelong	146	1	50	11962.803	11.962803	False	1	0.133
pro_lifelong	146	2	50	12779.403	12.779403	False	1	0.133
pro_lifelong	146	3	50	15318.371	15.318371	False	1	0.466
pro_lifelong	146	4	50	8401.691	8.401691	False	1	0.432
pro_lifelong	146	5	50	11103.506	11.103506	False	1	0.133
pro_lifelong	146	6	50	18505.211	18.505211	False	1	0.341
pro_lifelong	146	7	50	15887.083	15.887083	False	1	0.563
pro_lifelong	146	8	50	15466.959	15.466959	False	1	0.494
pro_lifelong	146	9	50	14438.108	14.438108	False	1	0.133
pro_lifelong	146	10	50	2239.163	2.239163	False	1	0.133
pro_lifelong	146	11	50	11211.604	11.211604	False	1	0.133
pro_lifelong	146	12	50	3846.932	3.846932	False	1	0.133
pro_lifelong	147	1	50	9222.651	9.222651	False	1	0.434
pro_lifelong	147	2	50	25639.216	25.639216	True	1	0.75
pro_lifelong	148	1	50	19528.023	19.528023	False	1	0.472
pro_lifelong	148	2	50	4655.366	4.655366	False	1	0.133
pro_lifelong	148	3	50	20250.101	20.250101	False	1	0.428
pro_lifelong	148	4	50	3466.355	3.466355	False	1	0.133
pro_lifelong	148	5	50	19753.287	19.753287	False	1	0.133
pro_lifelong	148	6	50	18874.675	18.874675	True	1	0.8
pro_lifelong	149	1	50	22395.994	22.395994	False	1	0.482
pro_lifelong	149	2	50	7835.191	7.835191	False	1	0.499
pro_lifelong	149	3	50	18877.316	18.877316	False	1	0.398
pro_lifelong	149	4	50	16965.549	16.965549	False	1	0.461
pro_lifelong	149	5	50	14675.404	14.675404	False	1	0.431
pro_lifelong	149	6	50	18855.378	18.855378	False	1	0.461
pro_lifelong	149	7	50	21105.862	21.105862	False	1	0.446
pro_lifelong	150	1	50	4631.556	4.631556	False	1	0.133
pro_lifelong	150	2	50	17508.835	17.508835	False	1	0.408
pro_lifelong	150	3	50	16786.685	16.786685	False	1	0.431
pro_lifelong	150	4	50	18205.662	18.205662	False	1	0.133
pro_lifelong	150	5	50	1760.087	1.760087	False	1	0.133
pro_lifelong	150	6	50	13771.848	13.771848	False	1	0.454
pro_lifelong	150	7	50	24594.273	24.594273	False	1	0.475
pro_lifelong	150	8	50	19707.956	19.707956	False	1	0.426
pro_lifelong	150	9	50	26617.546	26.617546	False	1	0.518
pro_lifelong	150	10	50	13122.325	13.122325	False	1	0.133
pro_lifelong	150	11	50	23146.541	23.146541	False	1	0.513
pro_lifelong	150	12	50	27511.417	27.511417	False	1	0.414
pro_lifelong	150	13	50	34307.748	34.307748	False	1	0.133
pro_lifelong	150	14	50	1327.404	1.327404	False	1	0.133
pro_lifelong	151	1	50	4085.105	4.085105	False	1	0.133
pro_lifelong	151	2	50	2074.708	2.074708	False	1	0.133
pro_lifelong	151	3	50	6273.582	6.273582	False	1	0.133
pro_lifelong	151	4	50	1795.601	1.795601	False	1	0.133
pro_lifelong	152	1	50	16803.283	16.803283	False	1	0.419
pro_lifelong	152	2	50	2153.680	2.153680	False	1	0.419
pro_lifelong	152	3	50	4075.057	4.075057	False	1	0.419
pro_lifelong	152	4	50	11083.047	11.083047	False	1	0.133
pro_lifelong	152	5	50	17845.185	17.845185	False	1	0.443
pro_lifelong	152	6	50	13741.457	13.741457	False	1	0.419
pro_lifelong	152	7	50	17417.207	17.417207	False	1	0.419
pro_lifelong	152	8	50	2841.058	2.841058	False	1	0.419
pro_lifelong	152	9	50	11075.596	11.075596	False	1	0.419
pro_lifelong	152	10	50	2219.965	2.219965	False	1	0.419
pro_lifelong	153	1	50	10632.307	10.632307	False	1	0.133
pro_lifelong	153	2	50	18298.685	18.298685	False	1	0.438
pro_lifelong	153	3	50	2279.429	2.279429	False	1	0.133
pro_lifelong	153	4	50	3238.206	3.238206	False	1	0.133
pro_lifelong	153	5	50	2520.992	2.520992	False	1	0.133
pro_lifelong	153	6	50	17389.413	17.389413	False	1	0.384
pro_lifelong	153	7	50	2677.527	2.677527	False	1	0.133
pro_lifelong	154	1	50	16952.285	16.952285	True	1	0.785
pro_lifelong	155	1	50	11190.700	11.190700	False	1	0.404
pro_lifelong	155	2	50	17589.884	17.589884	False	1	0.407
pro_lifelong	155	3	50	19531.923	19.531923	False	1	0.468
pro_lifelong	155	4	50	4076.330	4.076330	False	1	0.133
pro_lifelong	155	5	50	13992.752	13.992752	False	1	0.46
pro_lifelong	155	6	50	1966.875	1.966875	False	1	0.133
pro_lifelong	155	7	50	21119.694	21.119694	False	1	0.442
pro_lifelong	155	8	50	15720.208	15.720208	False	1	0.133
pro_lifelong	156	1	50	10689.104	10.689104	False	1	0.133
pro_lifelong	156	2	50	13839.196	13.839196	False	1	0.133
pro_lifelong	156	3	50	8291.387	8.291387	False	1	0.133
pro_lifelong	156	4	50	14480.876	14.480876	False	1	0.484
pro_lifelong	156	5	50	17886.252	17.886252	False	1	0.455
pro_lifelong	156	6	50	13218.199	13.218199	False	1	0.348
pro_lifelong	156	7	50	12200.422	12.200422	False	1	0.442
pro_lifelong	156	8	50	13450.164	13.450164	False	1	0.389
pro_lifelong	156	9	50	16009.322	16.009322	False	1	0.133
pro_lifelong	157	1	50	15216.205	15.216205	False	1	0.375
pro_lifelong	157	2	50	18968.939	18.968939	False	1	0.47
pro_lifelong	157	3	50	14710.455	14.710455	False	1	0.39
pro_lifelong	157	4	50	17215.114	17.215114	False	1	0.423
pro_lifelong	157	5	50	29602.529	29.602529	False	1	0.499
pro_lifelong	157	6	50	31398.992	31.398992	True	1	0.747
pro_lifelong	158	1	50	14199.010	14.199010	False	1	0.434
pro_lifelong	158	2	50	4775.076	4.775076	False	1	0.133
pro_lifelong	158	3	50	14303.543	14.303543	False	1	0.133
pro_lifelong	158	4	50	14882.291	14.882291	False	1	0.479
pro_lifelong	158	5	50	20156.944	20.156944	False	1	0.445
pro_lifelong	158	6	50	3031.057	3.031057	False	1	0.133
pro_lifelong	158	7	50	2123.342	2.123342	False	1	0.133
pro_lifelong	158	8	50	15807.900	15.807900	False	1	0.333
pro_lifelong	158	9	50	2676.964	2.676964	False	1	0.133
pro_lifelong	159	1	50	17758.073	17.758073	False	1	0.447
pro_lifelong	159	2	50	15389.684	15.389684	False	1	0.404
pro_lifelong	159	3	50	14861.256	14.861256	False	1	0.414
pro_lifelong	159	4	50	11049.240	11.049240	False	1	0.133
pro_lifelong	159	5	50	14105.084	14.105084	False	1	0.444
pro_lifelong	159	6	50	7980.304	7.980304	False	1	0.413
pro_lifelong	160	1	50	1633.625	1.633625	False	1	0.133
pro_lifelong	160	2	50	14035.998	14.035998	False	1	0.421
pro_lifelong	160	3	50	18810.238	18.810238	False	1	0.506
pro_lifelong	160	4	50	12628.474	12.628474	False	1	0.133
pro_lifelong	160	5	50	10581.428	10.581428	False	1	0.133
pro_lifelong	160	6	50	12555.964	12.555964	False	1	0.133
pro_lifelong	160	7	50	1257.393	1.257393	False	1	0.133
pro_lifelong	161	1	50	8205.008	8.205008	False	1	0.499
pro_lifelong	161	2	50	10818.289	10.818289	False	1	0.133
pro_lifelong	161	3	50	17630.565	17.630565	False	1	0.425
pro_lifelong	161	4	50	15378.949	15.378949	False	1	0.477
pro_lifelong	161	5	50	11100.774	11.100774	False	1	0.133
pro_lifelong	161	6	50	7397.690	7.397690	False	1	0.499
pro_lifelong	162	1	50	19037.017	19.037017	False	1	0.404
pro_lifelong	162	2	50	11560.808	11.560808	False	1	0.133
pro_lifelong	162	3	50	2754.396	2.754396	False	1	0.133
pro_lifelong	162	4	50	14118.184	14.118184	False	1	0.33
pro_lifelong	162	5	50	2343.432	2.343432	False	1	0.133
pro_lifelong	162	6	50	16395.181	16.395181	False	1	0.455
pro_lifelong	162	7	50	15973.654	15.973654	False	1	0.401
pro_lifelong	162	8	50	14650.781	14.650781	False	1	0.399
pro_lifelong	162	9	50	16664.242	16.664242	False	1	0.477
pro_lifelong	162	10	50	14052.474	14.052474	False	1	0.403
pro_lifelong	162	11	50	16429.150	16.429150	False	1	0.361
pro_lifelong	162	12	50	11253.150	11.253150	False	1	0.133
pro_lifelong	162	13	50	19213.211	19.213211	False	1	0.508
pro_lifelong	162	14	50	19211.094	19.211094	False	1	0.365
pro_lifelong	162	15	50	20352.668	20.352668	False	1	0.439
pro_lifelong	162	16	50	20548.872	20.548872	False	1	0.461
pro_lifelong	162	17	50	17230.855	17.230855	False	1	0.36
pro_lifelong	162	18	50	16193.090	16.193090	False	1	0.407
pro_lifelong	163	1	50	21429.169	21.429169	False	1	0.133
pro_lifelong	163	2	50	18142.849	18.142849	False	1	0.536
pro_lifelong	163	3	50	24693.132	24.693132	True	1	0.799
pro_lifelong	164	1	50	12980.980	12.980980	False	1	0.133
pro_lifelong	164	2	50	25382.982	25.382982	False	1	0.439
pro_lifelong	164	3	50	21409.486	21.409486	False	1	0.376
pro_lifelong	164	4	50	8391.342	8.391342	False	1	0.133
pro_lifelong	164	5	50	2038.890	2.038890	False	1	0.133
pro_lifelong	164	6	50	2378.957	2.378957	False	1	0.133
pro_lifelong	164	7	50	16370.422	16.370422	False	1	0.387
pro_lifelong	165	1	50	2407.942	2.407942	False	1	0.133
pro_lifelong	165	2	50	23549.391	23.549391	False	1	0.133
pro_lifelong	165	3	50	2058.383	2.058383	False	1	0.133
pro_lifelong	165	4	50	20240.769	20.240769	False	1	0.539
pro_lifelong	165	5	50	14194.418	14.194418	False	1	0.395
pro_lifelong	165	6	50	15699.109	15.699109	False	1	0.641
pro_lifelong	165	7	50	2798.168	2.798168	False	1	0.133
pro_lifelong	165	8	50	2745.109	2.745109	False	1	0.133
pro_lifelong	165	9	50	19763.246	19.763246	False	1	0.133
pro_lifelong	165	10	50	13140.238	13.140238	False	1	0.133
pro_lifelong	166	1	50	11983.361	11.983361	False	1	0.133
pro_lifelong	166	2	50	18034.538	18.034538	False	1	0.46
pro_lifelong	166	3	50	14555.686	14.555686	False	1	0.133
pro_lifelong	166	4	50	15811.377	15.811377	False	1	0.447
pro_lifelong	166	5	50	1886.764	1.886764	False	1	0.133
pro_lifelong	166	6	50	21764.380	21.764380	False	1	0.133
pro_lifelong	166	7	50	12762.449	12.762449	False	1	0.45
pro_lifelong	167	1	50	16286.951	16.286951	False	1	0.444
pro_lifelong	167	2	50	15613.099	15.613099	False	1	0.458
pro_lifelong	167	3	50	15786.161	15.786161	False	1	0.406
pro_lifelong	167	4	50	24875.767	24.875767	False	1	0.45
pro_lifelong	167	5	50	38454.430	38.454430	False	1	0.438
pro_lifelong	167	6	50	25315.811	25.315811	False	1	0.397
pro_lifelong	167	7	50	6710.123	6.710123	False	1	0.395
pro_lifelong	168	1	50	15325.729	15.325729	False	1	0.373
pro_lifelong	168	2	50	15338.947	15.338947	False	1	0.391
pro_lifelong	168	3	50	12194.267	12.194267	False	1	0.377
pro_lifelong	168	4	50	2259.028	2.259028	False	1	0.391
pro_lifelong	168	5	50	11849.455	11.849455	False	1	0.133
pro_lifelong	168	6	50	11131.004	11.131004	False	1	0.133
pro_lifelong	168	7	50	10882.987	10.882987	False	1	0.391
pro_lifelong	169	1	50	14612.218	14.612218	False	1	0.433
pro_lifelong	169	2	50	10319.593	10.319593	False	1	0.133
pro_lifelong	169	3	50	5266.423	5.266423	False	1	0.133
pro_lifelong	169	4	50	16463.585	16.463585	False	1	0.487
pro_lifelong	169	5	50	16611.820	16.611820	False	1	0.133
pro_lifelong	169	6	50	17745.597	17.745597	False	1	0.482
pro_lifelong	169	7	50	2794.510	2.794510	False	1	0.133
pro_lifelong	169	8	50	13876.220	13.876220	False	1	0.133
pro_lifelong	169	9	50	19965.903	19.965903	False	1	0.402
pro_lifelong	170	1	50	23536.330	23.536330	False	1	0.472
pro_lifelong	170	2	50	2067.774	2.067774	False	1	0.133
pro_lifelong	170	3	50	22375.417	22.375417	False	1	0.469
pro_lifelong	170	4	50	19716.352	19.716352	False	1	0.539
pro_lifelong	170	5	50	2219.614	2.219614	False	1	0.133
pro_lifelong	170	6	50	16699.770	16.699770	False	1	0.397
pro_lifelong	170	7	50	2870.042	2.870042	False	1	0.133
pro_lifelong	170	8	50	16718.296	16.718296	False	1	0.452
pro_lifelong	170	9	50	10070.913	10.070913	False	1	0.475
pro_lifelong	171	1	50	3652.069	3.652069	False	1	0.133
pro_lifelong	171	2	50	15701.628	15.701628	False	1	0.133
pro_lifelong	171	3	50	10546.323	10.546323	False	1	0.423
pro_lifelong	171	4	50	1480.742	1.480742	False	1	0.133
pro_lifelong	171	5	50	13943.645	13.943645	False	1	0.133
pro_lifelong	171	6	50	11037.956	11.037956	False	1	0.426
pro_lifelong	171	7	50	14799.539	14.799539	True	1	0.832
pro_lifelong	172	1	50	14729.316	14.729316	False	1	0.459
pro_lifelong	172	2	50	10534.983	10.534983	False	1	0.452
pro_lifelong	172	3	50	17537.380	17.537380	False	1	0.572
pro_lifelong	172	4	50	19680.337	19.680337	False	1	0.478
pro_lifelong	172	5	50	10948.185	10.948185	False	1	0.133
pro_lifelong	172	6	50	28606.438	28.606438	False	1	0.526
pro_lifelong	172	7	50	17195.190	17.195190	False	1	0.577
pro_lifelong	172	8	50	17648.347	17.648347	False	1	0.52
pro_lifelong	173	1	50	13465.196	13.465196	False	1	0.133
pro_lifelong	173	2	50	11071.850	11.071850	False	1	0.133
pro_lifelong	173	3	50	16641.945	16.641945	False	1	0.511
pro_lifelong	173	4	50	11043.410	11.043410	False	1	0.133
pro_lifelong	173	5	50	18645.225	18.645225	False	1	0.526
pro_lifelong	173	6	50	11623.534	11.623534	False	1	0.133
pro_lifelong	173	7	50	8517.179	8.517179	False	1	0.432
pro_lifelong	173	8	50	12019.172	12.019172	False	1	0.133
pro_lifelong	173	9	50	23016.235	23.016235	False	1	0.133
pro_lifelong	173	10	50	16207.689	16.207689	False	1	0.423
pro_lifelong	174	1	50	2950.256	2.950256	False	1	0.133
pro_lifelong	174	2	50	14762.922	14.762922	False	1	0.133
pro_lifelong	174	3	50	18033.449	18.033449	False	1	0.496
pro_lifelong	174	4	50	13182.511	13.182511	False	1	0.133
pro_lifelong	174	5	50	2477.452	2.477452	False	1	0.133
pro_lifelong	174	6	50	13931.448	13.931448	True	1	0.852
pro_lifelong	175	1	50	10880.182	10.880182	False	1	0.432
pro_lifelong	175	2	50	8226.570	8.226570	False	1	0.499
pro_lifelong	175	3	50	14981.724	14.981724	False	1	0.356
pro_lifelong	175	4	50	2869.087	2.869087	False	1	0.133
pro_lifelong	175	5	50	17805.257	17.805257	False	1	0.49
pro_lifelong	175	6	50	10789.621	10.789621	False	1	0.133
pro_lifelong	175	7	50	16196.381	16.196381	False	1	0.459
pro_lifelong	176	1	50	15691.106	15.691106	True	1	0.841
pro_lifelong	177	1	50	24888.497	24.888497	False	1	0.507
pro_lifelong	177	2	50	15195.743	15.195743	False	1	0.432
pro_lifelong	177	3	50	22057.203	22.057203	True	1	0.819
pro_lifelong	178	1	50	21678.167	21.678167	False	1	0.451
pro_lifelong	178	2	50	12285.542	12.285542	False	1	0.133
pro_lifelong	178	3	50	20463.075	20.463075	False	1	0.463
pro_lifelong	178	4	50	11966.497	11.966497	False	1	0.133
pro_lifelong	178	5	50	13583.485	13.583485	False	1	0.491
pro_lifelong	178	6	50	14612.627	14.612627	True	1	0.791
pro_lifelong	179	1	50	20221.516	20.221516	False	1	0.418
pro_lifelong	179	2	50	2112.653	2.112653	False	1	0.133
pro_lifelong	179	3	50	13590.479	13.590479	False	1	0.133
pro_lifelong	179	4	50	4229.978	4.229978	False	1	0.133
pro_lifelong	179	5	50	14175.649	14.175649	False	1	0.441
pro_lifelong	179	6	50	14269.356	14.269356	False	1	0.133
pro_lifelong	179	7	50	12712.567	12.712567	False	1	0.404
pro_lifelong	179	8	50	3076.418	3.076418	False	1	0.133
pro_lifelong	179	9	50	2830.655	2.830655	False	1	0.133
pro_lifelong	179	10	50	19388.594	19.388594	False	1	0.431
pro_lifelong	180	1	50	17134.894	17.134894	False	1	0.455
pro_lifelong	180	2	50	14594.314	14.594314	False	1	0.465
pro_lifelong	180	3	50	5011.591	5.011591	False	1	0.524
pro_lifelong	180	4	50	16136.698	16.136698	False	1	0.498
pro_lifelong	180	5	50	18837.946	18.837946	False	1	0.524
pro_lifelong	180	6	50	25153.073	25.153073	False	1	0.455
pro_lifelong	180	7	50	2202.616	2.202616	False	1	0.524
pro_lifelong	180	8	50	19015.333	19.015333	True	1	0.854
pro_lifelong	181	1	50	31779.684	31.779684	False	1	0.612
pro_lifelong	181	2	50	1735.537	1.735537	False	1	0.612
pro_lifelong	181	3	50	17522.378	17.522378	False	1	0.616
pro_lifelong	181	4	50	16996.823	16.996823	False	1	0.541
pro_lifelong	181	5	50	2521.752	2.521752	False	1	0.612
pro_lifelong	181	6	50	16665.032	16.665032	False	1	0.462
pro_lifelong	182	1	50	10084.651	10.084651	True	1	0.949
pro_lifelong	183	1	50	14404.116	14.404116	False	1	0.444
pro_lifelong	183	2	50	2122.067	2.122067	False	1	0.444
pro_lifelong	183	3	50	2284.029	2.284029	False	1	0.444
pro_lifelong	183	4	50	13032.981	13.032981	False	1	0.133
pro_lifelong	183	5	50	20951.107	20.951107	False	1	0.538
pro_lifelong	183	6	50	10454.814	10.454814	False	1	0.444
pro_lifelong	183	7	50	18577.002	18.577002	False	1	0.425
pro_lifelong	183	8	50	26360.954	26.360954	False	1	0.46
pro_lifelong	183	9	50	10857.094	10.857094	False	1	0.444
pro_lifelong	183	10	50	18846.546	18.846546	False	1	0.536
pro_lifelong	184	1	50	8195.149	8.195149	False	1	0.427
pro_lifelong	184	2	50	16275.455	16.275455	False	1	0.421
pro_lifelong	184	3	50	12516.339	12.516339	False	1	0.499
pro_lifelong	184	4	50	20128.045	20.128045	False	1	0.5
pro_lifelong	184	5	50	2761.223	2.761223	False	1	0.427
pro_lifelong	184	6	50	1884.691	1.884691	False	1	0.427
pro_lifelong	184	7	50	17724.641	17.724641	False	1	0.452
pro_lifelong	184	8	50	13857.746	13.857746	False	1	0.133
pro_lifelong	185	1	50	17614.274	17.614274	False	1	0.447
pro_lifelong	185	2	50	20514.877	20.514877	True	1	0.754
pro_lifelong	186	1	50	2331.744	2.331744	False	1	0.133
pro_lifelong	186	2	50	17941.486	17.941486	False	1	0.449
pro_lifelong	186	3	50	3471.356	3.471356	False	1	0.133
pro_lifelong	186	4	50	2115.216	2.115216	False	1	0.133
pro_lifelong	186	5	50	1993.331	1.993331	False	1	0.133
pro_lifelong	186	6	50	16915.686	16.915686	False	1	0.496
pro_lifelong	186	7	50	2286.346	2.286346	False	1	0.133
pro_lifelong	186	8	50	23669.617	23.669617	False	1	0.514
pro_lifelong	186	9	50	2241.747	2.241747	False	1	0.133
pro_lifelong	186	10	50	2766.688	2.766688	False	1	0.133
pro_lifelong	186	11	50	11751.983	11.751983	False	1	0.133
pro_lifelong	186	12	50	2441.092	2.441092	False	1	0.133
pro_lifelong	187	1	50	16051.623	16.051623	False	1	0.423
pro_lifelong	187	2	50	18049.106	18.049106	False	1	0.406
pro_lifelong	187	3	50	19253.388	19.253388	False	1	0.469
pro_lifelong	187	4	50	16447.261	16.447261	False	1	0.426
pro_lifelong	187	5	50	15063.450	15.063450	True	1	0.839
pro_lifelong	188	1	50	18178.697	18.178697	False	1	0.452
pro_lifelong	188	2	50	4042.612	4.042612	False	1	0.133
pro_lifelong	188	3	50	2759.132	2.759132	False	1	0.133
pro_lifelong	188	4	50	2285.802	2.285802	False	1	0.133
pro_lifelong	188	5	50	16574.533	16.574533	False	1	0.133
pro_lifelong	189	1	50	17076.987	17.076987	False	1	0.38
pro_lifelong	189	2	50	5181.838	5.181838	False	1	0.405
pro_lifelong	189	3	50	16292.380	16.292380	False	1	0.414
pro_lifelong	189	4	50	2676.242	2.676242	False	1	0.405
pro_lifelong	189	5	50	14997.104	14.997104	False	1	0.405
pro_lifelong	189	6	50	10831.119	10.831119	False	1	0.405
pro_lifelong	189	7	50	18706.714	18.706714	False	1	0.426
pro_lifelong	189	8	50	15213.678	15.213678	False	1	0.471
pro_lifelong	189	9	50	17464.292	17.464292	False	1	0.447
pro_lifelong	189	10	50	9025.103	9.025103	False	1	0.499
pro_lifelong	189	11	50	12921.955	12.921955	False	1	0.133
pro_lifelong	189	12	50	8295.744	8.295744	False	1	0.499
pro_lifelong	189	13	50	2620.852	2.620852	False	1	0.405
pro_lifelong	189	14	50	2219.246	2.219246	False	1	0.405
pro_lifelong	189	15	50	1824.655	1.824655	False	1	0.405
pro_lifelong	190	1	50	13962.376	13.962376	False	1	0.391
pro_lifelong	190	2	50	18614.390	18.614390	False	1	0.43
pro_lifelong	190	3	50	11013.354	11.013354	False	1	0.133
pro_lifelong	190	4	50	2517.435	2.517435	False	1	0.133
pro_lifelong	190	5	50	8038.214	8.038214	False	1	0.133
pro_lifelong	190	6	50	19599.182	19.599182	False	1	0.474
pro_lifelong	190	7	50	11946.341	11.946341	False	1	0.133
pro_lifelong	190	8	50	19063.038	19.063038	False	1	0.481
pro_lifelong	190	9	50	2273.183	2.273183	False	1	0.133
pro_lifelong	190	10	50	1952.346	1.952346	False	1	0.133
pro_lifelong	190	11	50	1308.504	1.308504	False	1	0.133
pro_lifelong	191	1	50	5678.573	5.678573	False	1	0.404
pro_lifelong	191	2	50	13904.850	13.904850	True	1	0.762
pro_lifelong	192	1	50	6490.540	6.490540	False	1	0.543
pro_lifelong	192	2	50	13025.859	13.025859	True	1	0.877
pro_lifelong	193	1	50	16310.972	16.310972	True	1	0.784
pro_lifelong	194	1	50	22204.890	22.204890	False	1	0.133
pro_lifelong	194	2	50	13043.447	13.043447	True	1	0.763
pro_lifelong	195	1	50	20964.787	20.964787	False	1	0.459
pro_lifelong	195	2	50	16025.769	16.025769	False	1	0.389
pro_lifelong	195	3	50	16037.879	16.037879	False	1	0.459
pro_lifelong	195	4	50	7952.468	7.952468	False	1	0.446
pro_lifelong	195	5	50	17224.094	17.224094	False	1	0.414
pro_lifelong	195	6	50	10674.049	10.674049	False	1	0.133
pro_lifelong	196	1	50	37336.055	37.336055	False	1	0.52
pro_lifelong	196	2	50	20493.181	20.493181	False	1	0.615
pro_lifelong	196	3	50	16139.006	16.139006	True	1	0.909
pro_lifelong	197	1	50	6635.573	6.635573	False	1	0.381
pro_lifelong	197	2	50	2911.789	2.911789	False	1	0.381
pro_lifelong	197	3	50	18004.975	18.004975	True	1	0.772
pro_lifelong	198	1	50	3996.640	3.996640	False	1	0.133
pro_lifelong	198	2	50	22172.552	22.172552	False	1	0.133
pro_lifelong	198	3	50	16311.095	16.311095	False	1	0.507
pro_lifelong	198	4	50	2007.511	2.007511	False	1	0.133
pro_lifelong	198	5	50	2282.221	2.282221	False	1	0.133
pro_lifelong	198	6	50	18941.030	18.941030	False	1	0.133
pro_lifelong	198	7	50	14311.352	14.311352	False	1	0.438
pro_lifelong	198	8	50	15784.531	15.784531	False	1	0.456
pro_lifelong	199	1	50	21366.469	21.366469	False	1	0.407
pro_lifelong	199	2	50	24035.443	24.035443	False	1	0.414
pro_lifelong	199	3	50	13667.804	13.667804	False	1	0.414
pro_lifelong	199	4	50	26336.997	26.336997	True	1	0.832
pro_lifelong	200	1	50	7630.611	7.630611	False	1	0.446
pro_lifelong	200	2	50	11030.011	11.030011	False	1	0.446
pro_lifelong	200	3	50	16365.673	16.365673	False	1	0.428
pro_lifelong	200	4	50	13596.803	13.596803	False	1	0.38
pro_lifelong	200	5	50	12456.188	12.456188	False	1	0.44
pro_lifelong	200	6	50	25590.558	25.590558	False	1	0.474
pro_lifelong	200	7	50	2555.700	2.555700	False	1	0.446
pro_lifelong	200	8	50	18126.289	18.126289	False	1	0.444
pro_lifelong	200	9	50	19753.847	19.753847	False	1	0.507
pro_lifelong	200	10	50	2157.701	2.157701	False	1	0.446
pro_lifelong	200	11	50	4312.306	4.312306	False	1	0.446
pro_lifelong	200	12	50	15549.162	15.549162	False	1	0.385
pro_lifelong	200	13	50	15721.007	15.721007	False	1	0.446
pro_lifelong	200	14	50	2162.687	2.162687	False	1	0.446
pro_lifelong	201	1	50	21078.110	21.078110	False	1	0.5
pro_lifelong	201	2	50	7153.179	7.153179	False	1	0.443
pro_lifelong	201	3	50	10869.416	10.869416	False	1	0.133
pro_lifelong	201	4	50	16505.717	16.505717	False	1	0.402
pro_lifelong	201	5	50	16063.750	16.063750	False	1	0.401
pro_lifelong	201	6	50	2287.066	2.287066	False	1	0.443
pro_lifelong	202	1	50	10274.775	10.274775	False	1	0.133
pro_lifelong	202	2	50	4314.877	4.314877	False	1	0.133
pro_lifelong	202	3	50	19361.865	19.361865	False	1	0.481
pro_lifelong	202	4	50	3118.890	3.118890	False	1	0.133
pro_lifelong	202	5	50	14763.901	14.763901	False	1	0.133
pro_lifelong	202	6	50	9199.761	9.199761	False	1	0.133
pro_lifelong	202	7	50	2959.719	2.959719	False	1	0.133
pro_lifelong	203	1	50	3847.592	3.847592	False	1	0.133
pro_lifelong	203	2	50	17331.304	17.331304	False	1	0.441
pro_lifelong	203	3	50	15544.776	15.544776	False	1	0.133
pro_lifelong	203	4	50	24753.911	24.753911	True	1	0.789
pro_lifelong	204	1	50	28511.973	28.511973	True	1	0.768
pro_lifelong	205	1	50	8993.637	8.993637	False	1	0.436
pro_lifelong	205	2	50	14098.923	14.098923	False	1	0.436
pro_lifelong	205	3	50	3018.538	3.018538	False	1	0.436
pro_lifelong	205	4	50	17437.163	17.437163	False	1	0.485
pro_lifelong	205	5	50	2474.836	2.474836	False	1	0.436
pro_lifelong	205	6	50	16588.142	16.588142	False	1	0.423
pro_lifelong	205	7	50	13599.493	13.599493	False	1	0.403
pro_lifelong	205	8	50	11143.450	11.143450	False	1	0.133
pro_lifelong	205	9	50	15380.005	15.380005	False	1	0.452
pro_lifelong	206	1	50	13170.531	13.170531	False	1	0.133
pro_lifelong	206	2	50	11215.277	11.215277	False	1	0.514
pro_lifelong	206	3	50	3581.104	3.581104	False	1	0.133
pro_lifelong	206	4	50	13022.121	13.022121	False	1	0.133
pro_lifelong	206	5	50	2285.379	2.285379	False	1	0.133
pro_lifelong	206	6	50	9644.138	9.644138	False	1	0.133
pro_lifelong	207	1	50	14774.769	14.774769	False	1	0.133
pro_lifelong	207	2	50	2761.875	2.761875	False	1	0.133
pro_lifelong	207	3	50	13316.861	13.316861	False	1	0.133
pro_lifelong	207	4	50	18362.177	18.362177	False	1	0.434
pro_lifelong	207	5	50	15272.804	15.272804	False	1	0.446
pro_lifelong	207	6	50	14512.575	14.512575	False	1	0.133
pro_lifelong	207	7	50	15637.359	15.637359	False	1	0.431
pro_lifelong	207	8	50	16679.282	16.679282	False	1	0.465
pro_lifelong	207	9	50	13531.720	13.531720	False	1	0.414
pro_lifelong	207	10	50	15268.202	15.268202	False	1	0.133
pro_lifelong	207	11	50	1992.994	1.992994	False	1	0.133
pro_lifelong	207	12	50	2120.248	2.120248	False	1	0.133
pro_lifelong	207	13	50	9332.002	9.332002	False	1	0.431
pro_lifelong	208	1	50	13560.254	13.560254	False	1	0.133
pro_lifelong	208	2	50	4276.719	4.276719	False	1	0.133
pro_lifelong	208	3	50	14037.936	14.037936	False	1	0.133
pro_lifelong	208	4	50	12721.439	12.721439	False	1	0.434
pro_lifelong	208	5	50	16744.133	16.744133	False	1	0.133
pro_lifelong	208	6	50	2361.909	2.361909	False	1	0.133
pro_lifelong	208	7	50	2843.391	2.843391	False	1	0.133
pro_lifelong	208	8	50	2602.465	2.602465	False	1	0.133
pro_lifelong	209	1	50	15767.768	15.767768	False	1	0.133
pro_lifelong	209	2	50	4228.566	4.228566	False	1	0.133
pro_lifelong	209	3	50	17903.348	17.903348	False	1	0.484
pro_lifelong	209	4	50	21943.770	21.943770	False	1	0.458
pro_lifelong	209	5	50	10339.301	10.339301	False	1	0.133
pro_lifelong	209	6	50	15054.076	15.054076	False	1	0.133
pro_lifelong	209	7	50	16324.317	16.324317	False	1	0.4
pro_lifelong	209	8	50	10924.378	10.924378	False	1	0.133
pro_lifelong	210	1	50	17453.681	17.453681	False	1	0.442
pro_lifelong	210	2	50	2845.004	2.845004	False	1	0.442
pro_lifelong	210	3	50	17756.697	17.756697	False	1	0.42
pro_lifelong	210	4	50	19745.007	19.745007	False	1	0.429
pro_lifelong	210	5	50	8641.428	8.641428	False	1	0.426
pro_lifelong	210	6	50	12812.215	12.812215	False	1	0.442
pro_lifelong	211	1	50	4608.937	4.608937	False	1	0.133
pro_lifelong	211	2	50	16985.233	16.985233	False	1	0.395
pro_lifelong	211	3	50	11711.568	11.711568	False	1	0.408
pro_lifelong	211	4	50	13891.060	13.891060	False	1	0.356
pro_lifelong	211	5	50	15970.082	15.970082	False	1	0.474
pro_lifelong	211	6	50	17642.181	17.642181	False	1	0.413
pro_lifelong	211	7	50	16693.526	16.693526	False	1	0.133
pro_lifelong	211	8	50	13848.862	13.848862	False	1	0.133
pro_lifelong	211	9	50	11044.609	11.044609	False	1	0.432
pro_lifelong	211	10	50	13889.660	13.889660	False	1	0.133
pro_lifelong	212	1	50	15863.507	15.863507	False	1	0.464
pro_lifelong	212	2	50	18325.071	18.325071	False	1	0.55
pro_lifelong	212	3	50	12134.311	12.134311	False	1	0.449
pro_lifelong	212	4	50	15056.796	15.056796	False	1	0.447
pro_lifelong	212	5	50	3200.926	3.200926	False	1	0.447
pro_lifelong	212	6	50	25548.131	25.548131	False	1	0.495
pro_lifelong	212	7	50	18892.058	18.892058	False	1	0.387
pro_lifelong	213	1	50	18058.728	18.058728	False	1	0.47
pro_lifelong	213	2	50	14794.846	14.794846	False	1	0.433
pro_lifelong	213	3	50	11510.584	11.510584	False	1	0.133
pro_lifelong	213	4	50	18583.886	18.583886	False	1	0.454
pro_lifelong	213	5	50	13772.812	13.772812	False	1	0.133
pro_lifelong	213	6	50	19919.621	19.919621	False	1	0.425
pro_lifelong	214	1	50	12404.119	12.404119	False	1	0.133
pro_lifelong	214	2	50	21212.041	21.212041	False	1	0.413
pro_lifelong	214	3	50	2786.862	2.786862	False	1	0.133
pro_lifelong	214	4	50	11110.143	11.110143	False	1	0.133
pro_lifelong	214	5	50	14111.038	14.111038	False	1	0.385
pro_lifelong	214	6	50	12093.595	12.093595	False	1	0.133
pro_lifelong	214	7	50	26580.269	26.580269	True	1	0.798
pro_lifelong	215	1	50	3954.753	3.954753	False	1	0.133
pro_lifelong	215	2	50	14477.923	14.477923	False	1	0.439
pro_lifelong	215	3	50	2641.313	2.641313	False	1	0.133
pro_lifelong	215	4	50	2958.369	2.958369	False	1	0.133
pro_lifelong	215	5	50	2636.977	2.636977	False	1	0.133
pro_lifelong	215	6	50	22619.892	22.619892	False	1	0.431
pro_lifelong	215	7	50	11696.748	11.696748	False	1	0.133
pro_lifelong	216	1	50	11339.081	11.339081	False	1	0.499
pro_lifelong	216	2	50	21968.515	21.968515	False	1	0.443
pro_lifelong	216	3	50	11983.538	11.983538	False	1	0.133
pro_lifelong	216	4	50	13715.071	13.715071	False	1	0.395
pro_lifelong	216	5	50	2403.842	2.403842	False	1	0.133
pro_lifelong	216	6	50	8343.275	8.343275	False	1	0.404
pro_lifelong	217	1	50	6552.313	6.552313	False	1	0.436
pro_lifelong	217	2	50	11089.424	11.089424	False	1	0.133
pro_lifelong	217	3	50	17256.920	17.256920	False	1	0.422
pro_lifelong	217	4	50	2963.480	2.963480	False	1	0.436
pro_lifelong	217	5	50	2409.468	2.409468	False	1	0.436
pro_lifelong	217	6	50	2244.759	2.244759	False	1	0.436
pro_lifelong	218	1	50	15308.420	15.308420	False	1	0.413
pro_lifelong	218	2	50	18483.497	18.483497	False	1	0.438
pro_lifelong	218	3	50	2479.879	2.479879	False	1	0.438
pro_lifelong	218	4	50	2151.635	2.151635	False	1	0.438
pro_lifelong	218	5	50	13175.932	13.175932	False	1	0.133
pro_lifelong	218	6	50	20649.436	20.649436	False	1	0.397
pro_lifelong	218	7	50	2122.551	2.122551	False	1	0.438
pro_lifelong	219	1	50	13881.362	13.881362	False	1	0.133
pro_lifelong	219	2	50	19194.266	19.194266	False	1	0.507
pro_lifelong	219	3	50	16521.291	16.521291	False	1	0.418
pro_lifelong	219	4	50	22701.180	22.701180	False	1	0.402
pro_lifelong	219	5	50	13722.564	13.722564	False	1	0.133
pro_lifelong	219	6	50	14538.075	14.538075	False	1	0.133
pro_lifelong	219	7	50	18372.668	18.372668	False	1	0.47
pro_lifelong	220	1	50	12829.425	12.829425	False	1	0.133
pro_lifelong	220	2	50	18609.568	18.609568	False	1	0.412
pro_lifelong	220	3	50	21422.972	21.422972	False	1	0.425
pro_lifelong	220	4	50	16919.054	16.919054	False	1	0.381
pro_lifelong	220	5	50	14887.072	14.887072	False	1	0.426
pro_lifelong	220	6	50	17559.803	17.559803	False	1	0.433
pro_lifelong	220	7	50	7835.725	7.835725	False	1	0.499
pro_lifelong	220	8	50	19062.118	19.062118	False	1	0.441
pro_lifelong	220	9	50	23012.811	23.012811	False	1	0.473
pro_lifelong	220	10	50	14161.947	14.161947	False	1	0.133
pro_lifelong	220	11	50	22057.749	22.057749	False	1	0.495
pro_lifelong	220	12	50	4260.952	4.260952	False	1	0.133
pro_lifelong	221	1	50	33541.816	33.541816	False	1	0.481
pro_lifelong	221	2	50	6613.433	6.613433	False	1	0.133
pro_lifelong	221	3	50	2506.125	2.506125	False	1	0.133
pro_lifelong	221	4	50	14297.668	14.297668	False	1	0.435
pro_lifelong	221	5	50	2325.364	2.325364	False	1	0.133
pro_lifelong	221	6	50	12896.795	12.896795	False	1	0.133
pro_lifelong	222	1	50	12627.886	12.627886	False	1	0.404
pro_lifelong	222	2	50	13558.889	13.558889	False	1	0.438
pro_lifelong	222	3	50	10732.567	10.732567	False	1	0.438
pro_lifelong	222	4	50	17441.274	17.441274	False	1	0.432
pro_lifelong	222	5	50	15086.636	15.086636	False	1	0.133
pro_lifelong	222	6	50	10564.592	10.564592	False	1	0.438
pro_lifelong	222	7	50	17135.160	17.135160	False	1	0.435
pro_lifelong	223	1	50	12059.415	12.059415	False	1	0.133
pro_lifelong	223	2	50	2284.281	2.284281	False	1	0.133
pro_lifelong	223	3	50	2344.472	2.344472	False	1	0.133
pro_lifelong	223	4	50	11971.685	11.971685	False	1	0.432
pro_lifelong	223	5	50	1818.948	1.818948	False	1	0.133
pro_lifelong	223	6	50	17387.839	17.387839	False	1	0.392
pro_lifelong	223	7	50	2767.078	2.767078	False	1	0.133
pro_lifelong	223	8	50	11492.861	11.492861	False	1	0.133
pro_lifelong	223	9	50	16857.457	16.857457	False	1	0.443
pro_lifelong	223	10	50	8775.171	8.775171	False	1	0.133
pro_lifelong	223	11	50	17117.619	17.117619	False	1	0.407
pro_lifelong	223	12	50	16612.695	16.612695	False	1	0.441
pro_lifelong	223	13	50	15510.976	15.510976	False	1	0.133
pro_lifelong	223	14	50	4165.509	4.165509	False	1	0.133
pro_lifelong	224	1	50	4033.950	4.033950	False	1	0.133
pro_lifelong	224	2	50	20483.550	20.483550	False	1	0.461
pro_lifelong	224	3	50	12653.506	12.653506	False	1	0.499
pro_lifelong	224	4	50	3018.631	3.018631	False	1	0.133
pro_lifelong	224	5	50	1767.815	1.767815	False	1	0.133
pro_lifelong	224	6	50	9367.519	9.367519	False	1	0.133
pro_lifelong	224	7	50	2558.957	2.558957	False	1	0.133
pro_lifelong	225	1	50	6662.888	6.662888	False	1	0.431
pro_lifelong	225	2	50	12208.191	12.208191	False	1	0.431
pro_lifelong	225	3	50	15865.315	15.865315	False	1	0.381
pro_lifelong	225	4	50	18712.849	18.712849	False	1	0.505
pro_lifelong	225	5	50	22381.689	22.381689	False	1	0.457
pro_lifelong	225	6	50	2205.812	2.205812	False	1	0.431
pro_lifelong	225	7	50	12214.873	12.214873	False	1	0.431
pro_lifelong	225	8	50	2288.246	2.288246	False	1	0.431
pro_lifelong	225	9	50	10381.694	10.381694	False	1	0.431
pro_lifelong	226	1	50	19208.545	19.208545	False	1	0.438
pro_lifelong	226	2	50	12699.596	12.699596	False	1	0.431
pro_lifelong	226	3	50	16083.044	16.083044	False	1	0.437
pro_lifelong	226	4	50	2579.189	2.579189	False	1	0.438
pro_lifelong	226	5	50	1731.804	1.731804	False	1	0.438
pro_lifelong	226	6	50	11447.063	11.447063	False	1	0.434
pro_lifelong	227	1	50	15954.059	15.954059	False	1	0.435
pro_lifelong	227	2	50	15293.836	15.293836	False	1	0.388
pro_lifelong	227	3	50	2053.030	2.053030	False	1	0.435
pro_lifelong	227	4	50	14784.254	14.784254	False	1	0.421
pro_lifelong	227	5	50	11335.398	11.335398	False	1	0.435
pro_lifelong	227	6	50	2297.132	2.297132	False	1	0.435
pro_lifelong	228	1	50	17682.244	17.682244	False	1	0.41
pro_lifelong	228	2	50	4097.230	4.097230	False	1	0.133
pro_lifelong	228	3	50	23996.437	23.996437	False	1	0.501
pro_lifelong	228	4	50	15694.355	15.694355	False	1	0.424
pro_lifelong	228	5	50	2361.161	2.361161	False	1	0.133
pro_lifelong	228	6	50	23121.088	23.121088	False	1	0.456
pro_lifelong	228	7	50	10309.152	10.309152	False	1	0.434
pro_lifelong	228	8	50	13690.066	13.690066	False	1	0.408
pro_lifelong	229	1	50	11069.586	11.069586	False	1	0.404
pro_lifelong	229	2	50	3619.614	3.619614	False	1	0.133
pro_lifelong	229	3	50	14008.786	14.008786	False	1	0.557
pro_lifelong	229	4	50	3088.810	3.088810	False	1	0.133
pro_lifelong	229	5	50	16711.403	16.711403	False	1	0.427
pro_lifelong	229	6	50	12847.890	12.847890	False	1	0.133
pro_lifelong	229	7	50	17969.682	17.969682	False	1	0.44
pro_lifelong	229	8	50	19580.575	19.580575	False	1	0.407
pro_lifelong	230	1	50	19355.223	19.355223	False	1	0.434
pro_lifelong	230	2	50	4807.322	4.807322	False	1	0.133
pro_lifelong	230	3	50	14812.188	14.812188	False	1	0.488
pro_lifelong	230	4	50	15419.761	15.419761	False	1	0.133
pro_lifelong	230	5	50	18870.230	18.870230	False	1	0.398
pro_lifelong	230	6	50	15859.771	15.859771	False	1	0.419
pro_lifelong	230	7	50	8888.437	8.888437	False	1	0.133
pro_lifelong	230	8	50	3683.758	3.683758	False	1	0.133
pro_lifelong	231	1	50	15510.880	15.510880	False	1	0.444
pro_lifelong	231	2	50	10495.156	10.495156	False	1	0.444
pro_lifelong	231	3	50	2792.640	2.792640	False	1	0.444
pro_lifelong	231	4	50	2283.644	2.283644	False	1	0.444
pro_lifelong	231	5	50	2042.806	2.042806	False	1	0.444
pro_lifelong	231	6	50	17807.563	17.807563	False	1	0.435
pro_lifelong	232	1	50	16957.821	16.957821	False	1	0.419
pro_lifelong	232	2	50	17002.311	17.002311	False	1	0.444
pro_lifelong	232	3	50	2376.517	2.376517	False	1	0.444
pro_lifelong	232	4	50	14582.955	14.582955	False	1	0.133
pro_lifelong	232	5	50	13198.492	13.198492	False	1	0.444
pro_lifelong	232	6	50	2761.664	2.761664	False	1	0.444
pro_lifelong	232	7	50	11632.575	11.632575	False	1	0.133
pro_lifelong	233	1	50	5999.534	5.999534	False	1	0.437
pro_lifelong	233	2	50	18805.972	18.805972	False	1	0.432
pro_lifelong	233	3	50	1895.703	1.895703	False	1	0.437
pro_lifelong	233	4	50	18320.178	18.320178	False	1	0.418
pro_lifelong	233	5	50	2889.407	2.889407	False	1	0.437
pro_lifelong	233	6	50	2242.739	2.242739	False	1	0.437
pro_lifelong	234	1	50	13103.674	13.103674	False	1	0.133
pro_lifelong	234	2	50	18287.719	18.287719	False	1	0.446
pro_lifelong	234	3	50	12567.873	12.567873	False	1	0.133
pro_lifelong	234	4	50	11356.961	11.356961	True	1	0.748
pro_lifelong	235	1	50	13233.023	13.233023	False	1	0.45
pro_lifelong	235	2	50	16366.692	16.366692	False	1	0.411
pro_lifelong	235	3	50	20451.114	20.451114	False	1	0.456
pro_lifelong	235	4	50	12966.247	12.966247	False	1	0.133
pro_lifelong	235	5	50	1729.713	1.729713	False	1	0.133
pro_lifelong	235	6	50	11727.719	11.727719	False	1	0.133
pro_lifelong	236	1	50	16997.754	16.997754	False	1	0.133
pro_lifelong	236	2	50	17915.853	17.915853	False	1	0.434
pro_lifelong	236	3	50	2405.436	2.405436	False	1	0.133
pro_lifelong	236	4	50	2248.575	2.248575	False	1	0.133
pro_lifelong	236	5	50	11701.246	11.701246	False	1	0.133
pro_lifelong	236	6	50	2084.666	2.084666	False	1	0.133
pro_lifelong	237	1	50	23161.028	23.161028	False	1	0.446
pro_lifelong	237	2	50	22514.110	22.514110	False	1	0.543
pro_lifelong	237	3	50	3622.360	3.622360	False	1	0.133
pro_lifelong	237	4	50	10155.702	10.155702	False	1	0.133
pro_lifelong	237	5	50	9897.755	9.897755	False	1	0.404
pro_lifelong	237	6	50	3196.042	3.196042	False	1	0.133
pro_lifelong	237	7	50	14252.112	14.252112	False	1	0.431
pro_lifelong	238	1	50	8479.453	8.479453	False	1	0.434
pro_lifelong	238	2	50	2578.090	2.578090	False	1	0.434
pro_lifelong	238	3	50	9521.647	9.521647	False	1	0.434
pro_lifelong	238	4	50	17183.771	17.183771	False	1	0.403
pro_lifelong	238	5	50	22919.069	22.919069	False	1	0.407
pro_lifelong	238	6	50	13286.214	13.286214	False	1	0.434
pro_lifelong	239	1	50	4976.274	4.976274	False	1	0.133
pro_lifelong	239	2	50	19380.612	19.380612	False	1	0.478
pro_lifelong	239	3	50	18482.588	18.482588	False	1	0.397
pro_lifelong	239	4	50	2683.295	2.683295	False	1	0.133
pro_lifelong	239	5	50	18260.610	18.260610	False	1	0.493
pro_lifelong	239	6	50	9730.164	9.730164	False	1	0.133
pro_lifelong	239	7	50	27791.289	27.791289	False	1	0.428
pro_lifelong	239	8	50	12010.192	12.010192	False	1	0.431
pro_lifelong	239	9	50	21008.018	21.008018	False	1	0.417
pro_lifelong	239	10	50	15936.777	15.936777	False	1	0.133
pro_lifelong	240	1	50	7381.104	7.381104	False	1	0.432
pro_lifelong	240	2	50	1810.820	1.810820	False	1	0.432
pro_lifelong	240	3	50	21450.035	21.450035	False	1	0.435
pro_lifelong	240	4	50	2686.174	2.686174	False	1	0.432
pro_lifelong	240	5	50	15239.288	15.239288	False	1	0.379
pro_lifelong	240	6	50	2092.105	2.092105	False	1	0.432
pro_lifelong	241	1	50	14863.678	14.863678	False	1	0.423
pro_lifelong	241	2	50	4127.433	4.127433	False	1	0.133
pro_lifelong	241	3	50	1956.454	1.956454	False	1	0.133
pro_lifelong	241	4	50	18975.712	18.975712	False	1	0.45
pro_lifelong	241	5	50	15468.429	15.468429	False	1	0.133
pro_lifelong	241	6	50	3240.675	3.240675	False	1	0.133
pro_lifelong	241	7	50	11681.899	11.681899	False	1	0.434
pro_lifelong	241	8	50	14874.908	14.874908	False	1	0.439
pro_lifelong	241	9	50	2684.063	2.684063	False	1	0.133
pro_lifelong	242	1	50	7577.140	7.577140	False	1	0.431
pro_lifelong	242	2	50	8810.109	8.810109	False	1	0.431
pro_lifelong	242	3	50	2610.489	2.610489	False	1	0.431
pro_lifelong	242	4	50	14565.035	14.565035	False	1	0.133
pro_lifelong	242	5	50	2566.746	2.566746	False	1	0.431
pro_lifelong	242	6	50	17626.509	17.626509	False	1	0.133
pro_lifelong	243	1	50	17456.603	17.456603	False	1	0.445
pro_lifelong	243	2	50	4084.643	4.084643	False	1	0.133
pro_lifelong	243	3	50	11498.145	11.498145	False	1	0.133
pro_lifelong	243	4	50	21785.605	21.785605	False	1	0.448
pro_lifelong	243	5	50	10734.236	10.734236	False	1	0.133
pro_lifelong	243	6	50	17458.265	17.458265	False	1	0.415
pro_lifelong	244	1	50	10752.522	10.752522	False	1	0.358
pro_lifelong	244	2	50	15157.499	15.157499	False	1	0.133
pro_lifelong	244	3	50	16413.932	16.413932	False	1	0.133
pro_lifelong	244	4	50	10712.988	10.712988	False	1	0.133
pro_lifelong	244	5	50	20223.144	20.223144	False	1	0.133
pro_lifelong	245	1	50	16383.061	16.383061	False	1	0.44
pro_lifelong	245	2	50	20523.926	20.523926	False	1	0.354
pro_lifelong	245	3	50	15180.595	15.180595	False	1	0.133
pro_lifelong	245	4	50	14068.760	14.068760	False	1	0.491
pro_lifelong	245	5	50	11528.851	11.528851	False	1	0.44
pro_lifelong	245	6	50	17754.251	17.754251	False	1	0.374
pro_lifelong	245	7	50	10570.235	10.570235	False	1	0.44
pro_lifelong	245	8	50	15321.980	15.321980	False	1	0.418
pro_lifelong	245	9	50	3030.442	3.030442	False	1	0.44
pro_lifelong	246	1	50	13301.811	13.301811	False	1	0.133
pro_lifelong	246	2	50	9114.578	9.114578	False	1	0.404
pro_lifelong	246	3	50	12171.422	12.171422	False	1	0.133
pro_lifelong	246	4	50	18288.212	18.288212	False	1	0.467
pro_lifelong	246	5	50	14979.579	14.979579	False	1	0.133
pro_lifelong	246	6	50	17377.555	17.377555	False	1	0.446
pro_lifelong	246	7	50	9917.827	9.917827	False	1	0.404
pro_lifelong	246	8	50	4159.869	4.159869	False	1	0.133
pro_lifelong	246	9	50	14991.282	14.991282	False	1	0.412
pro_lifelong	247	1	50	15988.425	15.988425	False	1	0.371
pro_lifelong	247	2	50	8134.891	8.134891	False	1	0.438
pro_lifelong	247	3	50	19925.985	19.925985	False	1	0.44
pro_lifelong	247	4	50	14008.083	14.008083	False	1	0.133
pro_lifelong	247	5	50	19526.566	19.526566	False	1	0.464
pro_lifelong	247	6	50	1958.005	1.958005	False	1	0.438
pro_lifelong	247	7	50	2525.251	2.525251	False	1	0.438
pro_lifelong	247	8	50	14226.438	14.226438	False	1	0.371
pro_lifelong	247	9	50	19036.369	19.036369	False	1	0.512
pro_lifelong	247	10	50	13914.960	13.914960	False	1	0.432
pro_lifelong	247	11	50	12415.790	12.415790	False	1	0.438
pro_lifelong	247	12	50	10637.916	10.637916	False	1	0.438
pro_lifelong	247	13	50	13049.859	13.049859	False	1	0.133
pro_lifelong	247	14	50	17765.526	17.765526	False	1	0.404
pro_lifelong	248	1	50	14986.340	14.986340	False	1	0.133
pro_lifelong	248	2	50	17796.093	17.796093	False	1	0.386
pro_lifelong	248	3	50	14755.620	14.755620	False	1	0.44
pro_lifelong	248	4	50	12289.082	12.289082	False	1	0.44
pro_lifelong	248	5	50	18873.592	18.873592	False	1	0.448
pro_lifelong	248	6	50	18253.322	18.253322	False	1	0.346
pro_lifelong	248	7	50	12866.668	12.866668	False	1	0.415
pro_lifelong	248	8	50	14449.664	14.449664	False	1	0.378
pro_lifelong	249	1	50	7667.873	7.667873	False	1	0.429
pro_lifelong	249	2	50	2602.716	2.602716	False	1	0.429
pro_lifelong	249	3	50	12518.814	12.518814	False	1	0.432
pro_lifelong	249	4	50	2119.936	2.119936	False	1	0.429
pro_lifelong	249	5	50	20138.311	20.138311	False	1	0.444
pro_lifelong	249	6	50	1727.432	1.727432	False	1	0.429
pro_lifelong	249	7	50	10846.490	10.846490	False	1	0.429
pro_lifelong	249	8	50	13252.926	13.252926	False	1	0.429
pro_lifelong	249	9	50	20774.360	20.774360	False	1	0.435
pro_lifelong	249	10	50	2838.636	2.838636	False	1	0.429
pro_lifelong	250	1	50	22513.073	22.513073	True	1	0.803
pro_lifelong	251	1	50	10426.069	10.426069	False	1	0.422
pro_lifelong	251	2	50	14909.539	14.909539	False	1	0.438
pro_lifelong	251	3	50	16014.435	16.014435	False	1	0.423
pro_lifelong	251	4	50	14740.688	14.740688	False	1	0.133
pro_lifelong	251	5	50	4543.274	4.543274	False	1	0.422
pro_lifelong	251	6	50	14491.543	14.491543	False	1	0.419
pro_lifelong	251	7	50	17622.532	17.622532	False	1	0.475
pro_lifelong	251	8	50	19585.146	19.585146	False	1	0.436
pro_lifelong	251	9	50	21325.519	21.325519	False	1	0.426
pro_lifelong	251	10	50	9507.841	9.507841	False	1	0.432
pro_lifelong	251	11	50	11829.003	11.829003	False	1	0.133
pro_lifelong	251	12	50	15673.218	15.673218	False	1	0.419
pro_lifelong	252	1	50	16269.458	16.269458	False	1	0.475
pro_lifelong	252	2	50	8814.020	8.814020	False	1	0.427
pro_lifelong	252	3	50	18504.609	18.504609	False	1	0.441
pro_lifelong	252	4	50	2446.130	2.446130	False	1	0.427
pro_lifelong	252	5	50	18401.945	18.401945	False	1	0.43
pro_lifelong	252	6	50	14700.854	14.700854	False	1	0.46
pro_lifelong	253	1	50	22644.054	22.644054	False	1	0.364
pro_lifelong	253	2	50	7136.696	7.136696	False	1	0.416
pro_lifelong	253	3	50	2765.560	2.765560	False	1	0.416
pro_lifelong	253	4	50	2291.172	2.291172	False	1	0.416
pro_lifelong	253	5	50	17088.979	17.088979	False	1	0.434
pro_lifelong	253	6	50	2608.096	2.608096	False	1	0.416
pro_lifelong	253	7	50	15971.728	15.971728	False	1	0.465
pro_lifelong	253	8	50	23662.768	23.662768	False	1	0.447
pro_lifelong	253	9	50	16118.550	16.118550	False	1	0.383
pro_lifelong	253	10	50	3365.758	3.365758	False	1	0.416
pro_lifelong	253	11	50	15236.575	15.236575	False	1	0.133
pro_lifelong	253	12	50	8101.498	8.101498	False	1	0.499
pro_lifelong	253	13	50	21056.343	21.056343	False	1	0.432
pro_lifelong	253	14	50	16404.636	16.404636	False	1	0.133
pro_lifelong	253	15	50	14268.135	14.268135	False	1	0.416
pro_lifelong	253	16	50	20374.303	20.374303	False	1	0.526
pro_lifelong	253	17	50	17288.890	17.288890	False	1	0.452
pro_lifelong	253	18	50	2325.898	2.325898	False	1	0.416
pro_lifelong	253	19	50	2325.237	2.325237	False	1	0.416
pro_lifelong	253	20	50	12623.388	12.623388	False	1	0.133
pro_lifelong	253	21	50	34054.110	34.054110	False	1	0.451
pro_lifelong	254	1	50	8541.957	8.541957	False	1	0.415
pro_lifelong	254	2	50	14669.164	14.669164	False	1	0.446
pro_lifelong	254	3	50	10800.768	10.800768	False	1	0.432
pro_lifelong	254	4	50	2603.815	2.603815	False	1	0.415
pro_lifelong	254	5	50	2246.188	2.246188	False	1	0.415
pro_lifelong	254	6	50	2873.706	2.873706	False	1	0.415
pro_lifelong	254	7	50	11778.211	11.778211	False	1	0.415
pro_lifelong	255	1	50	7176.288	7.176288	False	1	0.425
pro_lifelong	255	2	50	10978.820	10.978820	False	1	0.133
pro_lifelong	255	3	50	19901.477	19.901477	False	1	0.484
pro_lifelong	255	4	50	24616.691	24.616691	False	1	0.425
pro_lifelong	255	5	50	18744.735	18.744735	False	1	0.39
pro_lifelong	255	6	50	2485.047	2.485047	False	1	0.425
pro_lifelong	255	7	50	17527.329	17.527329	False	1	0.446
pro_lifelong	255	8	50	11615.273	11.615273	False	1	0.425
pro_lifelong	256	1	50	22451.980	22.451980	False	1	0.441
pro_lifelong	256	2	50	14031.011	14.031011	False	1	0.394
pro_lifelong	256	3	50	28983.455	28.983455	False	1	0.45
pro_lifelong	256	4	50	19283.520	19.283520	False	1	0.444
pro_lifelong	256	5	50	9123.926	9.123926	False	1	0.431
pro_lifelong	256	6	50	20355.117	20.355117	False	1	0.434
pro_lifelong	257	1	50	8298.060	8.298060	False	1	0.43
pro_lifelong	257	2	50	26444.531	26.444531	False	1	0.434
pro_lifelong	257	3	50	17566.470	17.566470	False	1	0.408
pro_lifelong	257	4	50	2285.440	2.285440	False	1	0.43
pro_lifelong	257	5	50	3324.858	3.324858	False	1	0.43
pro_lifelong	257	6	50	2604.065	2.604065	False	1	0.43
pro_lifelong	258	1	50	11655.550	11.655550	False	1	0.432
pro_lifelong	258	2	50	8046.483	8.046483	False	1	0.433
pro_lifelong	258	3	50	1967.031	1.967031	False	1	0.433
pro_lifelong	258	4	50	1811.807	1.811807	False	1	0.433
pro_lifelong	258	5	50	19981.138	19.981138	False	1	0.414
pro_lifelong	258	6	50	26326.275	26.326275	False	1	0.45
pro_lifelong	258	7	50	18866.002	18.866002	False	1	0.396
pro_lifelong	258	8	50	11453.717	11.453717	False	1	0.426
pro_lifelong	258	9	50	23662.333	23.662333	True	1	0.805
pro_lifelong	259	1	50	7752.477	7.752477	False	1	0.433
pro_lifelong	259	2	50	17381.298	17.381298	False	1	0.411
pro_lifelong	259	3	50	2257.460	2.257460	False	1	0.433
pro_lifelong	259	4	50	15309.693	15.309693	False	1	0.433
pro_lifelong	259	5	50	21612.111	21.612111	False	1	0.386
pro_lifelong	259	6	50	15911.464	15.911464	False	1	0.424
pro_lifelong	260	1	50	12597.989	12.597989	False	1	0.133
pro_lifelong	260	2	50	3911.098	3.911098	False	1	0.133
pro_lifelong	260	3	50	18038.237	18.038237	False	1	0.419
pro_lifelong	260	4	50	20034.868	20.034868	False	1	0.398
pro_lifelong	260	5	50	5760.961	5.760961	False	1	0.133
pro_lifelong	260	6	50	16659.187	16.659187	False	1	0.423
pro_lifelong	260	7	50	2473.847	2.473847	False	1	0.133
pro_lifelong	260	8	50	3592.750	3.592750	False	1	0.133
pro_lifelong	261	1	50	15184.160	15.184160	False	1	0.422
pro_lifelong	261	2	50	13734.553	13.734553	False	1	0.133
pro_lifelong	261	3	50	16658.642	16.658642	False	1	0.454
pro_lifelong	261	4	50	19266.857	19.266857	False	1	0.406
pro_lifelong	261	5	50	17222.251	17.222251	False	1	0.425
pro_lifelong	261	6	50	19846.212	19.846212	False	1	0.376
pro_lifelong	261	7	50	18246.986	18.246986	False	1	0.441
pro_lifelong	261	8	50	16506.583	16.506583	False	1	0.438
pro_lifelong	262	1	50	14433.188	14.433188	False	1	0.434
pro_lifelong	262	2	50	9652.039	9.652039	False	1	0.404
pro_lifelong	262	3	50	7163.232	7.163232	False	1	0.435
pro_lifelong	262	4	50	2983.882	2.983882	False	1	0.435
pro_lifelong	262	5	50	17362.496	17.362496	False	1	0.436
pro_lifelong	262	6	50	21647.171	21.647171	False	1	0.424
pro_lifelong	263	1	50	11202.285	11.202285	False	1	0.133
pro_lifelong	263	2	50	18168.434	18.168434	False	1	0.454
pro_lifelong	263	3	50	8901.943	8.901943	False	1	0.426
pro_lifelong	263	4	50	23173.754	23.173754	False	1	0.435
pro_lifelong	263	5	50	3024.100	3.024100	False	1	0.426
pro_lifelong	263	6	50	11161.806	11.161806	False	1	0.133
pro_lifelong	263	7	50	19270.493	19.270493	False	1	0.45
pro_lifelong	264	1	50	11762.418	11.762418	False	1	0.133
pro_lifelong	264	2	50	10620.546	10.620546	False	1	0.404
pro_lifelong	264	3	50	14519.682	14.519682	False	1	0.469
pro_lifelong	264	4	50	19320.251	19.320251	False	1	0.41
pro_lifelong	264	5	50	17645.813	17.645813	False	1	0.406
pro_lifelong	264	6	50	16723.516	16.723516	False	1	0.423
pro_lifelong	264	7	50	1884.801	1.884801	False	1	0.423
pro_lifelong	264	8	50	2119.228	2.119228	False	1	0.423
pro_lifelong	265	1	50	17690.835	17.690835	False	1	0.494
pro_lifelong	265	2	50	13876.558	13.876558	False	1	0.408
pro_lifelong	265	3	50	15977.956	15.977956	False	1	0.409
pro_lifelong	265	4	50	9802.700	9.802700	False	1	0.431
pro_lifelong	265	5	50	18648.688	18.648688	False	1	0.383
pro_lifelong	265	6	50	2504.771	2.504771	False	1	0.431
pro_lifelong	266	1	50	7210.534	7.210534	False	1	0.429
pro_lifelong	266	2	50	19853.157	19.853157	False	1	0.436
pro_lifelong	266	3	50	19201.830	19.201830	False	1	0.466
pro_lifelong	266	4	50	2104.737	2.104737	False	1	0.429
pro_lifelong	266	5	50	13380.613	13.380613	False	1	0.382
pro_lifelong	266	6	50	11111.002	11.111002	False	1	0.399
pro_lifelong	266	7	50	20446.521	20.446521	False	1	0.46
pro_lifelong	266	8	50	2344.682	2.344682	False	1	0.429
pro_lifelong	267	1	50	15193.761	15.193761	False	1	0.434
pro_lifelong	267	2	50	9010.524	9.010524	False	1	0.427
pro_lifelong	267	3	50	17492.882	17.492882	False	1	0.42
pro_lifelong	267	4	50	11310.578	11.310578	False	1	0.404
pro_lifelong	267	5	50	5559.264	5.559264	False	1	0.427
pro_lifelong	267	6	50	14378.590	14.378590	False	1	0.133
pro_lifelong	268	1	50	8279.295	8.279295	False	1	0.422
pro_lifelong	268	2	50	12661.189	12.661189	False	1	0.422
pro_lifelong	268	3	50	19540.583	19.540583	False	1	0.436
pro_lifelong	268	4	50	17103.337	17.103337	False	1	0.425
pro_lifelong	268	5	50	17279.376	17.279376	False	1	0.43
pro_lifelong	268	6	50	32042.236	32.042236	False	1	0.533
pro_lifelong	268	7	50	18236.755	18.236755	False	1	0.428
pro_lifelong	268	8	50	17966.218	17.966218	False	1	0.459
pro_lifelong	268	9	50	10855.380	10.855380	False	1	0.404
pro_lifelong	268	10	50	16440.966	16.440966	False	1	0.457
pro_lifelong	268	11	50	2459.607	2.459607	False	1	0.422
pro_lifelong	269	1	50	22239.617	22.239617	False	1	0.427
pro_lifelong	269	2	50	16769.383	16.769383	False	1	0.442
pro_lifelong	269	3	50	14206.115	14.206115	False	1	0.133
pro_lifelong	269	4	50	11577.239	11.577239	False	1	0.416
pro_lifelong	269	5	50	20226.267	20.226267	False	1	0.412
pro_lifelong	269	6	50	15437.721	15.437721	False	1	0.485
pro_lifelong	269	7	50	29883.599	29.883599	False	1	0.426
pro_lifelong	269	8	50	7812.899	7.812899	False	1	0.499
pro_lifelong	269	9	50	11094.025	11.094025	False	1	0.416
pro_lifelong	269	10	50	2617.535	2.617535	False	1	0.416
pro_lifelong	269	11	50	2618.495	2.618495	False	1	0.416
pro_lifelong	269	12	50	14406.359	14.406359	False	1	0.465
pro_lifelong	269	13	50	13195.871	13.195871	False	1	0.404
pro_lifelong	270	1	50	13126.029	13.126029	False	1	0.455
pro_lifelong	270	2	50	16644.545	16.644545	False	1	0.362
pro_lifelong	270	3	50	7182.650	7.182650	False	1	0.416
pro_lifelong	270	4	50	10803.134	10.803134	False	1	0.416
pro_lifelong	270	5	50	21860.030	21.860030	False	1	0.425
pro_lifelong	270	6	50	15111.007	15.111007	False	1	0.43
pro_lifelong	271	1	50	7852.396	7.852396	False	1	0.418
pro_lifelong	271	2	50	17504.330	17.504330	False	1	0.425
pro_lifelong	271	3	50	20140.602	20.140602	False	1	0.409
pro_lifelong	271	4	50	3035.435	3.035435	False	1	0.418
pro_lifelong	271	5	50	19352.218	19.352218	False	1	0.44
pro_lifelong	271	6	50	21636.529	21.636529	False	1	0.497
pro_lifelong	271	7	50	12656.224	12.656224	False	1	0.418
pro_lifelong	271	8	50	19991.150	19.991150	False	1	0.423
pro_lifelong	271	9	50	4715.029	4.715029	False	1	0.418
pro_lifelong	271	10	50	3039.410	3.039410	False	1	0.418
pro_lifelong	271	11	50	3197.048	3.197048	False	1	0.418
pro_lifelong	272	1	50	12055.388	12.055388	False	1	0.133
pro_lifelong	272	2	50	17232.811	17.232811	False	1	0.441
pro_lifelong	272	3	50	15363.306	15.363306	False	1	0.462
pro_lifelong	272	4	50	20401.643	20.401643	False	1	0.419
pro_lifelong	272	5	50	15783.587	15.783587	False	1	0.451
pro_lifelong	272	6	50	18588.424	18.588424	False	1	0.466
pro_lifelong	272	7	50	19293.154	19.293154	False	1	0.431
pro_lifelong	272	8	50	2312.053	2.312053	False	1	0.419
pro_lifelong	273	1	50	22860.409	22.860409	False	1	0.374
pro_lifelong	273	2	50	7315.382	7.315382	False	1	0.422
pro_lifelong	273	3	50	17611.262	17.611262	False	1	0.413
pro_lifelong	273	4	50	17634.773	17.634773	False	1	0.364
pro_lifelong	273	5	50	18410.171	18.410171	False	1	0.453
pro_lifelong	273	6	50	20397.426	20.397426	False	1	0.381
pro_lifelong	273	7	50	19038.911	19.038911	False	1	0.41
pro_lifelong	273	8	50	19471.545	19.471545	False	1	0.358
pro_lifelong	273	9	50	11481.880	11.481880	False	1	0.422
pro_lifelong	273	10	50	11011.586	11.011586	False	1	0.422
pro_lifelong	274	1	50	18184.480	18.184480	False	1	0.426
pro_lifelong	274	2	50	7220.252	7.220252	False	1	0.426
pro_lifelong	274	3	50	15958.186	15.958186	False	1	0.509
pro_lifelong	274	4	50	2120.637	2.120637	False	1	0.426
pro_lifelong	274	5	50	3388.971	3.388971	False	1	0.426
pro_lifelong	274	6	50	15266.210	15.266210	False	1	0.456
pro_lifelong	274	7	50	2670.561	2.670561	False	1	0.426
pro_lifelong	274	8	50	17295.483	17.295483	False	1	0.395
pro_lifelong	275	1	50	7937.019	7.937019	False	1	0.451
pro_lifelong	275	2	50	18605.651	18.605651	False	1	0.458
pro_lifelong	275	3	50	5262.721	5.262721	False	1	0.451
pro_lifelong	275	4	50	13394.070	13.394070	False	1	0.133
pro_lifelong	275	5	50	2269.749	2.269749	False	1	0.451
pro_lifelong	275	6	50	14327.799	14.327799	False	1	0.494
pro_lifelong	275	7	50	3487.138	3.487138	False	1	0.451
pro_lifelong	275	8	50	13503.796	13.503796	False	1	0.451
pro_lifelong	275	9	50	9119.143	9.119143	False	1	0.404
pro_lifelong	275	10	50	11939.550	11.939550	False	1	0.133
pro_lifelong	275	11	50	14634.064	14.634064	False	1	0.49
pro_lifelong	276	1	50	11117.545	11.117545	False	1	0.494
pro_lifelong	276	2	50	13925.187	13.925187	False	1	0.133
pro_lifelong	276	3	50	8853.207	8.853207	False	1	0.441
pro_lifelong	276	4	50	2676.360	2.676360	False	1	0.441
pro_lifelong	276	5	50	2272.420	2.272420	False	1	0.441
pro_lifelong	276	6	50	2617.873	2.617873	False	1	0.441
pro_lifelong	277	1	50	15760.197	15.760197	False	1	0.417
pro_lifelong	277	2	50	17341.670	17.341670	False	1	0.433
pro_lifelong	277	3	50	14427.075	14.427075	False	1	0.47
pro_lifelong	277	4	50	16480.751	16.480751	False	1	0.464
pro_lifelong	277	5	50	7963.404	7.963404	False	1	0.433
pro_lifelong	277	6	50	13741.082	13.741082	False	1	0.433
pro_lifelong	277	7	50	13340.686	13.340686	False	1	0.404
pro_lifelong	277	8	50	13186.613	13.186613	False	1	0.489
pro_lifelong	277	9	50	14624.298	14.624298	False	1	0.133
pro_lifelong	277	10	50	9809.582	9.809582	False	1	0.433
pro_lifelong	277	11	50	18673.773	18.673773	False	1	0.413
pro_lifelong	277	12	50	2107.458	2.107458	False	1	0.433
pro_lifelong	277	13	50	16781.424	16.781424	False	1	0.435
pro_lifelong	278	1	50	12000.761	12.000761	False	1	0.404
pro_lifelong	278	2	50	19003.980	19.003980	False	1	0.461
pro_lifelong	278	3	50	12640.735	12.640735	False	1	0.429
pro_lifelong	278	4	50	1755.814	1.755814	False	1	0.429
pro_lifelong	278	5	50	17010.846	17.010846	False	1	0.408
pro_lifelong	278	6	50	12843.097	12.843097	False	1	0.429
pro_lifelong	278	7	50	2046.994	2.046994	False	1	0.429
pro_lifelong	279	1	50	15962.637	15.962637	False	1	0.468
pro_lifelong	279	2	50	18977.529	18.977529	False	1	0.428
pro_lifelong	279	3	50	7455.099	7.455099	False	1	0.428
pro_lifelong	279	4	50	15290.894	15.290894	False	1	0.418
pro_lifelong	279	5	50	10014.440	10.014440	False	1	0.404
pro_lifelong	279	6	50	3786.173	3.786173	False	1	0.428
pro_lifelong	280	1	50	19441.780	19.441780	False	1	0.535
pro_lifelong	280	2	50	7239.083	7.239083	False	1	0.42
pro_lifelong	280	3	50	13013.818	13.013818	False	1	0.133
pro_lifelong	280	4	50	10771.441	10.771441	False	1	0.391
pro_lifelong	280	5	50	14925.202	14.925202	False	1	0.415
pro_lifelong	280	6	50	1762.997	1.762997	False	1	0.42
pro_lifelong	281	1	50	9731.740	9.731740	False	1	0.133
pro_lifelong	281	2	50	12597.431	12.597431	False	1	0.133
pro_lifelong	281	3	50	14827.633	14.827633	False	1	0.42
pro_lifelong	281	4	50	8345.425	8.345425	False	1	0.432
pro_lifelong	281	5	50	20148.571	20.148571	False	1	0.409
pro_lifelong	281	6	50	9367.777	9.367777	False	1	0.434
pro_lifelong	281	7	50	17992.694	17.992694	False	1	0.403
pro_lifelong	281	8	50	7419.378	7.419378	False	1	0.434
pro_lifelong	281	9	50	22098.894	22.098894	False	1	0.434
pro_lifelong	282	1	50	15890.222	15.890222	False	1	0.445
pro_lifelong	282	2	50	20662.785	20.662785	False	1	0.353
pro_lifelong	282	3	50	6806.085	6.806085	False	1	0.413
pro_lifelong	282	4	50	16595.345	16.595345	False	1	0.418
pro_lifelong	282	5	50	10436.695	10.436695	False	1	0.413
pro_lifelong	282	6	50	19862.714	19.862714	False	1	0.438
pro_lifelong	283	1	50	8804.798	8.804798	False	1	0.433
pro_lifelong	283	2	50	16925.758	16.925758	False	1	0.427
pro_lifelong	283	3	50	2329.503	2.329503	False	1	0.433
pro_lifelong	283	4	50	2355.658	2.355658	False	1	0.433
pro_lifelong	283	5	50	18899.975	18.899975	False	1	0.432
pro_lifelong	283	6	50	2503.676	2.503676	False	1	0.433
pro_lifelong	284	1	50	16914.618	16.914618	False	1	0.423
pro_lifelong	284	2	50	8218.633	8.218633	False	1	0.439
pro_lifelong	284	3	50	16424.787	16.424787	False	1	0.418
pro_lifelong	284	4	50	6627.772	6.627772	False	1	0.439
pro_lifelong	284	5	50	2626.092	2.626092	False	1	0.439
pro_lifelong	284	6	50	11912.403	11.912403	False	1	0.439
pro_lifelong	284	7	50	3669.797	3.669797	False	1	0.439
pro_lifelong	285	1	50	20489.017	20.489017	True	1	0.807
pro_lifelong	286	1	50	19006.886	19.006886	False	1	0.43
pro_lifelong	286	2	50	18174.955	18.174955	False	1	0.432
pro_lifelong	286	3	50	19240.922	19.240922	False	1	0.457
pro_lifelong	286	4	50	2305.450	2.305450	False	1	0.43
pro_lifelong	286	5	50	19066.477	19.066477	False	1	0.447
pro_lifelong	286	6	50	13341.512	13.341512	False	1	0.133
pro_lifelong	286	7	50	22023.188	22.023188	False	1	0.464
pro_lifelong	286	8	50	2741.711	2.741711	False	1	0.43
pro_lifelong	287	1	50	9393.558	9.393558	False	1	0.446
pro_lifelong	287	2	50	21371.823	21.371823	False	1	0.422
pro_lifelong	287	3	50	2664.135	2.664135	False	1	0.446
pro_lifelong	287	4	50	3942.850	3.942850	False	1	0.446
pro_lifelong	287	5	50	16526.625	16.526625	False	1	0.445
pro_lifelong	287	6	50	20743.930	20.743930	False	1	0.384
pro_lifelong	288	1	50	7503.357	7.503357	False	1	0.441
pro_lifelong	288	2	50	20917.686	20.917686	False	1	0.464
pro_lifelong	288	3	50	14618.472	14.618472	False	1	0.416
pro_lifelong	288	4	50	6948.614	6.948614	False	1	0.404
pro_lifelong	288	5	50	20247.581	20.247581	False	1	0.481
pro_lifelong	288	6	50	2163.400	2.163400	False	1	0.441
pro_lifelong	288	7	50	20224.947	20.224947	False	1	0.476
pro_lifelong	288	8	50	2364.254	2.364254	False	1	0.441
pro_lifelong	288	9	50	22364.892	22.364892	False	1	0.386
pro_lifelong	288	10	50	13632.367	13.632367	False	1	0.441
pro_lifelong	289	1	50	3098.991	3.098991	False	1	0.133
pro_lifelong	289	2	50	18475.109	18.475109	False	1	0.514
pro_lifelong	289	3	50	12726.089	12.726089	True	1	0.798
pro_lifelong	290	1	50	7773.644	7.773644	False	1	0.436
pro_lifelong	290	2	50	18146.348	18.146348	False	1	0.442
pro_lifelong	290	3	50	2423.475	2.423475	False	1	0.436
pro_lifelong	290	4	50	2554.128	2.554128	False	1	0.436
pro_lifelong	290	5	50	11660.768	11.660768	False	1	0.404
pro_lifelong	290	6	50	1945.267	1.945267	False	1	0.436
pro_lifelong	291	1	50	24751.253	24.751253	False	1	0.133
pro_lifelong	291	2	50	12724.701	12.724701	False	1	0.379
pro_lifelong	291	3	50	17305.465	17.305465	False	1	0.431
pro_lifelong	291	4	50	14468.911	14.468911	False	1	0.482
pro_lifelong	291	5	50	8910.435	8.910435	False	1	0.436
pro_lifelong	291	6	50	19561.852	19.561852	False	1	0.443
pro_lifelong	291	7	50	2502.544	2.502544	False	1	0.436
pro_lifelong	291	8	50	21717.369	21.717369	False	1	0.462
pro_lifelong	291	9	50	14918.169	14.918169	False	1	0.436
pro_lifelong	292	1	50	20467.803	20.467803	False	1	0.472
pro_lifelong	292	2	50	23628.262	23.628262	False	1	0.459
pro_lifelong	292	3	50	13729.909	13.729909	False	1	0.412
pro_lifelong	292	4	50	6891.319	6.891319	False	1	0.438
pro_lifelong	292	5	50	2073.849	2.073849	False	1	0.438
pro_lifelong	292	6	50	2552.410	2.552410	False	1	0.438
pro_lifelong	293	1	50	19384.681	19.384681	False	1	0.311
pro_lifelong	293	2	50	16237.230	16.237230	False	1	0.435
pro_lifelong	293	3	50	14831.416	14.831416	False	1	0.39
pro_lifelong	293	4	50	27053.831	27.053831	False	1	0.474
pro_lifelong	293	5	50	15519.364	15.519364	False	1	0.133
pro_lifelong	293	6	50	9483.247	9.483247	False	1	0.404
pro_lifelong	293	7	50	3182.191	3.182191	False	1	0.435
pro_lifelong	293	8	50	13395.308	13.395308	False	1	0.436
pro_lifelong	293	9	50	15727.283	15.727283	False	1	0.486
pro_lifelong	293	10	50	16627.220	16.627220	False	1	0.486
pro_lifelong	293	11	50	19722.737	19.722737	False	1	0.468
pro_lifelong	293	12	50	21350.945	21.350945	False	1	0.434
pro_lifelong	293	13	50	15455.417	15.455417	False	1	0.45
pro_lifelong	293	14	50	25065.021	25.065021	False	1	0.439
pro_lifelong	294	1	50	13635.789	13.635789	False	1	0.133
pro_lifelong	294	2	50	21536.348	21.536348	False	1	0.396
pro_lifelong	294	3	50	10771.411	10.771411	False	1	0.404
pro_lifelong	294	4	50	18753.343	18.753343	False	1	0.382
pro_lifelong	294	5	50	11237.166	11.237166	False	1	0.133
pro_lifelong	294	6	50	16003.362	16.003362	False	1	0.429
pro_lifelong	294	7	50	3021.612	3.021612	False	1	0.429
pro_lifelong	294	8	50	15146.357	15.146357	False	1	0.458
pro_lifelong	294	9	50	18923.529	18.923529	False	1	0.437
pro_lifelong	294	10	50	2699.131	2.699131	False	1	0.429
pro_lifelong	294	11	50	2780.542	2.780542	False	1	0.429
pro_lifelong	294	12	50	22153.449	22.153449	False	1	0.464
pro_lifelong	294	13	50	19819.316	19.819316	False	1	0.456
pro_lifelong	295	1	50	21473.467	21.473467	False	1	0.379
pro_lifelong	295	2	50	18290.788	18.290788	False	1	0.41
pro_lifelong	295	3	50	7481.316	7.481316	False	1	0.416
pro_lifelong	295	4	50	16890.339	16.890339	False	1	0.426
pro_lifelong	295	5	50	2786.787	2.786787	False	1	0.416
pro_lifelong	295	6	50	3036.745	3.036745	False	1	0.416
pro_lifelong	295	7	50	17441.955	17.441955	False	1	0.133
pro_lifelong	295	8	50	23689.623	23.689623	False	1	0.442
pro_lifelong	295	9	50	2631.021	2.631021	False	1	0.416
pro_lifelong	295	10	50	2151.540	2.151540	False	1	0.416
pro_lifelong	295	11	50	8946.262	8.946262	False	1	0.416
pro_lifelong	295	12	50	15664.532	15.664532	False	1	0.133
pro_lifelong	295	13	50	15661.183	15.661183	False	1	0.405
pro_lifelong	296	1	50	8558.422	8.558422	False	1	0.426
pro_lifelong	296	2	50	16140.176	16.140176	False	1	0.431
pro_lifelong	296	3	50	2691.097	2.691097	False	1	0.426
pro_lifelong	296	4	50	10220.323	10.220323	False	1	0.426
pro_lifelong	296	5	50	20799.597	20.799597	False	1	0.43
pro_lifelong	296	6	50	2898.061	2.898061	False	1	0.426
pro_lifelong	297	1	50	16174.615	16.174615	False	1	0.43
pro_lifelong	297	2	50	19191.360	19.191360	False	1	0.445
pro_lifelong	297	3	50	18618.348	18.618348	False	1	0.428
pro_lifelong	297	4	50	31535.412	31.535412	False	1	0.47
pro_lifelong	297	5	50	18639.717	18.639717	False	1	0.486
pro_lifelong	297	6	50	19880.093	19.880093	False	1	0.466
pro_lifelong	297	7	50	19055.986	19.055986	False	1	0.421
pro_lifelong	297	8	50	2502.146	2.502146	False	1	0.421
pro_lifelong	297	9	50	11669.840	11.669840	False	1	0.421
pro_lifelong	297	10	50	2381.649	2.381649	False	1	0.421
pro_lifelong	298	1	50	17616.761	17.616761	False	1	0.375
pro_lifelong	298	2	50	7206.005	7.206005	False	1	0.43
pro_lifelong	298	3	50	16679.623	16.679623	False	1	0.369
pro_lifelong	298	4	50	17557.900	17.557900	False	1	0.429
pro_lifelong	298	5	50	2732.605	2.732605	False	1	0.43
pro_lifelong	298	6	50	11813.500	11.813500	False	1	0.43
pro_lifelong	298	7	50	19006.043	19.006043	False	1	0.419
pro_lifelong	299	1	50	12129.785	12.129785	False	1	0.133
pro_lifelong	299	2	50	16875.354	16.875354	False	1	0.516
pro_lifelong	299	3	50	9531.463	9.531463	False	1	0.133
pro_lifelong	299	4	50	8266.972	8.266972	False	1	0.428
pro_lifelong	299	5	50	4459.598	4.459598	False	1	0.428
pro_lifelong	299	6	50	2830.177	2.830177	False	1	0.428
pro_lifelong	299	7	50	21402.321	21.402321	False	1	0.427
pro_lifelong	300	1	50	9102.366	9.102366	False	1	0.475
pro_lifelong	300	2	50	23770.207	23.770207	False	1	0.547
pro_lifelong	300	3	50	15094.555	15.094555	True	1	0.825
pro_lifelong	301	1	50	23827.315	23.827315	False	1	0.133
pro_lifelong	301	2	50	12367.178	12.367178	False	1	0.133
pro_lifelong	301	3	50	14192.901	14.192901	True	1	0.887
pro_lifelong	302	1	50	3638.997	3.638997	False	1	0.133
pro_lifelong	302	2	50	16720.056	16.720056	False	1	0.443
pro_lifelong	302	3	50	14674.623	14.674623	False	1	0.133
pro_lifelong	302	4	50	21756.359	21.756359	False	1	0.481
pro_lifelong	302	5	50	22126.412	22.126412	False	1	0.527
pro_lifelong	302	6	50	2778.655	2.778655	False	1	0.133
pro_lifelong	302	7	50	1977.371	1.977371	False	1	0.133
pro_lifelong	302	8	50	11290.215	11.290215	False	1	0.133
pro_lifelong	302	9	50	3796.293	3.796293	False	1	0.133
pro_lifelong	303	1	50	3474.757	3.474757	False	1	0.133
pro_lifelong	303	2	50	16370.880	16.370880	True	1	0.844
pro_lifelong	304	1	50	19650.055	19.650055	False	1	0.433
pro_lifelong	304	2	50	14839.188	14.839188	False	1	0.133
pro_lifelong	304	3	50	9596.965	9.596965	False	1	0.42
pro_lifelong	304	4	50	38008.594	38.008594	True	1	0.79
pro_lifelong	305	1	50	27308.799	27.308799	False	1	0.426
pro_lifelong	305	2	50	6590.321	6.590321	False	1	0.452
pro_lifelong	305	3	50	30740.822	30.740822	False	1	0.381
pro_lifelong	305	4	50	41700.143	41.700143	False	1	0.431
pro_lifelong	305	5	50	35688.908	35.688908	False	1	0.414
pro_lifelong	305	6	50	20133.541	20.133541	False	1	0.428
pro_lifelong	305	7	50	12892.114	12.892114	False	1	0.452
pro_lifelong	306	1	50	15299.474	15.299474	False	1	0.133
pro_lifelong	306	2	50	24521.754	24.521754	False	1	0.506
pro_lifelong	306	3	50	4108.396	4.108396	False	1	0.133
pro_lifelong	306	4	50	12557.771	12.557771	False	1	0.133
pro_lifelong	306	5	50	2815.483	2.815483	False	1	0.133
pro_lifelong	306	6	50	17273.045	17.273045	False	1	0.133
pro_lifelong	307	1	50	13251.143	13.251143	False	1	0.133
pro_lifelong	307	2	50	14255.578	14.255578	False	1	0.133
pro_lifelong	307	3	50	11939.759	11.939759	False	1	0.133
pro_lifelong	307	4	50	1219.492	1.219492	False	1	0.133
pro_lifelong	308	1	50	36907.664	36.907664	True	1	0.83
pro_lifelong	309	1	50	20007.456	20.007456	False	1	0.427
pro_lifelong	309	2	50	10225.087	10.225087	False	1	0.133
pro_lifelong	309	3	50	13416.699	13.416699	False	1	0.133
pro_lifelong	309	4	50	10990.695	10.990695	False	1	0.133
pro_lifelong	309	5	50	17921.349	17.921349	False	1	0.464
pro_lifelong	309	6	50	14311.262	14.311262	False	1	0.133
pro_lifelong	309	7	50	39621.840	39.621840	False	1	0.459
pro_lifelong	309	8	50	3959.480	3.959480	False	1	0.133
pro_lifelong	309	9	50	17637.798	17.637798	False	1	0.454
pro_lifelong	309	10	50	15795.221	15.795221	False	1	0.476
pro_lifelong	309	11	50	40651.141	40.651141	False	1	0.523
pro_lifelong	309	12	50	27680.075	27.680075	False	1	0.523
pro_lifelong	309	13	50	19465.071	19.465071	False	1	0.527
pro_lifelong	309	14	50	10207.964	10.207964	False	1	0.133
pro_lifelong	309	15	50	2424.722	2.424722	False	1	0.133
pro_lifelong	309	16	50	4622.391	4.622391	False	1	0.133
pro_lifelong	310	1	50	11108.124	11.108124	False	1	0.133
pro_lifelong	310	2	50	19885.361	19.885361	False	1	0.519
pro_lifelong	310	3	50	2852.582	2.852582	False	1	0.133
pro_lifelong	310	4	50	1958.813	1.958813	False	1	0.133
pro_lifelong	310	5	50	16122.022	16.122022	False	1	0.386
pro_lifelong	310	6	50	17815.089	17.815089	False	1	0.133
pro_lifelong	310	7	50	2268.811	2.268811	False	1	0.133
pro_lifelong	311	1	50	13763.397	13.763397	False	1	0.133
pro_lifelong	311	2	50	16070.289	16.070289	False	1	0.133
pro_lifelong	311	3	50	2037.678	2.037678	False	1	0.133
pro_lifelong	311	4	50	7859.117	7.859117	False	1	0.133
pro_lifelong	312	1	50	24431.335	24.431335	False	1	0.443
pro_lifelong	312	2	50	23273.951	23.273951	True	1	0.771
pro_lifelong	313	1	50	3364.583	3.364583	False	1	0.133
pro_lifelong	313	2	50	17158.836	17.158836	False	1	0.133
pro_lifelong	313	3	50	1644.709	1.644709	False	1	0.133
pro_lifelong	313	4	50	4714.765	4.714765	False	1	0.133
pro_lifelong	314	1	50	20026.074	20.026074	False	1	0.396
pro_lifelong	314	2	50	10085.023	10.085023	False	1	0.45
pro_lifelong	314	3	50	20678.508	20.678508	False	1	0.454
pro_lifelong	314	4	50	2718.295	2.718295	False	1	0.45
pro_lifelong	314	5	50	11085.441	11.085441	False	1	0.45
pro_lifelong	314	6	50	10087.966	10.087966	False	1	0.45
pro_lifelong	314	7	50	11930.038	11.930038	False	1	0.45
pro_lifelong	315	1	50	18630.815	18.630815	False	1	0.41
pro_lifelong	315	2	50	16041.612	16.041612	False	1	0.351
pro_lifelong	315	3	50	18622.069	18.622069	True	1	0.657
pro_lifelong	316	1	50	6647.203	6.647203	False	1	0.414
pro_lifelong	316	2	50	3651.069	3.651069	False	1	0.414
pro_lifelong	316	3	50	17161.511	17.161511	False	1	0.133
pro_lifelong	316	4	50	16686.094	16.686094	False	1	0.133
pro_lifelong	316	5	50	17884.553	17.884553	False	1	0.448
pro_lifelong	316	6	50	2550.566	2.550566	False	1	0.414
pro_lifelong	316	7	50	3109.392	3.109392	False	1	0.414
pro_lifelong	316	8	50	11445.961	11.445961	False	1	0.414
pro_lifelong	316	9	50	29111.944	29.111944	False	1	0.521
pro_lifelong	316	10	50	23880.858	23.880858	False	1	0.443
pro_lifelong	316	11	50	19814.837	19.814837	False	1	0.491
pro_lifelong	316	12	50	16011.301	16.011301	False	1	0.365
pro_lifelong	316	13	50	14487.768	14.487768	False	1	0.133
pro_lifelong	316	14	50	10924.324	10.924324	False	1	0.414
pro_lifelong	317	1	50	3653.563	3.653563	False	1	0.133
pro_lifelong	317	2	50	3080.581	3.080581	False	1	0.133
pro_lifelong	317	3	50	13280.718	13.280718	False	1	0.133
pro_lifelong	317	4	50	20686.738	20.686738	False	1	0.367
pro_lifelong	317	5	50	2520.010	2.520010	False	1	0.133
pro_lifelong	317	6	50	2612.511	2.612511	False	1	0.133
pro_lifelong	317	7	50	18659.560	18.659560	False	1	0.371
pro_lifelong	317	8	50	22122.773	22.122773	False	1	0.384
pro_lifelong	317	9	50	10953.597	10.953597	False	1	0.133
pro_lifelong	317	10	50	16590.326	16.590326	False	1	0.133
pro_lifelong	317	11	50	3752.052	3.752052	False	1	0.133
pro_lifelong	317	12	50	11428.479	11.428479	False	1	0.133
pro_lifelong	318	1	50	11424.801	11.424801	False	1	0.133
pro_lifelong	318	2	50	9890.629	9.890629	False	1	0.499
pro_lifelong	318	3	50	6994.719	6.994719	False	1	0.475
pro_lifelong	318	4	50	18372.599	18.372599	False	1	0.469
pro_lifelong	318	5	50	12776.688	12.776688	False	1	0.503
pro_lifelong	318	6	50	27633.456	27.633456	True	1	0.739
pro_lifelong	319	1	50	3390.091	3.390091	False	1	0.133
pro_lifelong	319	2	50	14577.047	14.577047	False	1	0.133
pro_lifelong	319	3	50	20554.332	20.554332	False	1	0.38
pro_lifelong	319	4	50	15437.214	15.437214	False	1	0.411
pro_lifelong	319	5	50	15360.964	15.360964	False	1	0.133
pro_lifelong	319	6	50	15775.774	15.775774	False	1	0.133
pro_lifelong	319	7	50	15298.866	15.298866	False	1	0.133
pro_lifelong	319	8	50	17755.247	17.755247	False	1	0.411
pro_lifelong	319	9	50	19580.149	19.580149	False	1	0.438
pro_lifelong	319	10	50	15057.672	15.057672	False	1	0.133
pro_lifelong	319	11	50	15825.950	15.825950	False	1	0.401
pro_lifelong	319	12	50	21434.618	21.434618	False	1	0.413
pro_lifelong	319	13	50	15448.731	15.448731	False	1	0.133
pro_lifelong	319	14	50	1752.354	1.752354	False	1	0.133
pro_lifelong	320	1	50	15887.192	15.887192	False	1	0.133
pro_lifelong	320	2	50	19430.485	19.430485	False	1	0.441
pro_lifelong	320	3	50	7382.535	7.382535	False	1	0.415
pro_lifelong	320	4	50	2972.313	2.972313	False	1	0.415
pro_lifelong	320	5	50	17119.638	17.119638	False	1	0.398
pro_lifelong	320	6	50	14685.705	14.685705	False	1	0.427
pro_lifelong	320	7	50	21439.136	21.439136	False	1	0.415
pro_lifelong	321	1	50	15934.327	15.934327	False	1	0.346
pro_lifelong	321	2	50	29913.291	29.913291	False	1	0.503
pro_lifelong	321	3	50	12745.140	12.745140	False	1	0.133
pro_lifelong	321	4	50	14911.403	14.911403	False	1	0.133
pro_lifelong	321	5	50	28102.073	28.102073	True	1	0.667
pro_lifelong	322	1	50	8386.499	8.386499	False	1	0.469
pro_lifelong	322	2	50	19720.630	19.720630	False	1	0.449
pro_lifelong	322	3	50	18204.729	18.204729	False	1	0.455
pro_lifelong	322	4	50	20477.879	20.477879	False	1	0.455
pro_lifelong	322	5	50	24789.492	24.789492	False	1	0.324
pro_lifelong	322	6	50	20669.853	20.669853	False	1	0.417
pro_lifelong	323	1	50	16759.298	16.759298	False	1	0.373
pro_lifelong	323	2	50	21954.246	21.954246	True	1	0.697
pro_lifelong	324	1	50	24125.097	24.125097	False	1	0.522
pro_lifelong	324	2	50	20283.546	20.283546	False	1	0.411
pro_lifelong	324	3	50	14543.704	14.543704	False	1	0.133
pro_lifelong	324	4	50	23612.246	23.612246	True	1	0.791
pro_lifelong	325	1	50	8354.090	8.354090	False	1	0.47
pro_lifelong	325	2	50	18735.903	18.735903	False	1	0.47
pro_lifelong	325	3	50	21027.764	21.027764	False	1	0.398
pro_lifelong	325	4	50	21703.345	21.703345	False	1	0.376
pro_lifelong	325	5	50	19492.639	19.492639	False	1	0.421
pro_lifelong	325	6	50	20396.247	20.396247	False	1	0.439
pro_lifelong	326	1	50	6675.274	6.675274	False	1	0.424
pro_lifelong	326	2	50	19680.890	19.680890	False	1	0.462
pro_lifelong	326	3	50	16175.943	16.175943	True	1	0.785
pro_lifelong	327	1	50	3288.716	3.288716	False	1	0.133
pro_lifelong	327	2	50	3881.253	3.881253	False	1	0.133
pro_lifelong	327	3	50	19031.739	19.031739	False	1	0.474
pro_lifelong	327	4	50	19886.259	19.886259	False	1	0.133
pro_lifelong	327	5	50	2023.410	2.023410	False	1	0.133
pro_lifelong	327	6	50	17563.717	17.563717	False	1	0.497
pro_lifelong	327	7	50	16228.545	16.228545	False	1	0.133
pro_lifelong	327	8	50	12863.653	12.863653	False	1	0.133
pro_lifelong	327	9	50	4022.861	4.022861	False	1	0.133
pro_lifelong	327	10	50	2130.569	2.130569	False	1	0.133
pro_lifelong	328	1	50	16655.417	16.655417	False	1	0.392
pro_lifelong	328	2	50	20745.018	20.745018	False	1	0.432
pro_lifelong	328	3	50	14144.677	14.144677	False	1	0.44
pro_lifelong	328	4	50	6895.147	6.895147	False	1	0.415
pro_lifelong	328	5	50	21762.594	21.762594	False	1	0.397
pro_lifelong	328	6	50	14788.765	14.788765	False	1	0.133
pro_lifelong	328	7	50	2604.678	2.604678	False	1	0.415
pro_lifelong	329	1	50	3734.391	3.734391	False	1	0.133
pro_lifelong	329	2	50	11172.218	11.172218	False	1	0.133
pro_lifelong	329	3	50	1651.910	1.651910	False	1	0.133
pro_lifelong	329	4	50	17569.802	17.569802	False	1	0.439
pro_lifelong	329	5	50	20988.623	20.988623	False	1	0.419
pro_lifelong	329	6	50	16216.084	16.216084	False	1	0.428
pro_lifelong	329	7	50	20715.990	20.715990	False	1	0.444
pro_lifelong	329	8	50	16341.905	16.341905	False	1	0.451
pro_lifelong	329	9	50	16807.703	16.807703	False	1	0.409
pro_lifelong	329	10	50	3004.986	3.004986	False	1	0.133
pro_lifelong	329	11	50	18477.256	18.477256	False	1	0.393
pro_lifelong	329	12	50	13177.909	13.177909	False	1	0.133
pro_lifelong	329	13	50	12919.541	12.919541	False	1	0.133
pro_lifelong	330	1	50	3401.858	3.401858	False	1	0.133
pro_lifelong	330	2	50	1735.774	1.735774	False	1	0.133
pro_lifelong	330	3	50	13561.293	13.561293	True	1	0.799
pro_lifelong	331	1	50	23908.871	23.908871	False	1	0.431
pro_lifelong	331	2	50	29351.242	29.351242	False	1	0.487
pro_lifelong	331	3	50	12167.521	12.167521	False	1	0.133
pro_lifelong	331	4	50	1791.547	1.791547	False	1	0.133
pro_lifelong	331	5	50	25599.521	25.599521	False	1	0.504
pro_lifelong	331	6	50	18818.501	18.818501	False	1	0.133
pro_lifelong	331	7	50	15137.673	15.137673	False	1	0.391
pro_lifelong	331	8	50	18106.213	18.106213	False	1	0.133
pro_lifelong	331	9	50	24173.479	24.173479	False	1	0.433
pro_lifelong	331	10	50	26188.129	26.188129	False	1	0.432
pro_lifelong	332	1	50	17135.019	17.135019	False	1	0.525
pro_lifelong	332	2	50	3575.505	3.575505	False	1	0.133
pro_lifelong	332	3	50	14220.871	14.220871	False	1	0.133
pro_lifelong	332	4	50	14020.663	14.020663	False	1	0.432
pro_lifelong	332	5	50	15792.224	15.792224	False	1	0.356
pro_lifelong	332	6	50	18704.352	18.704352	False	1	0.454
pro_lifelong	333	1	50	3154.325	3.154325	False	1	0.133
pro_lifelong	333	2	50	12625.427	12.625427	False	1	0.133
pro_lifelong	333	3	50	3028.358	3.028358	False	1	0.133
pro_lifelong	333	4	50	7880.751	7.880751	False	1	0.133
pro_lifelong	334	1	50	9803.546	9.803546	False	1	0.133
pro_lifelong	334	2	50	10129.990	10.129990	False	1	0.133
pro_lifelong	334	3	50	4518.502	4.518502	False	1	0.133
pro_lifelong	334	4	50	13007.970	13.007970	False	1	0.133
pro_lifelong	335	1	50	16499.539	16.499539	False	1	0.495
pro_lifelong	335	2	50	17304.597	17.304597	False	1	0.133
pro_lifelong	335	3	50	14368.214	14.368214	False	1	0.133
pro_lifelong	335	4	50	14171.709	14.171709	False	1	0.133
pro_lifelong	335	5	50	16083.700	16.083700	False	1	0.133
pro_lifelong	336	1	50	25111.215	25.111215	False	1	0.471
pro_lifelong	336	2	50	17094.440	17.094440	False	1	0.467
pro_lifelong	336	3	50	17406.394	17.406394	False	1	0.425
pro_lifelong	336	4	50	11053.921	11.053921	False	1	0.133
pro_lifelong	336	5	50	7640.359	7.640359	False	1	0.499
pro_lifelong	336	6	50	14864.080	14.864080	False	1	0.133
pro_lifelong	336	7	50	13675.109	13.675109	False	1	0.133
pro_lifelong	336	8	50	16966.850	16.966850	True	1	0.838
pro_lifelong	337	1	50	11455.114	11.455114	False	1	0.133
pro_lifelong	337	2	50	15789.540	15.789540	False	1	0.505
pro_lifelong	337	3	50	23614.181	23.614181	False	1	0.133
pro_lifelong	337	4	50	28602.551	28.602551	False	1	0.133
pro_lifelong	337	5	50	12452.160	12.452160	False	1	0.133
pro_lifelong	337	6	50	16550.842	16.550842	False	1	0.377
pro_lifelong	337	7	50	11083.854	11.083854	False	1	0.133
pro_lifelong	338	1	50	13778.577	13.778577	False	1	0.458
pro_lifelong	338	2	50	18555.462	18.555462	False	1	0.133
pro_lifelong	338	3	50	17962.577	17.962577	False	1	0.386
pro_lifelong	338	4	50	14228.829	14.228829	False	1	0.133
pro_lifelong	338	5	50	17237.667	17.237667	False	1	0.133
pro_lifelong	338	6	50	11774.824	11.774824	False	1	0.133
pro_lifelong	339	1	50	13551.472	13.551472	False	1	0.133
pro_lifelong	339	2	50	3135.279	3.135279	False	1	0.133
pro_lifelong	339	3	50	2657.745	2.657745	False	1	0.133
pro_lifelong	339	4	50	16276.187	16.276187	False	1	0.133
pro_lifelong	340	1	50	11883.928	11.883928	False	1	0.133
pro_lifelong	340	2	50	4093.645	4.093645	False	1	0.133
pro_lifelong	340	3	50	14407.487	14.407487	False	1	0.133
pro_lifelong	340	4	50	18986.072	18.986072	False	1	0.467
pro_lifelong	340	5	50	22471.575	22.471575	False	1	0.49
pro_lifelong	340	6	50	8097.270	8.097270	False	1	0.133
pro_lifelong	340	7	50	17145.986	17.145986	False	1	0.496
pro_lifelong	340	8	50	16818.850	16.818850	False	1	0.431
pro_lifelong	340	9	50	14909.163	14.909163	False	1	0.133
pro_lifelong	340	10	50	1817.555	1.817555	False	1	0.133
pro_lifelong	341	1	50	18206.708	18.206708	True	1	0.814
pro_lifelong	342	1	50	9037.076	9.037076	False	1	0.133
pro_lifelong	342	2	50	11607.605	11.607605	False	1	0.133
pro_lifelong	342	3	50	19437.986	19.437986	False	1	0.486
pro_lifelong	342	4	50	1748.937	1.748937	False	1	0.133
pro_lifelong	342	5	50	25165.094	25.165094	False	1	0.402
pro_lifelong	342	6	50	11423.853	11.423853	False	1	0.133
pro_lifelong	342	7	50	20944.095	20.944095	False	1	0.393
pro_lifelong	342	8	50	2545.256	2.545256	False	1	0.133
pro_lifelong	343	1	50	23705.889	23.705889	False	1	0.133
pro_lifelong	343	2	50	7501.011	7.501011	False	1	0.486
pro_lifelong	343	3	50	14057.632	14.057632	False	1	0.385
pro_lifelong	343	4	50	2271.486	2.271486	False	1	0.486
pro_lifelong	343	5	50	14192.907	14.192907	False	1	0.133
pro_lifelong	343	6	50	10521.266	10.521266	False	1	0.133
pro_lifelong	343	7	50	10260.385	10.260385	False	1	0.133
pro_lifelong	344	1	50	23805.562	23.805562	False	1	0.389
pro_lifelong	344	2	50	17596.039	17.596039	False	1	0.512
pro_lifelong	344	3	50	8299.078	8.299078	False	1	0.492
pro_lifelong	344	4	50	2509.771	2.509771	False	1	0.492
pro_lifelong	344	5	50	13888.794	13.888794	False	1	0.47
pro_lifelong	344	6	50	21028.626	21.028626	True	1	0.821
pro_lifelong	345	1	50	13618.221	13.618221	False	1	0.536
pro_lifelong	345	2	50	12881.120	12.881120	False	1	0.133
pro_lifelong	345	3	50	19716.613	19.716613	False	1	0.133
pro_lifelong	345	4	50	11480.584	11.480584	False	1	0.133
pro_lifelong	345	5	50	2510.773	2.510773	False	1	0.133
pro_lifelong	346	1	50	20077.477	20.077477	False	1	0.47
pro_lifelong	346	2	50	10147.128	10.147128	False	1	0.468
pro_lifelong	346	3	50	9636.983	9.636983	False	1	0.468
pro_lifelong	346	4	50	9535.509	9.535509	False	1	0.468
pro_lifelong	346	5	50	2416.665	2.416665	False	1	0.468
pro_lifelong	346	6	50	17482.974	17.482974	False	1	0.468
pro_lifelong	347	1	50	3221.696	3.221696	False	1	0.133
pro_lifelong	347	2	50	17338.874	17.338874	False	1	0.518
pro_lifelong	347	3	50	17219.629	17.219629	False	1	0.424
pro_lifelong	347	4	50	14272.301	14.272301	False	1	0.56
pro_lifelong	347	5	50	11335.535	11.335535	False	1	0.133
pro_lifelong	347	6	50	2608.335	2.608335	False	1	0.133
pro_lifelong	347	7	50	18002.262	18.002262	False	1	0.483
pro_lifelong	347	8	50	14092.059	14.092059	False	1	0.425
pro_lifelong	347	9	50	17680.396	17.680396	False	1	0.415
pro_lifelong	348	1	50	2525.718	2.525718	False	1	0.133
pro_lifelong	348	2	50	2215.375	2.215375	False	1	0.133
pro_lifelong	348	3	50	19521.577	19.521577	False	1	0.133
pro_lifelong	348	4	50	14371.320	14.371320	False	1	0.133
pro_lifelong	349	1	50	12059.836	12.059836	False	1	0.133
pro_lifelong	349	2	50	13942.209	13.942209	False	1	0.493
pro_lifelong	349	3	50	17817.764	17.817764	False	1	0.451
pro_lifelong	349	4	50	11433.761	11.433761	False	1	0.133
pro_lifelong	349	5	50	8772.682	8.772682	False	1	0.133
pro_lifelong	349	6	50	3484.564	3.484564	False	1	0.133
pro_lifelong	349	7	50	3242.241	3.242241	False	1	0.133
pro_lifelong	350	1	50	2561.928	2.561928	False	1	0.133
pro_lifelong	350	2	50	12982.221	12.982221	False	1	0.465
pro_lifelong	350	3	50	20420.205	20.420205	False	1	0.544
pro_lifelong	350	4	50	15603.690	15.603690	False	1	0.519
pro_lifelong	350	5	50	17819.305	17.819305	False	1	0.133
pro_lifelong	350	6	50	9696.952	9.696952	False	1	0.133
pro_lifelong	350	7	50	18461.191	18.461191	False	1	0.427
pro_lifelong	350	8	50	15447.493	15.447493	False	1	0.399
pro_lifelong	351	1	50	18013.614	18.013614	False	1	0.327
pro_lifelong	351	2	50	21005.222	21.005222	False	1	0.333
pro_lifelong	351	3	50	10802.850	10.802850	False	1	0.133
pro_lifelong	351	4	50	15243.251	15.243251	False	1	0.465
pro_lifelong	351	5	50	14042.246	14.042246	False	1	0.327
pro_lifelong	351	6	50	21898.883	21.898883	True	1	0.688
pro_lifelong	352	1	50	3333.713	3.333713	True	1	0.915
pro_lifelong	353	1	50	12874.880	12.874880	False	1	0.133
pro_lifelong	353	2	50	18038.808	18.038808	True	1	0.854
pro_lifelong	354	1	50	5315.882	5.315882	False	1	0.133
pro_lifelong	354	2	50	21239.541	21.239541	False	1	0.497
pro_lifelong	354	3	50	13938.223	13.938223	False	1	0.501
pro_lifelong	354	4	50	21530.953	21.530953	False	1	0.407
pro_lifelong	354	5	50	2628.033	2.628033	False	1	0.133
pro_lifelong	354	6	50	11159.991	11.159991	False	1	0.133
pro_lifelong	354	7	50	2923.364	2.923364	False	1	0.133
pro_lifelong	355	1	50	12394.069	12.394069	False	1	0.133
pro_lifelong	355	2	50	2523.589	2.523589	False	1	0.133
pro_lifelong	355	3	50	1728.035	1.728035	False	1	0.133
pro_lifelong	355	4	50	16862.619	16.862619	False	1	0.49
pro_lifelong	355	5	50	14869.608	14.869608	False	1	0.133
pro_lifelong	355	6	50	19949.459	19.949459	False	1	0.578
pro_lifelong	355	7	50	11472.774	11.472774	False	1	0.432
pro_lifelong	355	8	50	3957.588	3.957588	False	1	0.133
pro_lifelong	355	9	50	2450.372	2.450372	False	1	0.133
pro_lifelong	355	10	50	2050.188	2.050188	False	1	0.133
pro_lifelong	355	11	50	14417.061	14.417061	False	1	0.133
pro_lifelong	356	1	50	16226.159	16.226159	False	1	0.492
pro_lifelong	356	2	50	14822.609	14.822609	False	1	0.468
pro_lifelong	356	3	50	15949.751	15.949751	False	1	0.425
pro_lifelong	356	4	50	17206.094	17.206094	False	1	0.481
pro_lifelong	356	5	50	7135.701	7.135701	False	1	0.457
pro_lifelong	356	6	50	13562.221	13.562221	False	1	0.388
pro_lifelong	357	1	50	20156.735	20.156735	False	1	0.422
pro_lifelong	357	2	50	29008.794	29.008794	False	1	0.392
pro_lifelong	357	3	50	14422.518	14.422518	False	1	0.471
pro_lifelong	357	4	50	30141.501	30.141501	False	1	0.422
pro_lifelong	357	5	50	14183.482	14.183482	False	1	0.322
pro_lifelong	357	6	50	12589.980	12.589980	False	1	0.533
pro_lifelong	357	7	50	15452.661	15.452661	False	1	0.538
pro_lifelong	357	8	50	15708.927	15.708927	False	1	0.381
pro_lifelong	357	9	50	15964.105	15.964105	False	1	0.394
pro_lifelong	357	10	50	13587.869	13.587869	False	1	0.439
pro_lifelong	357	11	50	22786.098	22.786098	False	1	0.414
pro_lifelong	358	1	50	22435.062	22.435062	False	1	0.364
pro_lifelong	358	2	50	17420.679	17.420679	False	1	0.522
pro_lifelong	358	3	50	12251.636	12.251636	False	1	0.43
pro_lifelong	358	4	50	24929.498	24.929498	False	1	0.436
pro_lifelong	358	5	50	18497.435	18.497435	False	1	0.398
pro_lifelong	358	6	50	19435.042	19.435042	False	1	0.496
pro_lifelong	358	7	50	12702.204	12.702204	False	1	0.341
pro_lifelong	359	1	50	22321.215	22.321215	False	1	0.488
pro_lifelong	359	2	50	9932.525	9.932525	False	1	0.133
pro_lifelong	359	3	50	2568.391	2.568391	False	1	0.133
pro_lifelong	359	4	50	16175.985	16.175985	False	1	0.133
pro_lifelong	359	5	50	12089.637	12.089637	False	1	0.133
pro_lifelong	360	1	50	8494.691	8.494691	False	1	0.418
pro_lifelong	360	2	50	14617.982	14.617982	False	1	0.133
pro_lifelong	360	3	50	21357.169	21.357169	False	1	0.495
pro_lifelong	360	4	50	16579.570	16.579570	False	1	0.424
pro_lifelong	360	5	50	2131.381	2.131381	False	1	0.418
pro_lifelong	360	6	50	28915.142	28.915142	False	1	0.483
pro_lifelong	360	7	50	14587.856	14.587856	False	1	0.469
pro_lifelong	360	8	50	12660.727	12.660727	False	1	0.133
pro_lifelong	361	1	50	17807.585	17.807585	False	1	0.431
pro_lifelong	361	2	50	14917.778	14.917778	False	1	0.133
pro_lifelong	361	3	50	18010.988	18.010988	True	1	0.642
pro_lifelong	362	1	50	9362.472	9.362472	False	1	0.426
pro_lifelong	362	2	50	17503.448	17.503448	False	1	0.362
pro_lifelong	362	3	50	2342.099	2.342099	False	1	0.426
pro_lifelong	362	4	50	2688.003	2.688003	False	1	0.426
pro_lifelong	362	5	50	14414.406	14.414406	False	1	0.539
pro_lifelong	362	6	50	10358.164	10.358164	False	1	0.499
pro_lifelong	362	7	50	2364.829	2.364829	False	1	0.426
pro_lifelong	362	8	50	21333.976	21.333976	False	1	0.357
pro_lifelong	362	9	50	22202.834	22.202834	False	1	0.445
pro_lifelong	362	10	50	2412.934	2.412934	False	1	0.426
pro_lifelong	363	1	50	13431.783	13.431783	False	1	0.133
pro_lifelong	363	2	50	2338.799	2.338799	False	1	0.426
pro_lifelong	363	3	50	9962.533	9.962533	False	1	0.426
pro_lifelong	363	4	50	10524.080	10.524080	False	1	0.499
pro_lifelong	363	5	50	19702.860	19.702860	False	1	0.426
pro_lifelong	363	6	50	18164.252	18.164252	False	1	0.361
pro_lifelong	363	7	50	18442.005	18.442005	False	1	0.499
pro_lifelong	363	8	50	14543.342	14.543342	False	1	0.133
pro_lifelong	363	9	50	15559.525	15.559525	False	1	0.476
pro_lifelong	364	1	50	12965.022	12.965022	False	1	0.133
pro_lifelong	364	2	50	9522.582	9.522582	False	1	0.133
pro_lifelong	364	3	50	1940.642	1.940642	False	1	0.426
pro_lifelong	364	4	50	16486.824	16.486824	False	1	0.472
pro_lifelong	364	5	50	22060.397	22.060397	False	1	0.357
pro_lifelong	364	6	50	15613.550	15.613550	False	1	0.407
pro_lifelong	364	7	50	12193.160	12.193160	False	1	0.479
pro_lifelong	364	8	50	14678.960	14.678960	False	1	0.133
pro_lifelong	364	9	50	9682.174	9.682174	False	1	0.426
pro_lifelong	365	1	50	18357.126	18.357126	True	1	0.765
pro_lifelong	366	1	50	21145.862	21.145862	False	1	0.424
pro_lifelong	366	2	50	8299.910	8.299910	False	1	0.582
pro_lifelong	366	3	50	9921.980	9.921980	False	1	0.133
pro_lifelong	366	4	50	10564.696	10.564696	False	1	0.133
pro_lifelong	366	5	50	3375.981	3.375981	False	1	0.582
pro_lifelong	366	6	50	8777.630	8.777630	False	1	0.432
pro_lifelong	366	7	50	16584.453	16.584453	False	1	0.419
pro_lifelong	367	1	50	2256.608	2.256608	False	1	0.133
pro_lifelong	367	2	50	15771.799	15.771799	False	1	0.133
pro_lifelong	367	3	50	11685.184	11.685184	False	1	0.133
pro_lifelong	367	4	50	17041.479	17.041479	False	1	0.518
pro_lifelong	367	5	50	19592.824	19.592824	False	1	0.483
pro_lifelong	367	6	50	9678.976	9.678976	False	1	0.133
pro_lifelong	367	7	50	12662.109	12.662109	False	1	0.133
pro_lifelong	367	8	50	9976.975	9.976975	False	1	0.133
pro_lifelong	367	9	50	2439.265	2.439265	False	1	0.133
pro_lifelong	368	1	50	11959.685	11.959685	False	1	0.133
pro_lifelong	368	2	50	17320.301	17.320301	False	1	0.598
pro_lifelong	368	3	50	3402.253	3.402253	False	1	0.133
pro_lifelong	368	4	50	11671.649	11.671649	False	1	0.133
pro_lifelong	368	5	50	22616.421	22.616421	False	1	0.502
pro_lifelong	368	6	50	10326.263	10.326263	False	1	0.133
pro_lifelong	368	7	50	10096.985	10.096985	False	1	0.133
pro_lifelong	369	1	50	4783.430	4.783430	True	1	0.926
pro_lifelong	370	1	50	5551.949	5.551949	False	1	0.419
pro_lifelong	370	2	50	39377.667	39.377667	False	1	0.507
pro_lifelong	370	3	50	18236.263	18.236263	False	1	0.443
pro_lifelong	370	4	50	16663.084	16.663084	False	1	0.417
pro_lifelong	370	5	50	11898.985	11.898985	False	1	0.419
pro_lifelong	370	6	50	1817.049	1.817049	False	1	0.419
pro_lifelong	370	7	50	2535.043	2.535043	False	1	0.419
pro_lifelong	371	1	50	9660.941	9.660941	False	1	0.133
pro_lifelong	371	2	50	12563.206	12.563206	False	1	0.133
pro_lifelong	371	3	50	5005.178	5.005178	False	1	0.133
pro_lifelong	371	4	50	9159.478	9.159478	False	1	0.133
pro_lifelong	372	1	50	16505.130	16.505130	False	1	0.409
pro_lifelong	372	2	50	15080.278	15.080278	False	1	0.372
pro_lifelong	372	3	50	2213.020	2.213020	False	1	0.133
pro_lifelong	372	4	50	31924.097	31.924097	True	1	0.804
pro_lifelong	373	1	50	16475.246	16.475246	False	1	0.396
pro_lifelong	373	2	50	22552.046	22.552046	False	1	0.426
pro_lifelong	373	3	50	25675.447	25.675447	False	1	0.468
pro_lifelong	373	4	50	16461.848	16.461848	False	1	0.458
pro_lifelong	373	5	50	20244.386	20.244386	False	1	0.454
pro_lifelong	373	6	50	22621.469	22.621469	False	1	0.443
pro_lifelong	373	7	50	20384.670	20.384670	False	1	0.409
pro_lifelong	373	8	50	23486.974	23.486974	False	1	0.418
pro_lifelong	374	1	50	17272.244	17.272244	False	1	0.467
pro_lifelong	374	2	50	19834.639	19.834639	False	1	0.408
pro_lifelong	374	3	50	19708.511	19.708511	False	1	0.411
pro_lifelong	374	4	50	3485.601	3.485601	False	1	0.133
pro_lifelong	374	5	50	17593.199	17.593199	False	1	0.356
pro_lifelong	374	6	50	27248.428	27.248428	False	1	0.423
pro_lifelong	375	1	50	23379.771	23.379771	False	1	0.402
pro_lifelong	375	2	50	39169.093	39.169093	False	1	0.481
pro_lifelong	375	3	50	11227.905	11.227905	False	1	0.133
pro_lifelong	375	4	50	19259.076	19.259076	False	1	0.4
pro_lifelong	375	5	50	34441.546	34.441546	False	1	0.444
pro_lifelong	375	6	50	25657.504	25.657504	True	1	0.78
pro_lifelong	376	1	50	20793.013	20.793013	False	1	0.425
pro_lifelong	376	2	50	2776.413	2.776413	False	1	0.425
pro_lifelong	376	3	50	21604.928	21.604928	False	1	0.438
pro_lifelong	376	4	50	33214.536	33.214536	False	1	0.425
pro_lifelong	376	5	50	28064.716	28.064716	True	1	0.791
pro_lifelong	377	1	50	1823.833	1.823833	False	1	0.425
pro_lifelong	377	2	50	47485.891	47.485891	True	1	0.747
pro_lifelong	378	1	50	20675.191	20.675191	False	1	0.467
pro_lifelong	378	2	50	8130.990	8.130990	False	1	0.428
pro_lifelong	378	3	50	16710.393	16.710393	False	1	0.432
pro_lifelong	378	4	50	20191.532	20.191532	False	1	0.388
pro_lifelong	378	5	50	17872.586	17.872586	False	1	0.429
pro_lifelong	378	6	50	37550.887	37.550887	True	1	0.756
pro_lifelong	379	1	50	12442.949	12.442949	True	1	0.654
pro_lifelong	380	1	50	14598.425	14.598425	False	1	0.418
pro_lifelong	380	2	50	7170.930	7.170930	False	1	0.337
pro_lifelong	380	3	50	15152.464	15.152464	False	1	0.439
pro_lifelong	380	4	50	15708.638	15.708638	False	1	0.466
pro_lifelong	380	5	50	15660.160	15.660160	False	1	0.36
pro_lifelong	380	6	50	12223.452	12.223452	False	1	0.133
pro_lifelong	380	7	50	12360.987	12.360987	False	1	0.133
pro_lifelong	380	8	50	10297.339	10.297339	False	1	0.337
pro_lifelong	380	9	50	18415.459	18.415459	False	1	0.431
pro_lifelong	381	1	50	18749.173	18.749173	True	1	0.636
pro_lifelong	382	1	50	6338.812	6.338812	False	1	0.348
pro_lifelong	382	2	50	18076.675	18.076675	False	1	0.391
pro_lifelong	382	3	50	10579.905	10.579905	False	1	0.133
pro_lifelong	382	4	50	17641.006	17.641006	True	1	0.697
pro_lifelong	383	1	50	19492.721	19.492721	False	1	0.381
pro_lifelong	383	2	50	15556.819	15.556819	False	1	0.372
pro_lifelong	383	3	50	16856.235	16.856235	False	1	0.424
pro_lifelong	383	4	50	18285.227	18.285227	False	1	0.452
pro_lifelong	383	5	50	16118.822	16.118822	False	1	0.421
pro_lifelong	383	6	50	5175.179	5.175179	False	1	0.355
pro_lifelong	383	7	50	20676.150	20.676150	False	1	0.427
pro_lifelong	383	8	50	4595.739	4.595739	False	1	0.355
pro_lifelong	383	9	50	14034.712	14.034712	False	1	0.372
pro_lifelong	384	1	50	13107.006	13.107006	True	1	0.66
pro_lifelong	385	1	50	14203.277	14.203277	False	1	0.133
pro_lifelong	385	2	50	16769.030	16.769030	False	1	0.523
pro_lifelong	385	3	50	13228.298	13.228298	False	1	0.133
pro_lifelong	385	4	50	13401.759	13.401759	False	1	0.133
pro_lifelong	385	5	50	22615.047	22.615047	False	1	0.588
pro_lifelong	385	6	50	8009.743	8.009743	False	1	0.133
pro_lifelong	385	7	50	18982.529	18.982529	False	1	0.451
pro_lifelong	385	8	50	13267.415	13.267415	False	1	0.133
pro_lifelong	385	9	50	17234.354	17.234354	False	1	0.585
pro_lifelong	385	10	50	11679.537	11.679537	False	1	0.133
pro_lifelong	386	1	50	15510.063	15.510063	False	1	0.465
pro_lifelong	386	2	50	11499.360	11.499360	False	1	0.133
pro_lifelong	386	3	50	1461.674	1.461674	False	1	0.133
pro_lifelong	386	4	50	17830.763	17.830763	False	1	0.464
pro_lifelong	386	5	50	16518.704	16.518704	False	1	0.133
pro_lifelong	386	6	50	16283.167	16.283167	False	1	0.507
pro_lifelong	386	7	50	1698.213	1.698213	False	1	0.133
pro_lifelong	386	8	50	20218.636	20.218636	False	1	0.452
pro_lifelong	386	9	50	17700.212	17.700212	False	1	0.451
pro_lifelong	386	10	50	1563.094	1.563094	False	1	0.133
pro_lifelong	386	11	50	17023.786	17.023786	False	1	0.452
pro_lifelong	387	1	50	15517.083	15.517083	True	1	0.685
pro_lifelong	388	1	50	4439.715	4.439715	False	1	0.133
pro_lifelong	388	2	50	20264.368	20.264368	False	1	0.415
pro_lifelong	388	3	50	16966.572	16.966572	False	1	0.465
pro_lifelong	388	4	50	3137.211	3.137211	False	1	0.133
pro_lifelong	388	5	50	17774.634	17.774634	False	1	0.438
pro_lifelong	388	6	50	3450.941	3.450941	False	1	0.133
pro_lifelong	388	7	50	24410.517	24.410517	False	1	0.445
pro_lifelong	388	8	50	10385.050	10.385050	False	1	0.133
pro_lifelong	389	1	50	5725.110	5.725110	False	1	0.133
pro_lifelong	389	2	50	14219.808	14.219808	True	1	0.781
pro_lifelong	390	1	50	14193.223	14.193223	True	1	0.733
pro_lifelong	391	1	50	16211.599	16.211599	False	1	0.442
pro_lifelong	391	2	50	14588.039	14.588039	True	1	0.731
pro_lifelong	392	1	50	16781.006	16.781006	False	1	0.429
pro_lifelong	392	2	50	15319.559	15.319559	False	1	0.498
pro_lifelong	392	3	50	17785.031	17.785031	False	1	0.442
pro_lifelong	392	4	50	13775.788	13.775788	False	1	0.133
pro_lifelong	392	5	50	13379.783	13.379783	False	1	0.133
pro_lifelong	392	6	50	21727.602	21.727602	False	1	0.133
pro_lifelong	392	7	50	18299.431	18.299431	False	1	0.379
pro_lifelong	393	1	50	16261.700	16.261700	False	1	0.423
pro_lifelong	393	2	50	18043.168	18.043168	False	1	0.43
pro_lifelong	393	3	50	17707.810	17.707810	True	1	0.724
pro_lifelong	394	1	50	4584.909	4.584909	False	1	0.133
pro_lifelong	394	2	50	16454.084	16.454084	True	1	0.789
pro_lifelong	395	1	50	20819.358	20.819358	False	1	0.515
pro_lifelong	395	2	50	15070.022	15.070022	False	1	0.42
pro_lifelong	395	3	50	16527.419	16.527419	False	1	0.442
pro_lifelong	395	4	50	4947.527	4.947527	False	1	0.438
pro_lifelong	395	5	50	27363.928	27.363928	False	1	0.474
pro_lifelong	395	6	50	2841.519	2.841519	False	1	0.438
pro_lifelong	396	1	50	11332.159	11.332159	False	1	0.439
pro_lifelong	396	2	50	38531.770	38.531770	False	1	0.431
pro_lifelong	396	3	50	13359.654	13.359654	False	1	0.394
pro_lifelong	396	4	50	2807.116	2.807116	False	1	0.439
pro_lifelong	396	5	50	12532.301	12.532301	False	1	0.432
pro_lifelong	396	6	50	3480.411	3.480411	False	1	0.439
pro_lifelong	397	1	50	5285.652	5.285652	False	1	0.443
pro_lifelong	397	2	50	16658.145	16.658145	False	1	0.414
pro_lifelong	397	3	50	3641.017	3.641017	False	1	0.443
pro_lifelong	397	4	50	3171.901	3.171901	False	1	0.443
pro_lifelong	397	5	50	8825.541	8.825541	False	1	0.443
pro_lifelong	397	6	50	16045.131	16.045131	False	1	0.46
pro_lifelong	397	7	50	3794.110	3.794110	False	1	0.443
pro_lifelong	397	8	50	1687.280	1.687280	False	1	0.443
pro_lifelong	397	9	50	23598.922	23.598922	False	1	0.473
pro_lifelong	397	10	50	21479.940	21.479940	False	1	0.529
pro_lifelong	397	11	50	8397.441	8.397441	False	1	0.443
pro_lifelong	397	12	50	16561.751	16.561751	False	1	0.403
pro_lifelong	397	13	50	2118.541	2.118541	False	1	0.443
pro_lifelong	397	14	50	19261.613	19.261613	False	1	0.425
pro_lifelong	397	15	50	20622.041	20.622041	False	1	0.43
pro_lifelong	398	1	50	19174.410	19.174410	False	1	0.439
pro_lifelong	398	2	50	21448.733	21.448733	False	1	0.403
pro_lifelong	398	3	50	14996.558	14.996558	False	1	0.396
pro_lifelong	398	4	50	18511.545	18.511545	False	1	0.394
pro_lifelong	398	5	50	16597.019	16.597019	False	1	0.449
pro_lifelong	398	6	50	18402.497	18.402497	False	1	0.431
pro_lifelong	398	7	50	21395.694	21.395694	False	1	0.444
pro_lifelong	398	8	50	22813.517	22.813517	True	1	0.766
pro_lifelong	399	1	50	14307.358	14.307358	False	1	0.48
pro_lifelong	399	2	50	9391.424	9.391424	False	1	0.133
pro_lifelong	399	3	50	10352.246	10.352246	False	1	0.133
pro_lifelong	399	4	50	1461.061	1.461061	False	1	0.133
pro_lifelong	399	5	50	2017.971	2.017971	False	1	0.133
pro_warm_up	0	1	50	26383.116	26.383116	False	1	0.488
pro_warm_up	0	2	50	2148.752	2.148752	False	1	0.133
pro_warm_up	0	3	50	17916.880	17.916880	False	1	0.474
pro_warm_up	0	4	50	23293.765	23.293765	False	1	0.499
pro_warm_up	0	5	50	14972.378	14.972378	False	1	0.486
pro_warm_up	0	6	50	12991.191	12.991191	False	1	0.133
pro_warm_up	0	7	50	1946.703	1.946703	False	1	0.133
pro_warm_up	0	8	50	21123.258	21.123258	False	1	0.465
pro_warm_up	0	9	50	12578.829	12.578829	False	1	0.133
pro_warm_up	1	1	50	15735.637	15.735637	False	1	0.549
pro_warm_up	1	2	50	13184.405	13.184405	False	1	0.133
pro_warm_up	1	3	50	3012.627	3.012627	False	1	0.133
pro_warm_up	1	4	50	14622.178	14.622178	False	1	0.133
pro_warm_up	1	5	50	1503.076	1.503076	False	1	0.133
pro_warm_up	2	1	50	30136.731	30.136731	False	1	0.133
pro_warm_up	2	2	50	18421.120	18.421120	False	1	0.433
pro_warm_up	2	3	50	16450.966	16.450966	False	1	0.466
pro_warm_up	2	4	50	21596.046	21.596046	False	1	0.38
pro_warm_up	2	5	50	2015.247	2.015247	False	1	0.133
pro_warm_up	2	6	50	16603.470	16.603470	False	1	0.53
pro_warm_up	2	7	50	15034.602	15.034602	False	1	0.452
pro_warm_up	2	8	50	18779.940	18.779940	False	1	0.488
pro_warm_up	2	9	50	18804.592	18.804592	False	1	0.453
pro_warm_up	2	10	50	2456.353	2.456353	False	1	0.133
pro_warm_up	2	11	50	2177.796	2.177796	False	1	0.133
pro_warm_up	3	1	50	9979.548	9.979548	False	1	0.422
pro_warm_up	3	2	50	17190.293	17.190293	False	1	0.388
pro_warm_up	3	3	50	20724.196	20.724196	False	1	0.401
pro_warm_up	3	4	50	20985.177	20.985177	False	1	0.465
pro_warm_up	3	5	50	12901.755	12.901755	False	1	0.422
pro_warm_up	3	6	50	14843.869	14.843869	False	1	0.392
pro_warm_up	3	7	50	13826.012	13.826012	False	1	0.435
pro_warm_up	3	8	50	11695.505	11.695505	False	1	0.133
pro_warm_up	3	9	50	15886.133	15.886133	False	1	0.422
pro_warm_up	4	1	50	5925.040	5.925040	False	1	0.133
pro_warm_up	4	2	50	16129.781	16.129781	False	1	0.412
pro_warm_up	4	3	50	15895.329	15.895329	False	1	0.436
pro_warm_up	4	4	50	25396.518	25.396518	False	1	0.572
pro_warm_up	4	5	50	11682.427	11.682427	False	1	0.499
pro_warm_up	4	6	50	2174.900	2.174900	False	1	0.133
pro_warm_up	4	7	50	10339.606	10.339606	False	1	0.499
pro_warm_up	4	8	50	19423.948	19.423948	True	1	0.803
pro_warm_up	4	9	50	29712.196	29.712196	False	1	0.459
pro_warm_up	4	10	50	16195.020	16.195020	False	1	0.432
pro_warm_up	4	11	50	9856.153	9.856153	False	1	0.133
pro_warm_up	4	12	50	14050.675	14.050675	False	1	0.408
pro_warm_up	4	13	50	9438.520	9.438520	False	1	0.133
pro_warm_up	5	1	50	4114.747	4.114747	False	1	0.133
pro_warm_up	5	2	50	8590.764	8.590764	False	1	0.499
pro_warm_up	5	3	50	18323.336	18.323336	False	1	0.453
pro_warm_up	5	4	50	2804.636	2.804636	False	1	0.133
pro_warm_up	5	5	50	17008.339	17.008339	False	1	0.455
pro_warm_up	5	6	50	11977.271	11.977271	False	1	0.133
pro_warm_up	5	7	50	13030.933	13.030933	False	1	0.133
pro_warm_up	6	1	50	12591.389	12.591389	False	1	0.133
pro_warm_up	6	2	50	14580.135	14.580135	False	1	0.523
pro_warm_up	6	3	50	14022.374	14.022374	False	1	0.461
pro_warm_up	6	4	50	18311.030	18.311030	False	1	0.425
pro_warm_up	6	5	50	18564.071	18.564071	False	1	0.494
pro_warm_up	6	6	50	14945.851	14.945851	False	1	0.504
pro_warm_up	6	7	50	13512.069	13.512069	False	1	0.522
pro_warm_up	7	1	50	23195.260	23.195260	False	1	0.434
pro_warm_up	7	2	50	16424.476	16.424476	False	1	0.439
pro_warm_up	7	3	50	4461.217	4.461217	False	1	0.133
pro_warm_up	7	4	50	9006.672	9.006672	False	1	0.499
pro_warm_up	7	5	50	12001.073	12.001073	False	1	0.533
pro_warm_up	7	6	50	10279.557	10.279557	False	1	0.133
pro_warm_up	7	7	50	14337.429	14.337429	False	1	0.467
pro_warm_up	7	8	50	16319.496	16.319496	False	1	0.4
pro_warm_up	7	9	50	11164.775	11.164775	False	1	0.133
pro_warm_up	7	10	50	20254.009	20.254009	False	1	0.423
pro_warm_up	8	1	50	15302.553	15.302553	False	1	0.133
pro_warm_up	8	2	50	3127.534	3.127534	False	1	0.133
pro_warm_up	8	3	50	15053.027	15.053027	False	1	0.427
pro_warm_up	8	4	50	31338.196	31.338196	False	1	0.528
pro_warm_up	8	5	50	8717.959	8.717959	False	1	0.133
pro_warm_up	8	6	50	3456.309	3.456309	False	1	0.133
pro_warm_up	8	7	50	15906.141	15.906141	False	1	0.438
pro_warm_up	8	8	50	12546.937	12.546937	True	1	0.834
pro_warm_up	8	9	50	16089.942	16.089942	False	1	0.514
pro_warm_up	8	10	50	17018.629	17.018629	False	1	0.362
pro_warm_up	8	11	50	18730.953	18.730953	False	1	0.444
pro_warm_up	8	12	50	13370.479	13.370479	False	1	0.415
pro_warm_up	8	13	50	17763.630	17.763630	False	1	0.465
pro_warm_up	9	1	50	22947.545	22.947545	False	1	0.405
pro_warm_up	9	2	50	2701.027	2.701027	False	1	0.133
pro_warm_up	9	3	50	14188.364	14.188364	False	1	0.43
pro_warm_up	9	4	50	22413.643	22.413643	False	1	0.428
pro_warm_up	9	5	50	2035.071	2.035071	False	1	0.133
pro_warm_up	9	6	50	17045.541	17.045541	False	1	0.479
pro_warm_up	9	7	50	19634.931	19.634931	False	1	0.459
pro_warm_up	9	8	50	14523.878	14.523878	False	1	0.425
pro_warm_up	9	9	50	14170.758	14.170758	False	1	0.449
pro_warm_up	9	10	50	16951.125	16.951125	False	1	0.443
pro_warm_up	9	11	50	11776.653	11.776653	False	1	0.133
pro_warm_up	10	1	50	4363.783	4.363783	False	1	0.133
pro_warm_up	10	2	50	10982.435	10.982435	False	1	0.133
pro_warm_up	10	3	50	14158.774	14.158774	False	1	0.409
pro_warm_up	10	4	50	15013.846	15.013846	False	1	0.361
pro_warm_up	10	5	50	18504.736	18.504736	False	1	0.444
pro_warm_up	10	6	50	15886.812	15.886812	False	1	0.337
pro_warm_up	10	7	50	17298.212	17.298212	False	1	0.461
pro_warm_up	10	8	50	16534.941	16.534941	False	1	0.453
pro_warm_up	10	9	50	11087.583	11.087583	False	1	0.133
pro_warm_up	10	10	50	18179.607	18.179607	False	1	0.416
pro_warm_up	10	11	50	2976.482	2.976482	False	1	0.133
pro_warm_up	10	12	50	17475.713	17.475713	False	1	0.443
pro_warm_up	11	1	50	18563.718	18.563718	False	1	0.442
pro_warm_up	11	2	50	17531.975	17.531975	False	1	0.35
pro_warm_up	11	3	50	7828.320	7.828320	False	1	0.499
pro_warm_up	11	4	50	21136.010	21.136010	False	1	0.427
pro_warm_up	11	5	50	16621.938	16.621938	True	1	0.764
pro_warm_up	11	6	50	11872.495	11.872495	False	1	0.133
pro_warm_up	11	7	50	12817.339	12.817339	False	1	0.133
pro_warm_up	11	8	50	2275.787	2.275787	False	1	0.133
pro_warm_up	11	9	50	10072.489	10.072489	False	1	0.133
pro_warm_up	12	1	50	4556.741	4.556741	False	1	0.133
pro_warm_up	12	2	50	16747.084	16.747084	False	1	0.384
pro_warm_up	12	3	50	18667.610	18.667610	False	1	0.133
pro_warm_up	12	4	50	4127.887	4.127887	False	1	0.133
pro_warm_up	12	5	50	13116.152	13.116152	False	1	0.133
pro_warm_up	12	6	50	18422.314	18.422314	False	1	0.453
pro_warm_up	12	7	50	17611.862	17.611862	False	1	0.442
pro_warm_up	12	8	50	2423.619	2.423619	False	1	0.133
pro_warm_up	12	9	50	19613.976	19.613976	False	1	0.41
pro_warm_up	12	10	50	19453.259	19.453259	False	1	0.388
pro_warm_up	12	11	50	13519.645	13.519645	False	1	0.133
pro_warm_up	13	1	50	8766.877	8.766877	False	1	0.409
pro_warm_up	13	2	50	2841.489	2.841489	False	1	0.409
pro_warm_up	13	3	50	22609.048	22.609048	False	1	0.498
pro_warm_up	13	4	50	16325.682	16.325682	False	1	0.427
pro_warm_up	13	5	50	18646.128	18.646128	False	1	0.398
pro_warm_up	13	6	50	11716.933	11.716933	False	1	0.447
pro_warm_up	13	7	50	20776.191	20.776191	False	1	0.41
pro_warm_up	13	8	50	20102.682	20.102682	False	1	0.403
pro_warm_up	14	1	50	3949.318	3.949318	False	1	0.133
pro_warm_up	14	2	50	1883.285	1.883285	False	1	0.133
pro_warm_up	14	3	50	16733.378	16.733378	False	1	0.403
pro_warm_up	14	4	50	15395.451	15.395451	False	1	0.443
pro_warm_up	14	5	50	15663.871	15.663871	False	1	0.445
pro_warm_up	14	6	50	15892.853	15.892853	False	1	0.458
pro_warm_up	14	7	50	16628.447	16.628447	False	1	0.431
pro_warm_up	14	8	50	19836.149	19.836149	False	1	0.458
pro_warm_up	14	9	50	1794.284	1.794284	False	1	0.133
pro_warm_up	14	10	50	2429.965	2.429965	False	1	0.133
pro_warm_up	14	11	50	2274.487	2.274487	False	1	0.133
pro_warm_up	15	1	50	19161.445	19.161445	False	1	0.387
pro_warm_up	15	2	50	3488.398	3.488398	False	1	0.133
pro_warm_up	15	3	50	19084.725	19.084725	False	1	0.432
pro_warm_up	15	4	50	15515.877	15.515877	False	1	0.133
pro_warm_up	15	5	50	16114.995	16.114995	False	1	0.479
pro_warm_up	15	6	50	1195.156	1.195156	False	1	0.133
pro_warm_up	15	7	50	17033.015	17.033015	False	1	0.453
pro_warm_up	15	8	50	15955.656	15.955656	True	1	0.766
pro_warm_up	15	9	50	10051.303	10.051303	False	1	0.133
pro_warm_up	15	10	50	22965.635	22.965635	False	1	0.365
pro_warm_up	15	11	50	2188.367	2.188367	False	1	0.133
pro_warm_up	15	12	50	8711.391	8.711391	False	1	0.499
pro_warm_up	15	13	50	12091.732	12.091732	False	1	0.133
pro_warm_up	16	1	50	11496.482	11.496482	False	1	0.133
pro_warm_up	16	2	50	21036.055	21.036055	False	1	0.427
pro_warm_up	16	3	50	3858.625	3.858625	False	1	0.133
pro_warm_up	16	4	50	17352.360	17.352360	False	1	0.444
pro_warm_up	16	5	50	17685.901	17.685901	False	1	0.525
pro_warm_up	16	6	50	13196.163	13.196163	False	1	0.133
pro_warm_up	16	7	50	17559.058	17.559058	False	1	0.455
pro_warm_up	16	8	50	10711.462	10.711462	True	1	0.782
pro_warm_up	16	9	50	19256.429	19.256429	False	1	0.429
pro_warm_up	16	10	50	17176.911	17.176911	False	1	0.397
pro_warm_up	16	11	50	12834.398	12.834398	False	1	0.133
pro_warm_up	16	12	50	13432.132	13.432132	False	1	0.133
pro_warm_up	16	13	50	10659.245	10.659245	False	1	0.133
pro_warm_up	17	1	50	2603.925	2.603925	False	1	0.133
pro_warm_up	17	2	50	11731.129	11.731129	False	1	0.133
pro_warm_up	17	3	50	9200.424	9.200424	False	1	0.133
pro_warm_up	17	4	50	19050.094	19.050094	False	1	0.428
pro_warm_up	17	5	50	7523.457	7.523457	False	1	0.499
pro_warm_up	17	6	50	23601.894	23.601894	False	1	0.505
pro_warm_up	17	7	50	13839.283	13.839283	False	1	0.133
pro_warm_up	17	8	50	18086.121	18.086121	False	1	0.41
pro_warm_up	17	9	50	14651.741	14.651741	False	1	0.423
pro_warm_up	17	10	50	11212.038	11.212038	False	1	0.133
pro_warm_up	18	1	50	20928.224	20.928224	False	1	0.366
pro_warm_up	18	2	50	10779.016	10.779016	False	1	0.133
pro_warm_up	18	3	50	17999.503	17.999503	False	1	0.453
pro_warm_up	18	4	50	16814.752	16.814752	False	1	0.499
pro_warm_up	18	5	50	3659.289	3.659289	False	1	0.133
pro_warm_up	18	6	50	14805.309	14.805309	False	1	0.489
pro_warm_up	18	7	50	16652.608	16.652608	False	1	0.411
pro_warm_up	18	8	50	20790.282	20.790282	False	1	0.458
pro_warm_up	18	9	50	11083.826	11.083826	False	1	0.133
pro_warm_up	19	1	50	14947.821	14.947821	False	1	0.481
pro_warm_up	19	2	50	4059.211	4.059211	False	1	0.133
pro_warm_up	19	3	50	13840.866	13.840866	False	1	0.133
pro_warm_up	19	4	50	12939.221	12.939221	False	1	0.133
pro_warm_up	19	5	50	11124.297	11.124297	False	1	0.133
pro_warm_up	20	1	50	12292.715	12.292715	False	1	0.423
pro_warm_up	20	2	50	18167.912	18.167912	False	1	0.418
pro_warm_up	20	3	50	16405.356	16.405356	False	1	0.419
pro_warm_up	20	4	50	13657.232	13.657232	False	1	0.133
pro_warm_up	20	5	50	3599.433	3.599433	False	1	0.133
pro_warm_up	20	6	50	3989.739	3.989739	False	1	0.133
pro_warm_up	21	1	50	13395.004	13.395004	False	1	0.133
pro_warm_up	21	2	50	22238.092	22.238092	False	1	0.133
pro_warm_up	21	3	50	14206.429	14.206429	False	1	0.386
pro_warm_up	21	4	50	20576.639	20.576639	False	1	0.133
pro_warm_up	21	5	50	19184.737	19.184737	False	1	0.449
pro_warm_up	21	6	50	18773.466	18.773466	False	1	0.478
pro_warm_up	21	7	50	14515.591	14.515591	False	1	0.376
pro_warm_up	21	8	50	18865.093	18.865093	False	1	0.463
pro_warm_up	21	9	50	15491.604	15.491604	False	1	0.509
pro_warm_up	21	10	50	9594.242	9.594242	False	1	0.133
pro_warm_up	21	11	50	9428.940	9.428940	False	1	0.499
pro_warm_up	21	12	50	15607.836	15.607836	True	1	0.845
pro_warm_up	21	13	50	17106.012	17.106012	False	1	0.516
pro_warm_up	21	14	50	23345.599	23.345599	False	1	0.539
pro_warm_up	21	15	50	12112.742	12.112742	False	1	0.133
pro_warm_up	21	16	50	21518.732	21.518732	False	1	0.497
pro_warm_up	21	17	50	10561.087	10.561087	False	1	0.133
pro_warm_up	22	1	50	16126.614	16.126614	False	1	0.461
pro_warm_up	22	2	50	15268.662	15.268662	False	1	0.419
pro_warm_up	22	3	50	20822.278	20.822278	False	1	0.45
pro_warm_up	22	4	50	19161.928	19.161928	False	1	0.434
pro_warm_up	22	5	50	17573.733	17.573733	False	1	0.471
pro_warm_up	22	6	50	15585.306	15.585306	False	1	0.503
pro_warm_up	22	7	50	2854.036	2.854036	False	1	0.419
pro_warm_up	22	8	50	8895.496	8.895496	False	1	0.499
pro_warm_up	22	9	50	14361.164	14.361164	False	1	0.4
pro_warm_up	22	10	50	18092.247	18.092247	False	1	0.378
pro_warm_up	22	11	50	30646.047	30.646047	False	1	0.456
pro_warm_up	23	1	50	14847.243	14.847243	False	1	0.133
pro_warm_up	23	2	50	14138.866	14.138866	False	1	0.343
pro_warm_up	23	3	50	18109.775	18.109775	False	1	0.445
pro_warm_up	23	4	50	18461.588	18.461588	False	1	0.482
pro_warm_up	23	5	50	27152.022	27.152022	False	1	0.52
pro_warm_up	23	6	50	2807.598	2.807598	False	1	0.133
pro_warm_up	23	7	50	4459.843	4.459843	False	1	0.133
pro_warm_up	23	8	50	17064.796	17.064796	False	1	0.133
pro_warm_up	23	9	50	15831.524	15.831524	False	1	0.454
pro_warm_up	23	10	50	4518.702	4.518702	False	1	0.133
pro_warm_up	24	1	50	16740.261	16.740261	False	1	0.456
pro_warm_up	24	2	50	18920.227	18.920227	False	1	0.426
pro_warm_up	24	3	50	20692.222	20.692222	False	1	0.488
pro_warm_up	24	4	50	17723.209	17.723209	False	1	0.442
pro_warm_up	24	5	50	21541.152	21.541152	False	1	0.475
pro_warm_up	24	6	50	20908.088	20.908088	False	1	0.428
pro_warm_up	24	7	50	16760.177	16.760177	False	1	0.473
pro_warm_up	24	8	50	19438.009	19.438009	False	1	0.387
pro_warm_up	25	1	50	19513.661	19.513661	False	1	0.37
pro_warm_up	25	2	50	3688.141	3.688141	False	1	0.133
pro_warm_up	25	3	50	12001.455	12.001455	False	1	0.133
pro_warm_up	25	4	50	14385.347	14.385347	False	1	0.445
pro_warm_up	25	5	50	13202.479	13.202479	False	1	0.133
pro_warm_up	25	6	50	16048.775	16.048775	False	1	0.434
pro_warm_up	25	7	50	13637.366	13.637366	False	1	0.463
pro_warm_up	25	8	50	19321.425	19.321425	False	1	0.457
pro_warm_up	25	9	50	15863.993	15.863993	False	1	0.421
pro_warm_up	25	10	50	28258.442	28.258442	False	1	0.411
pro_warm_up	25	11	50	10729.946	10.729946	False	1	0.133
pro_warm_up	25	12	50	2346.667	2.346667	False	1	0.133
pro_warm_up	26	1	50	2956.267	2.956267	False	1	0.133
pro_warm_up	26	2	50	7842.900	7.842900	False	1	0.499
pro_warm_up	26	3	50	16455.136	16.455136	False	1	0.538
pro_warm_up	26	4	50	17618.004	17.618004	False	1	0.514
pro_warm_up	26	5	50	15974.686	15.974686	False	1	0.37
pro_warm_up	26	6	50	22159.101	22.159101	False	1	0.489
pro_warm_up	26	7	50	11533.960	11.533960	False	1	0.133
pro_warm_up	26	8	50	11091.999	11.091999	False	1	0.133
pro_warm_up	27	1	50	10983.975	10.983975	False	1	0.133
pro_warm_up	27	2	50	15845.558	15.845558	False	1	0.133
pro_warm_up	27	3	50	2551.003	2.551003	False	1	0.133
pro_warm_up	27	4	50	8477.567	8.477567	False	1	0.133
pro_warm_up	28	1	50	10775.266	10.775266	False	1	0.133
pro_warm_up	28	2	50	2090.497	2.090497	False	1	0.133
pro_warm_up	28	3	50	13956.608	13.956608	False	1	0.394
pro_warm_up	28	4	50	15924.424	15.924424	False	1	0.387
pro_warm_up	28	5	50	7930.346	7.930346	False	1	0.133
pro_warm_up	28	6	50	14791.207	14.791207	False	1	0.133
pro_warm_up	28	7	50	19752.699	19.752699	False	1	0.482
pro_warm_up	28	8	50	1570.609	1.570609	False	1	0.133
pro_warm_up	28	9	50	24609.495	24.609495	True	1	0.784
pro_warm_up	28	10	50	23419.557	23.419557	False	1	0.488
pro_warm_up	28	11	50	18072.241	18.072241	False	1	0.447
pro_warm_up	28	12	50	16524.023	16.524023	False	1	0.389
pro_warm_up	28	13	50	18600.294	18.600294	False	1	0.41
pro_warm_up	28	14	50	14763.490	14.763490	False	1	0.133
pro_warm_up	29	1	50	18938.560	18.938560	False	1	0.472
pro_warm_up	29	2	50	16835.088	16.835088	False	1	0.414
pro_warm_up	29	3	50	17541.905	17.541905	False	1	0.552
pro_warm_up	29	4	50	9045.704	9.045704	False	1	0.499
pro_warm_up	29	5	50	11945.439	11.945439	False	1	0.133
pro_warm_up	29	6	50	15863.465	15.863465	False	1	0.133
pro_warm_up	29	7	50	8721.180	8.721180	False	1	0.499
pro_warm_up	29	8	50	15004.495	15.004495	False	1	0.541
pro_warm_up	30	1	50	14941.963	14.941963	False	1	0.374
pro_warm_up	30	2	50	19603.608	19.603608	False	1	0.485
pro_warm_up	30	3	50	11680.548	11.680548	False	1	0.133
pro_warm_up	30	4	50	8635.700	8.635700	False	1	0.499
pro_warm_up	30	5	50	20350.779	20.350779	False	1	0.436
pro_warm_up	30	6	50	8499.005	8.499005	False	1	0.133
pro_warm_up	30	7	50	15426.070	15.426070	True	1	0.783
pro_warm_up	30	8	50	19638.923	19.638923	False	1	0.436
pro_warm_up	30	9	50	8479.283	8.479283	False	1	0.499
pro_warm_up	30	10	50	18438.554	18.438554	False	1	0.473
pro_warm_up	30	11	50	16984.018	16.984018	False	1	0.518
pro_warm_up	30	12	50	2698.238	2.698238	False	1	0.133
pro_warm_up	31	1	50	10397.969	10.397969	False	1	0.133
pro_warm_up	31	2	50	2031.871	2.031871	False	1	0.133
pro_warm_up	31	3	50	15229.521	15.229521	False	1	0.479
pro_warm_up	31	4	50	2043.741	2.043741	False	1	0.133
pro_warm_up	31	5	50	20823.140	20.823140	False	1	0.458
pro_warm_up	31	6	50	9314.272	9.314272	False	1	0.133
pro_warm_up	31	7	50	20268.491	20.268491	False	1	0.446
pro_warm_up	31	8	50	9370.375	9.370375	False	1	0.499
pro_warm_up	31	9	50	17390.187	17.390187	False	1	0.133
pro_warm_up	31	10	50	19453.848	19.453848	False	1	0.47
pro_warm_up	31	11	50	27236.020	27.236020	False	1	0.536
pro_warm_up	31	12	50	19405.585	19.405585	False	1	0.381
pro_warm_up	31	13	50	18298.590	18.298590	False	1	0.418
pro_warm_up	31	14	50	2847.155	2.847155	False	1	0.133
pro_warm_up	31	15	50	14240.704	14.240704	False	1	0.133
pro_warm_up	31	16	50	18558.635	18.558635	False	1	0.502
pro_warm_up	32	1	50	22693.065	22.693065	True	1	0.801
pro_warm_up	32	2	50	17328.984	17.328984	False	1	0.388
pro_warm_up	32	3	50	17294.990	17.294990	False	1	0.367
pro_warm_up	32	4	50	18633.372	18.633372	False	1	0.133
pro_warm_up	32	5	50	20725.912	20.725912	False	1	0.515
pro_warm_up	32	6	50	4398.926	4.398926	False	1	0.133
pro_warm_up	33	1	50	17710.386	17.710386	False	1	0.456
pro_warm_up	33	2	50	4337.522	4.337522	False	1	0.133
pro_warm_up	33	3	50	3235.479	3.235479	False	1	0.133
pro_warm_up	33	4	50	8235.799	8.235799	False	1	0.133
pro_warm_up	33	5	50	20549.778	20.549778	False	1	0.133
pro_warm_up	34	1	50	18758.934	18.758934	False	1	0.458
pro_warm_up	34	2	50	17700.076	17.700076	False	1	0.384
pro_warm_up	34	3	50	13902.059	13.902059	False	1	0.458
pro_warm_up	34	4	50	15138.495	15.138495	False	1	0.133
pro_warm_up	34	5	50	15567.758	15.567758	False	1	0.416
pro_warm_up	34	6	50	12654.174	12.654174	False	1	0.133
pro_warm_up	35	1	50	16001.272	16.001272	False	1	0.448
pro_warm_up	35	2	50	12796.632	12.796632	False	1	0.133
pro_warm_up	35	3	50	16407.723	16.407723	False	1	0.482
pro_warm_up	35	4	50	13235.543	13.235543	False	1	0.133
pro_warm_up	35	5	50	17440.375	17.440375	False	1	0.133
pro_warm_up	35	6	50	15502.997	15.502997	False	1	0.43
pro_warm_up	35	7	50	3896.902	3.896902	False	1	0.133
pro_warm_up	35	8	50	2948.888	2.948888	False	1	0.133
pro_warm_up	36	1	50	10797.219	10.797219	False	1	0.133
pro_warm_up	36	2	50	12592.865	12.592865	False	1	0.133
pro_warm_up	36	3	50	15819.706	15.819706	False	1	0.133
pro_warm_up	36	4	50	21960.957	21.960957	False	1	0.456
pro_warm_up	36	5	50	15369.408	15.369408	False	1	0.133
pro_warm_up	36	6	50	15358.657	15.358657	False	1	0.475
pro_warm_up	36	7	50	20164.941	20.164941	False	1	0.462
pro_warm_up	36	8	50	11612.185	11.612185	False	1	0.133
pro_warm_up	36	9	50	17798.815	17.798815	False	1	0.133
pro_warm_up	36	10	50	24963.356	24.963356	True	1	0.823
pro_warm_up	36	11	50	13318.345	13.318345	False	1	0.133
pro_warm_up	36	12	50	14733.397	14.733397	False	1	0.133
pro_warm_up	36	13	50	3016.016	3.016016	False	1	0.133
pro_warm_up	36	14	50	19114.783	19.114783	False	1	0.398
pro_warm_up	36	15	50	14496.891	14.496891	False	1	0.473
pro_warm_up	37	1	50	19911.049	19.911049	False	1	0.401
pro_warm_up	37	2	50	19218.580	19.218580	False	1	0.405
pro_warm_up	37	3	50	7534.816	7.534816	False	1	0.499
pro_warm_up	37	4	50	20209.557	20.209557	False	1	0.447
pro_warm_up	37	5	50	19146.373	19.146373	False	1	0.461
pro_warm_up	37	6	50	15189.730	15.189730	True	1	0.829
pro_warm_up	37	7	50	11917.245	11.917245	False	1	0.133
pro_warm_up	37	8	50	24260.485	24.260485	False	1	0.472
pro_warm_up	37	9	50	20690.704	20.690704	False	1	0.453
pro_warm_up	37	10	50	12266.387	12.266387	False	1	0.133
pro_warm_up	37	11	50	2177.789	2.177789	False	1	0.133
pro_warm_up	38	1	50	12856.550	12.856550	False	1	0.133
pro_warm_up	38	2	50	41388.497	41.388497	False	1	0.436
pro_warm_up	38	3	50	20097.648	20.097648	False	1	0.498
pro_warm_up	38	4	50	13801.484	13.801484	True	1	0.829
pro_warm_up	38	5	50	14519.950	14.519950	False	1	0.379
pro_warm_up	38	6	50	11055.063	11.055063	False	1	0.133
pro_warm_up	38	7	50	18417.334	18.417334	False	1	0.551
pro_warm_up	38	8	50	4221.268	4.221268	False	1	0.133
pro_warm_up	38	9	50	17396.183	17.396183	False	1	0.457
pro_warm_up	39	1	50	4582.379	4.582379	False	1	0.133
pro_warm_up	39	2	50	13726.224	13.726224	True	1	0.822
pro_warm_up	39	3	50	17549.406	17.549406	False	1	0.448
pro_warm_up	39	4	50	13382.340	13.382340	False	1	0.133
pro_warm_up	39	5	50	2660.033	2.660033	False	1	0.133
pro_warm_up	39	6	50	13184.233	13.184233	False	1	0.133
pro_warm_up	39	7	50	2278.598	2.278598	False	1	0.133
pro_warm_up	40	1	50	4777.526	4.777526	False	1	0.133
pro_warm_up	40	2	50	9547.806	9.547806	False	1	0.133
pro_warm_up	40	3	50	14603.041	14.603041	False	1	0.383
pro_warm_up	40	4	50	13392.344	13.392344	False	1	0.133
pro_warm_up	40	5	50	9511.830	9.511830	False	1	0.499
pro_warm_up	40	6	50	7325.005	7.325005	False	1	0.499
pro_warm_up	40	7	50	16649.070	16.649070	False	1	0.405
pro_warm_up	40	8	50	14799.278	14.799278	False	1	0.133
pro_warm_up	40	9	50	1592.207	1.592207	False	1	0.133
pro_warm_up	40	10	50	10889.713	10.889713	False	1	0.133
pro_warm_up	41	1	50	4426.377	4.426377	False	1	0.133
pro_warm_up	41	2	50	14229.189	14.229189	False	1	0.133
pro_warm_up	41	3	50	3799.690	3.799690	False	1	0.133
pro_warm_up	41	4	50	41627.850	41.627850	False	1	0.133
pro_warm_up	42	1	50	16405.706	16.405706	False	1	0.399
pro_warm_up	42	2	50	4165.468	4.165468	False	1	0.133
pro_warm_up	42	3	50	2360.043	2.360043	False	1	0.133
pro_warm_up	42	4	50	20758.769	20.758769	False	1	0.414
pro_warm_up	42	5	50	2271.378	2.271378	False	1	0.133
pro_warm_up	42	6	50	14225.257	14.225257	False	1	0.382
pro_warm_up	42	7	50	17440.456	17.440456	False	1	0.391
pro_warm_up	42	8	50	10079.720	10.079720	False	1	0.133
pro_warm_up	42	9	50	2037.492	2.037492	False	1	0.133
pro_warm_up	43	1	50	18097.000	18.097000	False	1	0.133
pro_warm_up	43	2	50	16209.930	16.209930	False	1	0.416
pro_warm_up	43	3	50	16217.848	16.217848	False	1	0.415
pro_warm_up	43	4	50	7338.019	7.338019	False	1	0.499
pro_warm_up	43	5	50	28487.476	28.487476	False	1	0.512
pro_warm_up	43	6	50	4160.838	4.160838	False	1	0.133
pro_warm_up	43	7	50	16640.760	16.640760	False	1	0.431
pro_warm_up	43	8	50	7566.183	7.566183	False	1	0.499
pro_warm_up	43	9	50	18204.605	18.204605	False	1	0.44
pro_warm_up	43	10	50	3148.766	3.148766	False	1	0.133
pro_warm_up	44	1	50	1748.685	1.748685	False	1	0.133
pro_warm_up	44	2	50	8833.695	8.833695	False	1	0.133
pro_warm_up	44	3	50	16041.598	16.041598	False	1	0.378
pro_warm_up	44	4	50	2610.251	2.610251	False	1	0.133
pro_warm_up	44	5	50	1964.477	1.964477	False	1	0.133
pro_warm_up	44	6	50	7406.445	7.406445	False	1	0.133
pro_warm_up	44	7	50	10473.817	10.473817	False	1	0.133
pro_warm_up	45	1	50	5893.069	5.893069	False	1	0.133
pro_warm_up	45	2	50	2979.330	2.979330	False	1	0.133
pro_warm_up	45	3	50	2898.883	2.898883	False	1	0.133
pro_warm_up	45	4	50	15350.084	15.350084	True	1	0.718
pro_warm_up	45	5	50	2583.618	2.583618	False	1	0.133
pro_warm_up	45	6	50	22516.329	22.516329	False	1	0.387
pro_warm_up	45	7	50	25689.897	25.689897	False	1	0.43
pro_warm_up	45	8	50	2191.184	2.191184	False	1	0.133
pro_warm_up	45	9	50	23709.507	23.709507	False	1	0.452
pro_warm_up	46	1	50	21667.181	21.667181	False	1	0.42
pro_warm_up	46	2	50	13077.147	13.077147	False	1	0.133
pro_warm_up	46	3	50	8832.939	8.832939	False	1	0.499
pro_warm_up	46	4	50	17299.489	17.299489	False	1	0.417
pro_warm_up	46	5	50	20877.595	20.877595	False	1	0.494
pro_warm_up	46	6	50	13979.543	13.979543	False	1	0.133
pro_warm_up	46	7	50	3805.948	3.805948	False	1	0.133
pro_warm_up	46	8	50	15108.719	15.108719	True	1	0.782
pro_warm_up	46	9	50	17035.314	17.035314	False	1	0.391
pro_warm_up	46	10	50	21076.907	21.076907	False	1	0.486
pro_warm_up	46	11	50	17497.383	17.497383	False	1	0.464
pro_warm_up	46	12	50	14517.829	14.517829	False	1	0.133
pro_warm_up	46	13	50	16136.052	16.136052	False	1	0.385
pro_warm_up	47	1	50	17770.892	17.770892	False	1	0.426
pro_warm_up	47	2	50	18066.600	18.066600	False	1	0.4
pro_warm_up	47	3	50	14867.820	14.867820	False	1	0.133
pro_warm_up	47	4	50	20569.575	20.569575	False	1	0.39
pro_warm_up	47	5	50	9458.100	9.458100	False	1	0.133
pro_warm_up	47	6	50	17129.819	17.129819	False	1	0.428
pro_warm_up	48	1	50	21741.692	21.741692	False	1	0.133
pro_warm_up	48	2	50	17398.829	17.398829	False	1	0.504
pro_warm_up	48	3	50	11149.761	11.149761	False	1	0.133
pro_warm_up	48	4	50	7859.045	7.859045	False	1	0.133
pro_warm_up	48	5	50	2047.877	2.047877	False	1	0.133
pro_warm_up	48	6	50	16971.365	16.971365	False	1	0.451
pro_warm_up	48	7	50	2330.918	2.330918	False	1	0.133
pro_warm_up	49	1	50	14278.143	14.278143	False	1	0.505
pro_warm_up	49	2	50	9826.025	9.826025	False	1	0.499
pro_warm_up	49	3	50	17912.598	17.912598	False	1	0.372
pro_warm_up	49	4	50	4110.850	4.110850	False	1	0.133
pro_warm_up	49	5	50	13825.820	13.825820	False	1	0.133
pro_warm_up	49	6	50	13697.378	13.697378	False	1	0.457
pro_lifelong	0	1	50	14810.661	14.810661	False	1	0.133
pro_lifelong	0	2	50	21730.359	21.730359	False	1	0.412
pro_lifelong	0	3	50	4676.100	4.676100	False	1	0.133
pro_lifelong	0	4	50	2197.414	2.197414	False	1	0.133
pro_lifelong	0	5	50	15093.349	15.093349	False	1	0.133
pro_lifelong	0	6	50	9751.298	9.751298	False	1	0.133
pro_lifelong	1	1	50	16217.995	16.217995	False	1	0.424
pro_lifelong	1	2	50	3230.780	3.230780	False	1	0.133
pro_lifelong	1	3	50	23097.365	23.097365	False	1	0.444
pro_lifelong	1	4	50	9041.336	9.041336	False	1	0.133
pro_lifelong	1	5	50	9918.448	9.918448	False	1	0.499
pro_lifelong	1	6	50	2001.057	2.001057	False	1	0.133
pro_lifelong	1	7	50	28673.745	28.673745	False	1	0.434
pro_lifelong	1	8	50	3974.033	3.974033	False	1	0.133
pro_lifelong	1	9	50	1865.230	1.865230	False	1	0.133
pro_lifelong	1	10	50	10857.546	10.857546	False	1	0.133
pro_lifelong	2	1	50	2298.693	2.298693	False	1	0.133
pro_lifelong	2	2	50	3007.863	3.007863	False	1	0.133
pro_lifelong	2	3	50	18759.924	18.759924	False	1	0.358
pro_lifelong	2	4	50	44775.022	44.775022	False	1	0.522
pro_lifelong	2	5	50	26233.725	26.233725	False	1	0.478
pro_lifelong	2	6	50	20098.809	20.098809	False	1	0.44
pro_lifelong	2	7	50	2349.429	2.349429	False	1	0.133
pro_lifelong	2	8	50	19646.251	19.646251	False	1	0.496
pro_lifelong	2	9	50	41554.619	41.554619	False	1	0.491
pro_lifelong	3	1	50	16536.733	16.536733	False	1	0.428
pro_lifelong	3	2	50	4484.902	4.484902	False	1	0.133
pro_lifelong	3	3	50	9507.117	9.507117	False	1	0.133
pro_lifelong	3	4	50	2193.279	2.193279	False	1	0.133
pro_lifelong	3	5	50	13097.711	13.097711	False	1	0.133
pro_lifelong	4	1	50	3910.888	3.910888	False	1	0.133
pro_lifelong	4	2	50	11981.180	11.981180	False	1	0.133
pro_lifelong	4	3	50	13567.046	13.567046	False	1	0.448
pro_lifelong	4	4	50	2151.195	2.151195	False	1	0.133
pro_lifelong	4	5	50	15445.340	15.445340	False	1	0.451
pro_lifelong	4	6	50	13913.469	13.913469	False	1	0.133
pro_lifelong	4	7	50	15511.540	15.511540	False	1	0.47
pro_lifelong	4	8	50	18725.478	18.725478	False	1	0.482
pro_lifelong	4	9	50	16064.907	16.064907	False	1	0.403
pro_lifelong	4	10	50	14065.599	14.065599	False	1	0.133
pro_lifelong	4	11	50	17303.891	17.303891	False	1	0.133
pro_lifelong	4	12	50	33931.872	33.931872	False	1	0.133
pro_lifelong	4	13	50	8452.926	8.452926	False	1	0.499
pro_lifelong	4	14	50	16100.571	16.100571	False	1	0.133
pro_lifelong	4	15	50	25874.468	25.874468	False	1	0.133
pro_lifelong	4	16	50	2227.841	2.227841	False	1	0.133
pro_lifelong	4	17	50	16767.328	16.767328	False	1	0.57
pro_lifelong	4	18	50	15396.910	15.396910	False	1	0.487
pro_lifelong	4	19	50	15622.875	15.622875	False	1	0.509
pro_lifelong	4	20	50	17596.542	17.596542	False	1	0.472
pro_lifelong	4	21	50	22664.131	22.664131	False	1	0.133
pro_lifelong	4	22	50	2434.158	2.434158	False	1	0.133
pro_lifelong	5	1	50	3559.411	3.559411	False	1	0.133
pro_lifelong	5	2	50	11183.531	11.183531	False	1	0.133
pro_lifelong	5	3	50	24159.319	24.159319	False	1	0.133
pro_lifelong	5	4	50	2486.241	2.486241	False	1	0.133
pro_lifelong	6	1	50	10327.583	10.327583	False	1	0.133
pro_lifelong	6	2	50	25148.888	25.148888	False	1	0.438
pro_lifelong	6	3	50	12119.082	12.119082	False	1	0.438
pro_lifelong	6	4	50	3531.154	3.531154	False	1	0.133
pro_lifelong	6	5	50	25387.933	25.387933	False	1	0.441
pro_lifelong	6	6	50	18911.806	18.911806	False	1	0.133
pro_lifelong	6	7	50	12771.621	12.771621	False	1	0.133
pro_lifelong	7	1	50	23386.825	23.386825	False	1	0.432
pro_lifelong	7	2	50	13463.612	13.463612	False	1	0.453
pro_lifelong	7	3	50	17247.600	17.247600	False	1	0.447
pro_lifelong	7	4	50	3063.190	3.063190	False	1	0.133
pro_lifelong	7	5	50	2856.935	2.856935	False	1	0.133
pro_lifelong	7	6	50	25127.200	25.127200	False	1	0.432
pro_lifelong	7	7	50	15997.391	15.997391	False	1	0.133
pro_lifelong	8	1	50	21382.661	21.382661	False	1	0.411
pro_lifelong	8	2	50	2715.898	2.715898	False	1	0.133
pro_lifelong	8	3	50	18179.988	18.179988	False	1	0.388
pro_lifelong	8	4	50	16121.060	16.121060	False	1	0.424
pro_lifelong	8	5	50	24841.378	24.841378	False	1	0.133
pro_lifelong	8	6	50	14470.611	14.470611	False	1	0.469
pro_lifelong	8	7	50	13035.881	13.035881	False	1	0.133
pro_lifelong	8	8	50	18479.770	18.479770	False	1	0.463
pro_lifelong	8	9	50	14244.792	14.244792	False	1	0.133
pro_lifelong	8	10	50	9414.344	9.414344	False	1	0.133
pro_lifelong	8	11	50	1681.339	1.681339	False	1	0.133
pro_lifelong	9	1	50	18680.422	18.680422	False	1	0.434
pro_lifelong	9	2	50	33718.104	33.718104	False	1	0.499
pro_lifelong	9	3	50	3245.355	3.245355	False	1	0.133
pro_lifelong	9	4	50	15781.944	15.781944	False	1	0.133
pro_lifelong	9	5	50	14866.377	14.866377	False	1	0.133
pro_lifelong	9	6	50	18216.284	18.216284	False	1	0.489
pro_lifelong	9	7	50	2748.712	2.748712	False	1	0.133
pro_lifelong	10	1	50	16666.268	16.666268	False	1	0.501
pro_lifelong	10	2	50	12097.066	12.097066	False	1	0.133
pro_lifelong	10	3	50	23026.612	23.026612	False	1	0.377
pro_lifelong	10	4	50	2063.824	2.063824	False	1	0.133
pro_lifelong	10	5	50	16397.298	16.397298	False	1	0.472
pro_lifelong	10	6	50	16439.314	16.439314	False	1	0.44
pro_lifelong	11	1	50	12238.841	12.238841	False	1	0.133
pro_lifelong	11	2	50	23209.826	23.209826	True	1	0.815
pro_lifelong	12	1	50	3584.211	3.584211	False	1	0.133
pro_lifelong	12	2	50	22726.636	22.726636	True	1	0.876
pro_lifelong	13	1	50	15868.016	15.868016	False	1	0.407
pro_lifelong	13	2	50	18277.021	18.277021	False	1	0.133
pro_lifelong	13	3	50	19186.214	19.186214	False	1	0.395
pro_lifelong	13	4	50	17422.370	17.422370	False	1	0.444
pro_lifelong	13	5	50	21600.514	21.600514	False	1	0.435
pro_lifelong	13	6	50	19588.154	19.588154	False	1	0.421
pro_lifelong	13	7	50	10013.470	10.013470	False	1	0.366
pro_lifelong	13	8	50	18853.604	18.853604	False	1	0.365
pro_lifelong	13	9	50	3115.853	3.115853	False	1	0.366
pro_lifelong	14	1	50	15250.967	15.250967	False	1	0.487
pro_lifelong	14	2	50	13229.891	13.229891	False	1	0.133
pro_lifelong	14	3	50	14416.245	14.416245	False	1	0.133
pro_lifelong	14	4	50	13499.756	13.499756	False	1	0.133
pro_lifelong	14	5	50	20397.550	20.397550	False	1	0.432
pro_lifelong	14	6	50	13462.866	13.462866	False	1	0.133
pro_lifelong	15	1	50	14428.600	14.428600	False	1	0.133
pro_lifelong	15	2	50	15780.163	15.780163	False	1	0.442
pro_lifelong	15	3	50	18134.609	18.134609	False	1	0.367
pro_lifelong	15	4	50	14561.908	14.561908	False	1	0.5
pro_lifelong	15	5	50	2333.874	2.333874	False	1	0.133
pro_lifelong	15	6	50	22779.160	22.779160	False	1	0.442
pro_lifelong	15	7	50	20250.386	20.250386	False	1	0.47
pro_lifelong	15	8	50	14219.057	14.219057	False	1	0.495
pro_lifelong	15	9	50	18550.891	18.550891	False	1	0.133
pro_lifelong	16	1	50	18212.440	18.212440	False	1	0.474
pro_lifelong	16	2	50	16800.688	16.800688	False	1	0.387
pro_lifelong	16	3	50	9270.172	9.270172	False	1	0.133
pro_lifelong	16	4	50	12308.890	12.308890	False	1	0.133
pro_lifelong	16	5	50	13751.149	13.751149	False	1	0.133
pro_lifelong	16	6	50	26480.346	26.480346	False	1	0.453
pro_lifelong	17	1	50	14095.015	14.095015	False	1	0.133
pro_lifelong	17	2	50	13045.210	13.045210	False	1	0.133
pro_lifelong	17	3	50	15528.795	15.528795	False	1	0.133
pro_lifelong	17	4	50	17610.635	17.610635	False	1	0.443
pro_lifelong	17	5	50	21171.983	21.171983	False	1	0.522
pro_lifelong	17	6	50	17775.069	17.775069	False	1	0.431
pro_lifelong	17	7	50	13174.644	13.174644	False	1	0.133
pro_lifelong	17	8	50	17205.069	17.205069	False	1	0.527
pro_lifelong	17	9	50	2467.911	2.467911	False	1	0.133
pro_lifelong	17	10	50	18161.653	18.161653	False	1	0.476
pro_lifelong	18	1	50	19306.419	19.306419	False	1	0.495
pro_lifelong	18	2	50	12469.382	12.469382	True	1	0.737
pro_lifelong	19	1	50	16757.173	16.757173	False	1	0.481
pro_lifelong	19	2	50	17650.067	17.650067	False	1	0.454
pro_lifelong	19	3	50	14008.473	14.008473	False	1	0.133
pro_lifelong	19	4	50	23153.066	23.153066	False	1	0.432
pro_lifelong	19	5	50	4528.239	4.528239	False	1	0.133
pro_lifelong	19	6	50	19982.871	19.982871	False	1	0.435
pro_lifelong	20	1	50	14869.609	14.869609	False	1	0.133
pro_lifelong	20	2	50	21495.894	21.495894	False	1	0.404
pro_lifelong	20	3	50	18803.243	18.803243	False	1	0.413
pro_lifelong	20	4	50	3001.964	3.001964	False	1	0.133
pro_lifelong	20	5	50	19570.808	19.570808	False	1	0.363
pro_lifelong	20	6	50	30764.821	30.764821	False	1	0.413
pro_lifelong	20	7	50	19675.437	19.675437	False	1	0.418
pro_lifelong	20	8	50	7900.675	7.900675	False	1	0.499
pro_lifelong	20	9	50	12955.739	12.955739	False	1	0.133
pro_lifelong	20	10	50	20167.863	20.167863	False	1	0.438
pro_lifelong	20	11	50	2998.778	2.998778	False	1	0.133
pro_lifelong	20	12	50	51833.738	51.833738	False	1	0.491
pro_lifelong	20	13	50	18757.409	18.757409	False	1	0.403
pro_lifelong	21	1	50	26286.333	26.286333	False	1	0.541
pro_lifelong	21	2	50	18996.688	18.996688	False	1	0.414
pro_lifelong	21	3	50	4368.345	4.368345	False	1	0.133
pro_lifelong	21	4	50	10267.814	10.267814	False	1	0.499
pro_lifelong	21	5	50	15333.018	15.333018	False	1	0.397
pro_lifelong	21	6	50	8038.146	8.038146	False	1	0.499
pro_lifelong	22	1	50	11595.734	11.595734	False	1	0.133
pro_lifelong	22	2	50	12008.818	12.008818	False	1	0.133
pro_lifelong	22	3	50	3235.712	3.235712	False	1	0.133
pro_lifelong	22	4	50	12837.338	12.837338	False	1	0.133
pro_lifelong	23	1	50	2222.773	2.222773	False	1	0.133
pro_lifelong	23	2	50	17358.366	17.358366	False	1	0.421
pro_lifelong	23	3	50	2029.596	2.029596	False	1	0.133
pro_lifelong	23	4	50	7664.371	7.664371	False	1	0.499
pro_lifelong	23	5	50	14639.039	14.639039	False	1	0.133
pro_lifelong	23	6	50	11785.373	11.785373	False	1	0.407
pro_lifelong	23	7	50	2202.570	2.202570	False	1	0.133
pro_lifelong	23	8	50	6512.447	6.512447	False	1	0.133
pro_lifelong	23	9	50	19162.705	19.162705	False	1	0.423
pro_lifelong	24	1	50	5366.020	5.366020	False	1	0.133
pro_lifelong	24	2	50	11169.686	11.169686	False	1	0.133
pro_lifelong	24	3	50	2537.575	2.537575	False	1	0.133
pro_lifelong	24	4	50	16330.814	16.330814	False	1	0.133
pro_lifelong	25	1	50	19164.131	19.164131	False	1	0.392
pro_lifelong	25	2	50	21928.438	21.928438	False	1	0.374
pro_lifelong	25	3	50	11038.868	11.038868	False	1	0.367
pro_lifelong	25	4	50	20669.214	20.669214	False	1	0.375
pro_lifelong	25	5	50	19520.148	19.520148	False	1	0.393
pro_lifelong	25	6	50	19564.256	19.564256	False	1	0.352
pro_lifelong	26	1	50	17132.765	17.132765	False	1	0.421
pro_lifelong	26	2	50	18193.444	18.193444	False	1	0.425
pro_lifelong	26	3	50	11049.406	11.049406	False	1	0.133
pro_lifelong	26	4	50	3663.402	3.663402	False	1	0.133
pro_lifelong	26	5	50	2524.558	2.524558	False	1	0.133
pro_lifelong	26	6	50	13541.849	13.541849	False	1	0.133
pro_lifelong	27	1	50	4043.008	4.043008	False	1	0.133
pro_lifelong	27	2	50	12683.421	12.683421	False	1	0.43
pro_lifelong	27	3	50	17138.106	17.138106	False	1	0.461
pro_lifelong	27	4	50	2728.546	2.728546	False	1	0.133
pro_lifelong	27	5	50	14263.273	14.263273	False	1	0.133
pro_lifelong	27	6	50	18430.349	18.430349	False	1	0.386
pro_lifelong	27	7	50	13208.842	13.208842	False	1	0.133
pro_lifelong	27	8	50	19364.994	19.364994	False	1	0.133
pro_lifelong	28	1	50	20217.634	20.217634	False	1	0.394
pro_lifelong	28	2	50	3438.748	3.438748	False	1	0.133
pro_lifelong	28	3	50	2047.347	2.047347	False	1	0.133
pro_lifelong	28	4	50	1536.040	1.536040	False	1	0.133
pro_lifelong	28	5	50	2971.518	2.971518	False	1	0.133
pro_lifelong	29	1	50	17971.260	17.971260	False	1	0.542
pro_lifelong	29	2	50	23189.850	23.189850	False	1	0.522
pro_lifelong	29	3	50	17245.983	17.245983	False	1	0.133
pro_lifelong	29	4	50	7720.016	7.720016	False	1	0.507
pro_lifelong	29	5	50	19011.841	19.011841	False	1	0.502
pro_lifelong	29	6	50	18829.700	18.829700	False	1	0.469
pro_lifelong	30	1	50	42818.670	42.818670	False	1	0.445
pro_lifelong	30	2	50	7599.192	7.599192	False	1	0.407
pro_lifelong	30	3	50	18430.683	18.430683	False	1	0.462
pro_lifelong	30	4	50	15048.114	15.048114	False	1	0.432
pro_lifelong	30	5	50	16451.856	16.451856	True	1	0.712
pro_lifelong	31	1	50	12801.519	12.801519	False	1	0.416
pro_lifelong	31	2	50	19235.404	19.235404	False	1	0.458
pro_lifelong	31	3	50	2516.809	2.516809	False	1	0.416
pro_lifelong	31	4	50	21725.576	21.725576	False	1	0.455
pro_lifelong	31	5	50	2346.875	2.346875	False	1	0.416
pro_lifelong	31	6	50	17997.687	17.997687	False	1	0.424
pro_lifelong	31	7	50	14841.252	14.841252	False	1	0.459
pro_lifelong	32	1	50	10710.310	10.710310	False	1	0.133
pro_lifelong	32	2	50	13821.230	13.821230	True	1	0.808
pro_lifelong	33	1	50	15407.172	15.407172	False	1	0.133
pro_lifelong	33	2	50	18075.350	18.075350	False	1	0.414
pro_lifelong	33	3	50	15297.002	15.297002	False	1	0.431
pro_lifelong	33	4	50	16243.976	16.243976	False	1	0.415
pro_lifelong	33	5	50	16813.599	16.813599	False	1	0.455
pro_lifelong	33	6	50	11054.782	11.054782	False	1	0.133
pro_lifelong	33	7	50	11947.817	11.947817	False	1	0.415
pro_lifelong	33	8	50	8315.427	8.315427	False	1	0.412
pro_lifelong	33	9	50	22752.321	22.752321	False	1	0.418
pro_lifelong	33	10	50	20349.080	20.349080	False	1	0.413
pro_lifelong	34	1	50	20012.329	20.012329	False	1	0.414
pro_lifelong	34	2	50	11128.311	11.128311	False	1	0.427
pro_lifelong	34	3	50	23356.729	23.356729	False	1	0.453
pro_lifelong	34	4	50	19381.635	19.381635	False	1	0.428
pro_lifelong	34	5	50	19044.223	19.044223	False	1	0.43
pro_lifelong	34	6	50	18268.850	18.268850	False	1	0.428
pro_lifelong	34	7	50	22098.452	22.098452	False	1	0.468
pro_lifelong	34	8	50	16228.403	16.228403	False	1	0.427
pro_lifelong	34	9	50	4984.060	4.984060	False	1	0.427
pro_lifelong	34	10	50	19679.360	19.679360	False	1	0.502
pro_lifelong	34	11	50	18693.677	18.693677	False	1	0.471
pro_lifelong	34	12	50	16230.230	16.230230	False	1	0.376
pro_lifelong	34	13	50	17608.260	17.608260	False	1	0.428
pro_lifelong	34	14	50	18427.623	18.427623	False	1	0.377
pro_lifelong	34	15	50	4774.046	4.774046	False	1	0.427
pro_lifelong	35	1	50	20102.514	20.102514	False	1	0.425
pro_lifelong	35	2	50	9371.956	9.371956	False	1	0.434
pro_lifelong	35	3	50	18924.520	18.924520	False	1	0.441
pro_lifelong	35	4	50	13344.233	13.344233	False	1	0.434
pro_lifelong	35	5	50	14199.522	14.199522	False	1	0.133
pro_lifelong	35	6	50	17300.591	17.300591	False	1	0.433
pro_lifelong	35	7	50	14761.153	14.761153	False	1	0.526
pro_lifelong	35	8	50	21277.438	21.277438	False	1	0.443
pro_lifelong	35	9	50	20623.426	20.623426	False	1	0.446
pro_lifelong	35	10	50	10733.829	10.733829	False	1	0.434
pro_lifelong	35	11	50	1971.714	1.971714	False	1	0.434
pro_lifelong	35	12	50	20994.277	20.994277	False	1	0.431
pro_lifelong	36	1	50	17268.341	17.268341	False	1	0.408
pro_lifelong	36	2	50	10303.296	10.303296	False	1	0.421
pro_lifelong	36	3	50	21666.754	21.666754	False	1	0.429
pro_lifelong	36	4	50	1997.354	1.997354	False	1	0.421
pro_lifelong	36	5	50	17606.231	17.606231	False	1	0.412
pro_lifelong	36	6	50	12136.045	12.136045	False	1	0.421
pro_lifelong	36	7	50	21681.632	21.681632	False	1	0.461
pro_lifelong	36	8	50	22920.992	22.920992	False	1	0.421
pro_lifelong	36	9	50	17970.711	17.970711	False	1	0.431
pro_lifelong	36	10	50	31544.930	31.544930	False	1	0.438
pro_lifelong	36	11	50	20460.965	20.460965	False	1	0.431
pro_lifelong	36	12	50	3107.088	3.107088	False	1	0.421
pro_lifelong	37	1	50	17554.656	17.554656	False	1	0.478
pro_lifelong	37	2	50	10231.241	10.231241	False	1	0.421
pro_lifelong	37	3	50	17107.520	17.107520	False	1	0.426
pro_lifelong	37	4	50	21077.825	21.077825	False	1	0.393
pro_lifelong	37	5	50	21038.130	21.038130	False	1	0.461
pro_lifelong	37	6	50	10969.996	10.969996	False	1	0.426
pro_lifelong	38	1	50	18373.920	18.373920	False	1	0.426
pro_lifelong	38	2	50	26766.187	26.766187	False	1	0.437
pro_lifelong	38	3	50	13478.359	13.478359	False	1	0.42
pro_lifelong	38	4	50	18995.040	18.995040	False	1	0.425
pro_lifelong	38	5	50	17732.001	17.732001	False	1	0.403
pro_lifelong	38	6	50	17524.770	17.524770	False	1	0.422
pro_lifelong	38	7	50	8250.717	8.250717	False	1	0.418
pro_lifelong	39	1	50	14662.289	14.662289	False	1	0.448
pro_lifelong	39	2	50	20508.355	20.508355	False	1	0.426
pro_lifelong	39	3	50	21847.455	21.847455	False	1	0.502
pro_lifelong	39	4	50	17391.156	17.391156	False	1	0.382
pro_lifelong	39	5	50	19746.932	19.746932	False	1	0.43
pro_lifelong	39	6	50	27281.852	27.281852	False	1	0.432
pro_lifelong	39	7	50	7708.621	7.708621	False	1	0.429
pro_lifelong	39	8	50	20579.981	20.579981	False	1	0.457
pro_lifelong	40	1	50	8457.784	8.457784	False	1	0.434
pro_lifelong	40	2	50	18183.740	18.183740	False	1	0.436
pro_lifelong	40	3	50	19589.992	19.589992	False	1	0.406
pro_lifelong	40	4	50	18165.189	18.165189	False	1	0.133
pro_lifelong	40	5	50	19311.057	19.311057	False	1	0.423
pro_lifelong	40	6	50	15548.254	15.548254	False	1	0.425
pro_lifelong	41	1	50	7738.672	7.738672	False	1	0.416
pro_lifelong	41	2	50	19469.748	19.469748	False	1	0.418
pro_lifelong	41	3	50	16662.115	16.662115	False	1	0.407
pro_lifelong	41	4	50	21993.580	21.993580	False	1	0.387
pro_lifelong	41	5	50	14563.196	14.563196	False	1	0.427
pro_lifelong	41	6	50	18622.545	18.622545	False	1	0.395
pro_lifelong	41	7	50	16557.057	16.557057	False	1	0.404
pro_lifelong	41	8	50	19219.409	19.219409	False	1	0.412
pro_lifelong	41	9	50	19177.582	19.177582	False	1	0.407
pro_lifelong	41	10	50	6833.354	6.833354	False	1	0.416
pro_lifelong	42	1	50	9478.534	9.478534	False	1	0.133
pro_lifelong	42	2	50	7518.374	7.518374	False	1	0.133
pro_lifelong	42	3	50	11600.930	11.600930	False	1	0.133
pro_lifelong	42	4	50	11201.225	11.201225	False	1	0.133
pro_lifelong	43	1	50	19993.061	19.993061	False	1	0.414
pro_lifelong	43	2	50	18521.447	18.521447	False	1	0.451
pro_lifelong	43	3	50	15449.183	15.449183	False	1	0.133
pro_lifelong	43	4	50	10742.047	10.742047	False	1	0.133
pro_lifelong	43	5	50	14413.344	14.413344	False	1	0.133
pro_lifelong	43	6	50	1970.547	1.970547	False	1	0.133
pro_lifelong	44	1	50	8450.361	8.450361	False	1	0.431
pro_lifelong	44	2	50	22232.998	22.232998	False	1	0.424
pro_lifelong	44	3	50	16027.405	16.027405	False	1	0.424
pro_lifelong	44	4	50	16827.889	16.827889	False	1	0.4
pro_lifelong	44	5	50	18416.464	18.416464	False	1	0.513
pro_lifelong	44	6	50	4165.966	4.165966	False	1	0.431
pro_lifelong	44	7	50	3427.760	3.427760	False	1	0.431
pro_lifelong	44	8	50	10633.138	10.633138	False	1	0.424
pro_lifelong	44	9	50	18733.777	18.733777	False	1	0.362
pro_lifelong	44	10	50	2293.332	2.293332	False	1	0.431
pro_lifelong	45	1	50	4973.875	4.973875	False	1	0.133
pro_lifelong	45	2	50	2435.316	2.435316	False	1	0.133
pro_lifelong	45	3	50	21756.734	21.756734	False	1	0.469
pro_lifelong	45	4	50	14341.101	14.341101	False	1	0.133
pro_lifelong	45	5	50	19487.135	19.487135	False	1	0.459
pro_lifelong	45	6	50	16103.907	16.103907	False	1	0.133
pro_lifelong	45	7	50	2037.060	2.037060	False	1	0.133
pro_lifelong	45	8	50	22133.606	22.133606	False	1	0.415
pro_lifelong	46	1	50	14781.098	14.781098	False	1	0.133
pro_lifelong	46	2	50	17411.585	17.411585	False	1	0.371
pro_lifelong	46	3	50	4936.072	4.936072	False	1	0.133
pro_lifelong	46	4	50	24491.790	24.491790	False	1	0.407
pro_lifelong	46	5	50	20604.583	20.604583	False	1	0.387
pro_lifelong	46	6	50	19920.362	19.920362	False	1	0.405
pro_lifelong	46	7	50	11887.786	11.887786	False	1	0.407
pro_lifelong	46	8	50	19028.061	19.028061	False	1	0.466
pro_lifelong	46	9	50	17055.852	17.055852	False	1	0.425
pro_lifelong	46	10	50	3849.587	3.849587	False	1	0.133
pro_lifelong	46	11	50	17381.560	17.381560	False	1	0.417
pro_lifelong	46	12	50	9957.439	9.957439	False	1	0.407
pro_lifelong	46	13	50	21474.692	21.474692	False	1	0.417
pro_lifelong	47	1	50	23866.556	23.866556	False	1	0.402
pro_lifelong	47	2	50	17128.919	17.128919	False	1	0.421
pro_lifelong	47	3	50	19656.696	19.656696	False	1	0.406
pro_lifelong	47	4	50	15289.670	15.289670	False	1	0.396
pro_lifelong	47	5	50	16689.161	16.689161	False	1	0.401
pro_lifelong	47	6	50	2960.384	2.960384	False	1	0.401
pro_lifelong	47	7	50	2500.584	2.500584	False	1	0.401
pro_lifelong	48	1	50	17858.386	17.858386	False	1	0.509
pro_lifelong	48	2	50	16728.341	16.728341	False	1	0.421
pro_lifelong	48	3	50	20733.623	20.733623	False	1	0.395
pro_lifelong	48	4	50	10540.505	10.540505	False	1	0.416
pro_lifelong	48	5	50	19416.842	19.416842	False	1	0.427
pro_lifelong	48	6	50	18654.405	18.654405	False	1	0.453
pro_lifelong	49	1	50	20623.934	20.623934	False	1	0.359
pro_lifelong	49	2	50	13104.900	13.104900	False	1	0.133
pro_lifelong	49	3	50	17599.004	17.599004	False	1	0.426
pro_lifelong	49	4	50	16993.240	16.993240	False	1	0.133
pro_lifelong	49	5	50	22158.818	22.158818	False	1	0.468
pro_lifelong	49	6	50	5217.327	5.217327	False	1	0.133
pro_lifelong	49	7	50	11234.324	11.234324	False	1	0.133
pro_lifelong	49	8	50	18199.362	18.199362	False	1	0.465
pro_lifelong	49	9	50	2437.472	2.437472	False	1	0.133
pro_lifelong	49	10	50	15954.312	15.954312	False	1	0.133
pro_lifelong	50	1	50	21428.622	21.428622	False	1	0.423
pro_lifelong	50	2	50	5715.708	5.715708	False	1	0.133
pro_lifelong	50	3	50	20856.960	20.856960	False	1	0.133
pro_lifelong	50	4	50	11110.212	11.110212	False	1	0.133
pro_lifelong	50	5	50	2815.591	2.815591	False	1	0.133
pro_lifelong	51	1	50	17612.527	17.612527	False	1	0.423
pro_lifelong	51	2	50	19933.977	19.933977	False	1	0.417
pro_lifelong	51	3	50	18582.079	18.582079	False	1	0.405
pro_lifelong	51	4	50	5182.870	5.182870	False	1	0.133
pro_lifelong	51	5	50	17075.316	17.075316	False	1	0.454
pro_lifelong	51	6	50	3280.851	3.280851	False	1	0.133
pro_lifelong	51	7	50	19012.281	19.012281	False	1	0.413
pro_lifelong	51	8	50	9895.974	9.895974	False	1	0.133
pro_lifelong	51	9	50	18959.179	18.959179	False	1	0.44
pro_lifelong	51	10	50	2326.515	2.326515	False	1	0.133
pro_lifelong	52	1	50	17484.944	17.484944	False	1	0.41
pro_lifelong	52	2	50	20785.725	20.785725	False	1	0.437
pro_lifelong	52	3	50	17763.352	17.763352	False	1	0.41
pro_lifelong	52	4	50	2201.527	2.201527	False	1	0.41
pro_lifelong	52	5	50	19732.295	19.732295	False	1	0.411
pro_lifelong	52	6	50	4325.259	4.325259	False	1	0.41
pro_lifelong	52	7	50	2798.977	2.798977	False	1	0.41
pro_lifelong	53	1	50	19349.531	19.349531	False	1	0.437
pro_lifelong	53	2	50	17485.160	17.485160	False	1	0.44
pro_lifelong	53	3	50	10181.183	10.181183	False	1	0.414
pro_lifelong	53	4	50	20992.635	20.992635	False	1	0.425
pro_lifelong	53	5	50	9045.472	9.045472	False	1	0.414
pro_lifelong	53	6	50	10875.040	10.875040	False	1	0.414
pro_lifelong	54	1	50	14717.222	14.717222	False	1	0.133
pro_lifelong	54	2	50	10794.259	10.794259	False	1	0.417
pro_lifelong	54	3	50	4290.645	4.290645	False	1	0.417
pro_lifelong	54	4	50	23533.518	23.533518	False	1	0.408
pro_lifelong	54	5	50	18571.466	18.571466	False	1	0.412
pro_lifelong	54	6	50	3120.398	3.120398	False	1	0.417
pro_lifelong	54	7	50	18824.046	18.824046	False	1	0.411
pro_lifelong	55	1	50	19195.313	19.195313	False	1	0.477
pro_lifelong	55	2	50	19661.345	19.661345	False	1	0.398
pro_lifelong	55	3	50	15806.868	15.806868	True	1	0.777
pro_lifelong	56	1	50	11526.320	11.526320	False	1	0.434
pro_lifelong	56	2	50	17473.979	17.473979	False	1	0.52
pro_lifelong	56	3	50	2542.294	2.542294	False	1	0.52
pro_lifelong	56	4	50	13968.060	13.968060	False	1	0.133
pro_lifelong	56	5	50	9410.886	9.410886	False	1	0.52
pro_lifelong	56	6	50	16355.221	16.355221	False	1	0.426
pro_lifelong	56	7	50	10364.429	10.364429	False	1	0.52
pro_lifelong	57	1	50	12099.460	12.099460	False	1	0.133
pro_lifelong	57	2	50	19299.424	19.299424	False	1	0.426
pro_lifelong	57	3	50	29270.797	29.270797	False	1	0.502
pro_lifelong	57	4	50	15157.721	15.157721	False	1	0.357
pro_lifelong	57	5	50	4101.330	4.101330	False	1	0.133
pro_lifelong	57	6	50	19520.614	19.520614	False	1	0.133
pro_lifelong	57	7	50	15681.252	15.681252	True	1	0.79
pro_lifelong	58	1	50	22084.240	22.084240	False	1	0.406
pro_lifelong	58	2	50	16256.398	16.256398	False	1	0.406
pro_lifelong	58	3	50	16784.570	16.784570	False	1	0.433
pro_lifelong	58	4	50	29169.134	29.169134	False	1	0.4
pro_lifelong	58	5	50	18729.343	18.729343	False	1	0.473
pro_lifelong	58	6	50	27163.778	27.163778	False	1	0.513
pro_lifelong	58	7	50	18698.641	18.698641	False	1	0.444
pro_lifelong	58	8	50	19358.856	19.358856	False	1	0.133
pro_lifelong	58	9	50	19640.956	19.640956	False	1	0.513
pro_lifelong	58	10	50	17707.702	17.707702	False	1	0.387
pro_lifelong	58	11	50	15084.155	15.084155	False	1	0.513
pro_lifelong	59	1	50	24121.729	24.121729	False	1	0.133
pro_lifelong	59	2	50	23703.118	23.703118	False	1	0.527
pro_lifelong	59	3	50	17167.284	17.167284	False	1	0.593
pro_lifelong	59	4	50	11021.569	11.021569	False	1	0.133
pro_lifelong	59	5	50	29000.598	29.000598	False	1	0.524
pro_lifelong	59	6	50	21103.754	21.103754	False	1	0.133
pro_lifelong	59	7	50	8342.228	8.342228	False	1	0.565
pro_lifelong	59	8	50	32282.807	32.282807	False	1	0.559
pro_lifelong	60	1	50	14562.579	14.562579	False	1	0.455
pro_lifelong	60	2	50	33786.114	33.786114	False	1	0.512
pro_lifelong	60	3	50	16962.032	16.962032	False	1	0.44
pro_lifelong	60	4	50	18689.526	18.689526	False	1	0.133
pro_lifelong	60	5	50	14238.229	14.238229	False	1	0.133
pro_lifelong	60	6	50	14459.186	14.459186	False	1	0.133
pro_lifelong	60	7	50	21148.711	21.148711	False	1	0.44
pro_lifelong	61	1	50	17200.625	17.200625	False	1	0.424
pro_lifelong	61	2	50	15445.056	15.445056	False	1	0.419
pro_lifelong	61	3	50	16058.287	16.058287	False	1	0.405
pro_lifelong	61	4	50	13774.835	13.774835	False	1	0.133
pro_lifelong	61	5	50	13216.915	13.216915	False	1	0.133
pro_lifelong	61	6	50	17586.221	17.586221	False	1	0.398
pro_lifelong	62	1	50	23794.576	23.794576	False	1	0.438
pro_lifelong	62	2	50	14383.924	14.383924	False	1	0.133
pro_lifelong	62	3	50	22028.231	22.028231	False	1	0.406
pro_lifelong	62	4	50	12160.441	12.160441	False	1	0.133
pro_lifelong	62	5	50	3982.321	3.982321	False	1	0.133
pro_lifelong	62	6	50	14097.201	14.097201	False	1	0.133
pro_lifelong	63	1	50	4094.635	4.094635	False	1	0.133
pro_lifelong	63	2	50	22863.001	22.863001	False	1	0.423
pro_lifelong	63	3	50	20129.348	20.129348	False	1	0.449
pro_lifelong	63	4	50	18478.716	18.478716	False	1	0.438
pro_lifelong	63	5	50	19546.202	19.546202	False	1	0.428
pro_lifelong	63	6	50	15142.453	15.142453	False	1	0.133
pro_lifelong	63	7	50	18016.606	18.016606	False	1	0.387
pro_lifelong	63	8	50	28835.797	28.835797	False	1	0.444
pro_lifelong	64	1	50	22969.185	22.969185	False	1	0.462
pro_lifelong	64	2	50	15961.608	15.961608	False	1	0.407
pro_lifelong	64	3	50	18200.617	18.200617	False	1	0.423
pro_lifelong	64	4	50	5464.304	5.464304	False	1	0.133
pro_lifelong	64	5	50	14479.986	14.479986	False	1	0.133
pro_lifelong	64	6	50	17908.576	17.908576	False	1	0.385
pro_lifelong	65	1	50	10873.000	10.873000	False	1	0.133
pro_lifelong	65	2	50	15258.345	15.258345	False	1	0.439
pro_lifelong	65	3	50	17467.764	17.467764	False	1	0.382
pro_lifelong	65	4	50	17971.985	17.971985	False	1	0.4
pro_lifelong	65	5	50	18374.207	18.374207	False	1	0.408
pro_lifelong	65	6	50	23830.464	23.830464	False	1	0.449
pro_lifelong	65	7	50	18606.611	18.606611	False	1	0.133
pro_lifelong	65	8	50	13393.665	13.393665	False	1	0.133
pro_lifelong	65	9	50	17053.149	17.053149	False	1	0.392
pro_lifelong	65	10	50	3447.429	3.447429	False	1	0.133
pro_lifelong	65	11	50	1970.197	1.970197	False	1	0.133
pro_lifelong	66	1	50	17168.697	17.168697	False	1	0.441
pro_lifelong	66	2	50	2853.471	2.853471	False	1	0.133
pro_lifelong	66	3	50	24154.032	24.154032	False	1	0.516
pro_lifelong	66	4	50	2836.662	2.836662	False	1	0.133
pro_lifelong	66	5	50	17428.561	17.428561	False	1	0.444
pro_lifelong	66	6	50	24567.568	24.567568	False	1	0.42
pro_lifelong	66	7	50	5163.317	5.163317	False	1	0.133
pro_lifelong	66	8	50	28523.434	28.523434	False	1	0.399
pro_lifelong	67	1	50	23889.052	23.889052	True	1	0.942
pro_lifelong	68	1	50	19163.030	19.163030	False	1	0.399
pro_lifelong	68	2	50	14879.351	14.879351	False	1	0.133
pro_lifelong	68	3	50	20749.152	20.749152	False	1	0.461
pro_lifelong	68	4	50	3115.634	3.115634	False	1	0.133
pro_lifelong	68	5	50	13795.103	13.795103	False	1	0.133
pro_lifelong	68	6	50	8682.948	8.682948	False	1	0.133
pro_lifelong	68	7	50	18545.921	18.545921	False	1	0.133
pro_lifelong	69	1	50	15879.998	15.879998	False	1	0.469
pro_lifelong	69	2	50	19772.404	19.772404	False	1	0.462
pro_lifelong	69	3	50	8155.012	8.155012	False	1	0.411
pro_lifelong	69	4	50	18140.908	18.140908	False	1	0.407
pro_lifelong	69	5	50	21393.349	21.393349	False	1	0.466
pro_lifelong	69	6	50	15516.330	15.516330	False	1	0.395
pro_lifelong	70	1	50	3551.339	3.551339	False	1	0.133
pro_lifelong	70	2	50	2904.460	2.904460	False	1	0.133
pro_lifelong	70	3	50	10447.501	10.447501	False	1	0.133
pro_lifelong	70	4	50	12342.749	12.342749	False	1	0.133
pro_lifelong	71	1	50	18542.477	18.542477	False	1	0.445
pro_lifelong	71	2	50	18371.172	18.371172	False	1	0.376
pro_lifelong	71	3	50	8676.613	8.676613	False	1	0.423
pro_lifelong	71	4	50	49110.049	49.110049	False	1	0.47
pro_lifelong	71	5	50	29109.969	29.109969	False	1	0.455
pro_lifelong	71	6	50	10125.940	10.125940	False	1	0.499
pro_lifelong	71	7	50	36225.999	36.225999	False	1	0.464
pro_lifelong	71	8	50	62563.012	62.563012	False	1	0.423
pro_lifelong	71	9	50	26977.463	26.977463	False	1	0.405
pro_lifelong	71	10	50	36270.286	36.270286	False	1	0.481
pro_lifelong	71	11	50	18462.831	18.462831	False	1	0.412
pro_lifelong	72	1	50	13769.998	13.769998	False	1	0.133
pro_lifelong	72	2	50	13654.003	13.654003	False	1	0.133
pro_lifelong	72	3	50	20223.508	20.223508	False	1	0.366
pro_lifelong	72	4	50	19841.532	19.841532	False	1	0.398
pro_lifelong	72	5	50	18319.726	18.319726	False	1	0.133
pro_lifelong	72	6	50	16042.270	16.042270	False	1	0.386
pro_lifelong	72	7	50	11326.963	11.326963	False	1	0.133
pro_lifelong	72	8	50	16772.383	16.772383	False	1	0.438
pro_lifelong	72	9	50	16325.678	16.325678	False	1	0.4
pro_lifelong	72	10	50	18627.329	18.627329	False	1	0.405
pro_lifelong	72	11	50	13790.224	13.790224	False	1	0.133
pro_lifelong	72	12	50	20353.349	20.353349	False	1	0.471
pro_lifelong	72	13	50	19930.160	19.930160	False	1	0.337
pro_lifelong	72	14	50	19111.764	19.111764	False	1	0.453
pro_lifelong	72	15	50	26131.005	26.131005	False	1	0.427
pro_lifelong	72	16	50	22011.767	22.011767	True	1	0.79
pro_lifelong	73	1	50	10585.657	10.585657	False	1	0.133
pro_lifelong	73	2	50	10775.644	10.775644	False	1	0.133
pro_lifelong	73	3	50	20076.315	20.076315	False	1	0.466
pro_lifelong	73	4	50	17059.792	17.059792	False	1	0.133
pro_lifelong	73	5	50	10852.003	10.852003	False	1	0.133
pro_lifelong	73	6	50	2399.670	2.399670	False	1	0.133
pro_lifelong	73	7	50	19814.816	19.814816	False	1	0.457
pro_lifelong	73	8	50	17310.455	17.310455	False	1	0.133
pro_lifelong	74	1	50	16705.051	16.705051	False	1	0.459
pro_lifelong	74	2	50	21280.436	21.280436	False	1	0.488
pro_lifelong	74	3	50	13157.793	13.157793	False	1	0.133
pro_lifelong	74	4	50	2705.905	2.705905	False	1	0.459
pro_lifelong	74	5	50	1630.483	1.630483	False	1	0.459
pro_lifelong	74	6	50	17445.995	17.445995	False	1	0.46
pro_lifelong	74	7	50	19996.178	19.996178	False	1	0.511
pro_lifelong	74	8	50	16254.927	16.254927	False	1	0.378
pro_lifelong	74	9	50	12114.826	12.114826	False	1	0.133
pro_lifelong	74	10	50	16880.356	16.880356	False	1	0.461
pro_lifelong	74	11	50	20379.667	20.379667	False	1	0.415
pro_lifelong	74	12	50	18292.382	18.292382	False	1	0.437
pro_lifelong	75	1	50	58279.157	58.279157	True	1	0.865
pro_lifelong	76	1	50	13882.254	13.882254	False	1	0.133
pro_lifelong	76	2	50	4560.144	4.560144	False	1	0.133
pro_lifelong	76	3	50	13193.246	13.193246	False	1	0.133
pro_lifelong	76	4	50	15090.069	15.090069	False	1	0.133
pro_lifelong	77	1	50	18489.726	18.489726	False	1	0.527
pro_lifelong	77	2	50	17631.075	17.631075	False	1	0.558
pro_lifelong	77	3	50	33991.864	33.991864	False	1	0.547
pro_lifelong	77	4	50	19689.475	19.689475	False	1	0.133
pro_lifelong	77	5	50	4411.128	4.411128	False	1	0.133
pro_lifelong	77	6	50	2381.789	2.381789	False	1	0.133
pro_lifelong	77	7	50	15781.791	15.781791	False	1	0.521
pro_lifelong	78	1	50	17763.344	17.763344	False	1	0.505
pro_lifelong	78	2	50	20984.121	20.984121	False	1	0.431
pro_lifelong	78	3	50	15312.140	15.312140	False	1	0.468
pro_lifelong	78	4	50	26568.349	26.568349	False	1	0.51
pro_lifelong	78	5	50	3244.646	3.244646	False	1	0.468
pro_lifelong	78	6	50	14720.817	14.720817	False	1	0.133
pro_lifelong	79	1	50	9654.872	9.654872	False	1	0.133
pro_lifelong	79	2	50	17629.957	17.629957	False	1	0.466
pro_lifelong	79	3	50	11700.104	11.700104	False	1	0.466
pro_lifelong	79	4	50	3204.398	3.204398	False	1	0.466
pro_lifelong	79	5	50	18528.252	18.528252	False	1	0.497
pro_lifelong	79	6	50	11692.051	11.692051	False	1	0.466
pro_lifelong	79	7	50	17050.587	17.050587	False	1	0.534
pro_lifelong	79	8	50	18725.540	18.725540	False	1	0.46
pro_lifelong	79	9	50	18823.262	18.823262	False	1	0.484
pro_lifelong	79	10	50	33028.559	33.028559	False	1	0.516
pro_lifelong	79	11	50	21646.697	21.646697	False	1	0.45
pro_lifelong	79	12	50	2358.360	2.358360	False	1	0.466
pro_lifelong	80	1	50	9205.663	9.205663	False	1	0.471
pro_lifelong	80	2	50	16527.435	16.527435	False	1	0.556
pro_lifelong	80	3	50	11478.554	11.478554	False	1	0.471
pro_lifelong	80	4	50	29287.555	29.287555	False	1	0.47
pro_lifelong	80	5	50	19172.075	19.172075	False	1	0.511
pro_lifelong	80	6	50	20298.132	20.298132	False	1	0.482
pro_lifelong	80	7	50	13549.716	13.549716	False	1	0.471
pro_lifelong	81	1	50	11477.170	11.477170	False	1	0.133
pro_lifelong	81	2	50	17086.091	17.086091	False	1	0.353
pro_lifelong	81	3	50	21214.027	21.214027	True	1	0.722
pro_lifelong	82	1	50	14764.389	14.764389	False	1	0.417
pro_lifelong	82	2	50	16832.862	16.832862	False	1	0.417
pro_lifelong	82	3	50	13173.476	13.173476	False	1	0.133
pro_lifelong	82	4	50	13640.770	13.640770	False	1	0.412
pro_lifelong	82	5	50	10311.308	10.311308	False	1	0.133
pro_lifelong	82	6	50	25774.133	25.774133	False	1	0.449
pro_lifelong	82	7	50	15842.177	15.842177	False	1	0.393
pro_lifelong	82	8	50	19599.212	19.599212	False	1	0.44
pro_lifelong	82	9	50	10075.860	10.075860	False	1	0.432
pro_lifelong	82	10	50	20426.379	20.426379	False	1	0.412
pro_lifelong	82	11	50	7718.900	7.718900	False	1	0.133
pro_lifelong	83	1	50	13258.929	13.258929	False	1	0.133
pro_lifelong	83	2	50	18180.985	18.180985	False	1	0.478
pro_lifelong	83	3	50	15901.961	15.901961	False	1	0.472
pro_lifelong	83	4	50	18151.676	18.151676	False	1	0.386
pro_lifelong	83	5	50	14620.181	14.620181	False	1	0.133
pro_lifelong	83	6	50	19534.911	19.534911	False	1	0.133
pro_lifelong	83	7	50	2338.724	2.338724	False	1	0.133
pro_lifelong	84	1	50	15155.371	15.155371	False	1	0.428
pro_lifelong	84	2	50	18858.362	18.858362	False	1	0.133
pro_lifelong	84	3	50	18788.919	18.788919	False	1	0.486
pro_lifelong	84	4	50	17482.255	17.482255	False	1	0.432
pro_lifelong	84	5	50	11322.860	11.322860	False	1	0.428
pro_lifelong	84	6	50	24235.775	24.235775	False	1	0.427
pro_lifelong	84	7	50	10874.744	10.874744	False	1	0.428
pro_lifelong	84	8	50	15033.653	15.033653	False	1	0.468
pro_lifelong	85	1	50	19207.924	19.207924	False	1	0.449
pro_lifelong	85	2	50	29017.987	29.017987	False	1	0.51
pro_lifelong	85	3	50	9677.993	9.677993	False	1	0.133
pro_lifelong	85	4	50	22601.721	22.601721	True	1	0.864
pro_lifelong	86	1	50	15117.494	15.117494	False	1	0.459
pro_lifelong	86	2	50	21405.659	21.405659	False	1	0.44
pro_lifelong	86	3	50	3308.744	3.308744	False	1	0.133
pro_lifelong	86	4	50	19139.871	19.139871	False	1	0.49
pro_lifelong	86	5	50	8867.792	8.867792	False	1	0.499
pro_lifelong	86	6	50	14424.314	14.424314	False	1	0.133
pro_lifelong	86	7	50	29042.602	29.042602	False	1	0.461
pro_lifelong	86	8	50	22852.648	22.852648	False	1	0.475
pro_lifelong	86	9	50	4494.660	4.494660	False	1	0.133
pro_lifelong	87	1	50	18790.992	18.790992	False	1	0.133
pro_lifelong	87	2	50	2441.467	2.441467	False	1	0.133
pro_lifelong	87	3	50	8090.598	8.090598	False	1	0.133
pro_lifelong	87	4	50	1574.712	1.574712	False	1	0.133
pro_lifelong	88	1	50	22457.653	22.457653	False	1	0.416
pro_lifelong	88	2	50	18863.567	18.863567	False	1	0.439
pro_lifelong	88	3	50	17989.681	17.989681	False	1	0.434
pro_lifelong	88	4	50	15406.159	15.406159	False	1	0.133
pro_lifelong	88	5	50	16065.511	16.065511	False	1	0.426
pro_lifelong	88	6	50	15475.376	15.475376	False	1	0.133
pro_lifelong	88	7	50	2047.483	2.047483	False	1	0.133
pro_lifelong	89	1	50	14132.680	14.132680	False	1	0.432
pro_lifelong	89	2	50	14566.568	14.566568	False	1	0.133
pro_lifelong	89	3	50	19655.591	19.655591	False	1	0.458
pro_lifelong	89	4	50	31023.531	31.023531	False	1	0.411
pro_lifelong	89	5	50	16801.824	16.801824	False	1	0.348
pro_lifelong	89	6	50	9581.149	9.581149	False	1	0.133
pro_lifelong	89	7	50	19479.101	19.479101	False	1	0.373
pro_lifelong	89	8	50	18963.778	18.963778	False	1	0.477
pro_lifelong	89	9	50	2142.831	2.142831	False	1	0.133
pro_lifelong	89	10	50	18823.139	18.823139	False	1	0.396
pro_lifelong	89	11	50	2983.176	2.983176	False	1	0.133
pro_lifelong	89	12	50	1704.158	1.704158	False	1	0.133
pro_lifelong	89	13	50	10616.048	10.616048	False	1	0.133
pro_lifelong	90	1	50	20820.111	20.820111	False	1	0.416
pro_lifelong	90	2	50	18037.035	18.037035	False	1	0.38
pro_lifelong	90	3	50	16672.142	16.672142	False	1	0.375
pro_lifelong	90	4	50	18120.944	18.120944	False	1	0.415
pro_lifelong	90	5	50	21736.610	21.736610	False	1	0.413
pro_lifelong	90	6	50	17426.463	17.426463	False	1	0.411
pro_lifelong	91	1	50	3659.382	3.659382	False	1	0.133
pro_lifelong	91	2	50	2183.661	2.183661	False	1	0.133
pro_lifelong	91	3	50	18324.446	18.324446	False	1	0.435
pro_lifelong	91	4	50	21326.847	21.326847	False	1	0.408
pro_lifelong	91	5	50	20736.050	20.736050	False	1	0.416
pro_lifelong	91	6	50	20518.124	20.518124	False	1	0.473
pro_lifelong	91	7	50	22986.701	22.986701	False	1	0.419
pro_lifelong	91	8	50	14992.813	14.992813	False	1	0.476
pro_lifelong	91	9	50	1972.707	1.972707	False	1	0.133
pro_lifelong	91	10	50	10831.032	10.831032	False	1	0.133
pro_lifelong	91	11	50	18301.815	18.301815	False	1	0.428
pro_lifelong	92	1	50	4593.547	4.593547	False	1	0.133
pro_lifelong	92	2	50	8966.109	8.966109	False	1	0.499
pro_lifelong	92	3	50	17714.871	17.714871	False	1	0.445
pro_lifelong	92	4	50	2184.514	2.184514	False	1	0.133
pro_lifelong	92	5	50	2112.533	2.112533	False	1	0.133
pro_lifelong	92	6	50	11723.534	11.723534	False	1	0.432
pro_lifelong	92	7	50	17403.365	17.403365	False	1	0.45
pro_lifelong	93	1	50	19057.948	19.057948	False	1	0.402
pro_lifelong	93	2	50	21445.902	21.445902	False	1	0.467
pro_lifelong	93	3	50	3967.589	3.967589	False	1	0.133
pro_lifelong	93	4	50	25978.044	25.978044	True	1	0.775
pro_lifelong	94	1	50	15438.274	15.438274	False	1	0.387
pro_lifelong	94	2	50	29966.569	29.966569	False	1	0.473
pro_lifelong	94	3	50	15778.618	15.778618	False	1	0.399
pro_lifelong	94	4	50	14555.032	14.555032	False	1	0.465
pro_lifelong	94	5	50	11469.384	11.469384	False	1	0.45
pro_lifelong	94	6	50	18745.338	18.745338	False	1	0.406
pro_lifelong	94	7	50	17378.876	17.378876	False	1	0.45
pro_lifelong	95	1	50	22395.549	22.395549	False	1	0.462
pro_lifelong	95	2	50	14041.114	14.041114	False	1	0.133
pro_lifelong	95	3	50	7993.767	7.993767	False	1	0.462
pro_lifelong	95	4	50	11038.076	11.038076	False	1	0.462
pro_lifelong	95	5	50	21851.895	21.851895	False	1	0.498
pro_lifelong	95	6	50	3187.483	3.187483	False	1	0.462
pro_lifelong	95	7	50	15564.275	15.564275	False	1	0.133
pro_lifelong	95	8	50	1456.621	1.456621	False	1	0.462
pro_lifelong	95	9	50	13399.959	13.399959	False	1	0.133
pro_lifelong	95	10	50	21392.979	21.392979	False	1	0.443
pro_lifelong	96	1	50	14914.244	14.914244	False	1	0.452
pro_lifelong	96	2	50	21917.743	21.917743	False	1	0.133
pro_lifelong	96	3	50	13337.683	13.337683	False	1	0.133
pro_lifelong	96	4	50	20409.912	20.409912	False	1	0.416
pro_lifelong	96	5	50	19922.894	19.922894	False	1	0.471
pro_lifelong	96	6	50	14215.444	14.215444	False	1	0.133
pro_lifelong	96	7	50	19553.587	19.553587	False	1	0.395
pro_lifelong	96	8	50	11124.445	11.124445	False	1	0.133
pro_lifelong	96	9	50	20728.708	20.728708	False	1	0.363
pro_lifelong	96	10	50	16945.705	16.945705	False	1	0.362
pro_lifelong	97	1	50	6248.351	6.248351	False	1	0.133
pro_lifelong	97	2	50	26451.528	26.451528	False	1	0.464
pro_lifelong	97	3	50	19129.001	19.129001	False	1	0.45
pro_lifelong	97	4	50	2716.908	2.716908	False	1	0.133
pro_lifelong	97	5	50	5522.965	5.522965	False	1	0.133
pro_lifelong	97	6	50	13703.773	13.703773	False	1	0.133
pro_lifelong	97	7	50	13578.113	13.578113	False	1	0.133
pro_lifelong	98	1	50	20536.362	20.536362	False	1	0.357
pro_lifelong	98	2	50	8969.175	8.969175	False	1	0.465
pro_lifelong	98	3	50	2908.237	2.908237	False	1	0.465
pro_lifelong	98	4	50	24040.256	24.040256	False	1	0.445
pro_lifelong	98	5	50	1971.368	1.971368	False	1	0.465
pro_lifelong	98	6	50	22118.127	22.118127	False	1	0.442
pro_lifelong	98	7	50	1983.158	1.983158	False	1	0.465
pro_lifelong	99	1	50	20242.963	20.242963	False	1	0.395
pro_lifelong	99	2	50	20573.845	20.573845	False	1	0.44
pro_lifelong	99	3	50	20108.584	20.108584	False	1	0.47
pro_lifelong	99	4	50	5415.737	5.415737	False	1	0.133
pro_lifelong	99	5	50	13386.833	13.386833	False	1	0.426
pro_lifelong	99	6	50	19134.250	19.134250	False	1	0.42
pro_lifelong	99	7	50	18203.056	18.203056	False	1	0.451
pro_lifelong	99	8	50	20550.566	20.550566	False	1	0.423
pro_lifelong	100	1	50	23404.033	23.404033	False	1	0.43
pro_lifelong	100	2	50	13551.778	13.551778	False	1	0.133
pro_lifelong	100	3	50	18775.091	18.775091	True	1	0.854
pro_lifelong	101	1	50	21339.562	21.339562	False	1	0.383
pro_lifelong	101	2	50	18986.913	18.986913	False	1	0.471
pro_lifelong	101	3	50	22090.884	22.090884	False	1	0.431
pro_lifelong	101	4	50	4700.737	4.700737	False	1	0.133
pro_lifelong	101	5	50	18156.346	18.156346	False	1	0.403
pro_lifelong	101	6	50	11915.570	11.915570	False	1	0.133
pro_lifelong	101	7	50	19190.036	19.190036	False	1	0.373
pro_lifelong	102	1	50	15986.064	15.986064	False	1	0.465
pro_lifelong	102	2	50	17337.461	17.337461	False	1	0.404
pro_lifelong	102	3	50	16995.765	16.995765	False	1	0.427
pro_lifelong	102	4	50	15093.018	15.093018	False	1	0.508
pro_lifelong	102	5	50	19913.001	19.913001	False	1	0.466
pro_lifelong	102	6	50	7999.947	7.999947	False	1	0.133
pro_lifelong	102	7	50	20414.889	20.414889	False	1	0.407
pro_lifelong	102	8	50	2940.630	2.940630	False	1	0.133
pro_lifelong	102	9	50	18618.464	18.618464	False	1	0.384
pro_lifelong	103	1	50	18673.313	18.673313	False	1	0.379
pro_lifelong	103	2	50	4224.857	4.224857	False	1	0.133
pro_lifelong	103	3	50	14547.074	14.547074	False	1	0.133
pro_lifelong	103	4	50	17374.937	17.374937	False	1	0.442
pro_lifelong	103	5	50	15245.392	15.245392	False	1	0.482
pro_lifelong	103	6	50	19846.375	19.846375	False	1	0.4
pro_lifelong	103	7	50	20384.431	20.384431	False	1	0.436
pro_lifelong	103	8	50	17539.038	17.539038	False	1	0.432
pro_lifelong	103	9	50	22130.976	22.130976	True	1	0.755
pro_lifelong	104	1	50	21062.752	21.062752	False	1	0.489
pro_lifelong	104	2	50	10552.215	10.552215	False	1	0.411
pro_lifelong	104	3	50	19321.016	19.321016	False	1	0.452
pro_lifelong	104	4	50	20414.027	20.414027	False	1	0.433
pro_lifelong	104	5	50	14098.048	14.098048	False	1	0.387
pro_lifelong	104	6	50	10563.235	10.563235	False	1	0.411
pro_lifelong	105	1	50	9439.894	9.439894	False	1	0.133
pro_lifelong	105	2	50	18667.703	18.667703	False	1	0.416
pro_lifelong	105	3	50	14084.148	14.084148	False	1	0.133
pro_lifelong	105	4	50	11207.267	11.207267	False	1	0.133
pro_lifelong	105	5	50	19271.125	19.271125	False	1	0.384
pro_lifelong	105	6	50	15851.509	15.851509	False	1	0.456
pro_lifelong	105	7	50	2555.797	2.555797	False	1	0.133
pro_lifelong	105	8	50	20751.672	20.751672	False	1	0.399
pro_lifelong	105	9	50	1488.628	1.488628	False	1	0.133
pro_lifelong	105	10	50	22171.222	22.171222	False	1	0.432
pro_lifelong	105	11	50	2139.961	2.139961	False	1	0.133
pro_lifelong	106	1	50	15763.445	15.763445	False	1	0.133
pro_lifelong	106	2	50	16499.377	16.499377	False	1	0.413
pro_lifelong	106	3	50	2394.196	2.394196	False	1	0.133
pro_lifelong	106	4	50	2630.146	2.630146	False	1	0.133
pro_lifelong	106	5	50	2598.032	2.598032	False	1	0.133
pro_lifelong	106	6	50	18716.005	18.716005	True	1	0.816
pro_lifelong	107	1	50	17063.765	17.063765	False	1	0.133
pro_lifelong	107	2	50	21912.566	21.912566	False	1	0.413
pro_lifelong	107	3	50	17599.414	17.599414	False	1	0.474
pro_lifelong	107	4	50	18411.120	18.411120	False	1	0.418
pro_lifelong	107	5	50	15545.085	15.545085	False	1	0.507
pro_lifelong	107	6	50	4770.975	4.770975	False	1	0.133
pro_lifelong	107	7	50	12535.655	12.535655	False	1	0.133
pro_lifelong	107	8	50	3597.006	3.597006	False	1	0.133
pro_lifelong	107	9	50	3008.930	3.008930	False	1	0.133
pro_lifelong	108	1	50	20503.233	20.503233	False	1	0.405
pro_lifelong	108	2	50	6740.375	6.740375	False	1	0.423
pro_lifelong	108	3	50	22091.582	22.091582	False	1	0.46
pro_lifelong	108	4	50	18446.470	18.446470	False	1	0.45
pro_lifelong	108	5	50	23069.444	23.069444	False	1	0.496
pro_lifelong	108	6	50	13419.876	13.419876	False	1	0.423
pro_lifelong	108	7	50	9723.005	9.723005	False	1	0.423
pro_lifelong	108	8	50	21806.511	21.806511	False	1	0.411
pro_lifelong	108	9	50	15376.304	15.376304	False	1	0.414
pro_lifelong	108	10	50	12562.902	12.562902	False	1	0.423
pro_lifelong	109	1	50	19637.938	19.637938	False	1	0.416
pro_lifelong	109	2	50	15953.144	15.953144	False	1	0.398
pro_lifelong	109	3	50	18906.785	18.906785	False	1	0.395
pro_lifelong	109	4	50	18687.997	18.687997	False	1	0.431
pro_lifelong	109	5	50	5142.467	5.142467	False	1	0.133
pro_lifelong	109	6	50	19945.032	19.945032	False	1	0.403
pro_lifelong	109	7	50	17723.177	17.723177	False	1	0.424
pro_lifelong	109	8	50	22526.408	22.526408	False	1	0.416
pro_lifelong	109	9	50	11104.860	11.104860	False	1	0.133
pro_lifelong	110	1	50	18305.162	18.305162	False	1	0.414
pro_lifelong	110	2	50	18983.485	18.983485	False	1	0.431
pro_lifelong	110	3	50	4087.751	4.087751	False	1	0.133
pro_lifelong	110	4	50	3625.557	3.625557	False	1	0.133
pro_lifelong	110	5	50	20055.061	20.055061	False	1	0.474
pro_lifelong	110	6	50	19916.064	19.916064	False	1	0.491
pro_lifelong	110	7	50	21509.937	21.509937	False	1	0.406
pro_lifelong	110	8	50	11422.744	11.422744	False	1	0.133
pro_lifelong	110	9	50	17466.630	17.466630	False	1	0.423
pro_lifelong	110	10	50	1962.154	1.962154	False	1	0.133
pro_lifelong	110	11	50	19003.213	19.003213	False	1	0.416
pro_lifelong	111	1	50	20457.946	20.457946	False	1	0.429
pro_lifelong	111	2	50	15573.029	15.573029	False	1	0.133
pro_lifelong	111	3	50	19125.064	19.125064	False	1	0.446
pro_lifelong	111	4	50	27021.664	27.021664	False	1	0.414
pro_lifelong	111	5	50	20610.323	20.610323	False	1	0.464
pro_lifelong	111	6	50	25611.609	25.611609	False	1	0.473
pro_lifelong	111	7	50	21093.498	21.093498	False	1	0.386
pro_lifelong	111	8	50	1887.685	1.887685	False	1	0.133
pro_lifelong	111	9	50	2622.490	2.622490	False	1	0.133
pro_lifelong	111	10	50	23300.986	23.300986	False	1	0.484
pro_lifelong	111	11	50	3080.139	3.080139	False	1	0.133
pro_lifelong	111	12	50	18619.791	18.619791	False	1	0.478
pro_lifelong	111	13	50	20133.113	20.133113	False	1	0.43
pro_lifelong	111	14	50	16181.305	16.181305	False	1	0.133
pro_lifelong	111	15	50	20914.239	20.914239	False	1	0.391
pro_lifelong	112	1	50	12179.961	12.179961	False	1	0.133
pro_lifelong	112	2	50	20234.380	20.234380	False	1	0.401
pro_lifelong	112	3	50	19487.545	19.487545	False	1	0.485
pro_lifelong	112	4	50	21650.607	21.650607	False	1	0.461
pro_lifelong	112	5	50	1941.214	1.941214	False	1	0.133
pro_lifelong	112	6	50	18771.473	18.771473	False	1	0.438
pro_lifelong	112	7	50	17280.109	17.280109	False	1	0.462
pro_lifelong	112	8	50	20799.838	20.799838	False	1	0.506
pro_lifelong	112	9	50	10249.452	10.249452	False	1	0.133
pro_lifelong	112	10	50	22805.099	22.805099	False	1	0.458
pro_lifelong	112	11	50	16478.151	16.478151	False	1	0.443
pro_lifelong	112	12	50	3955.815	3.955815	False	1	0.133
pro_lifelong	112	13	50	20326.773	20.326773	False	1	0.439
pro_lifelong	113	1	50	13296.215	13.296215	False	1	0.133
pro_lifelong	113	2	50	22204.875	22.204875	False	1	0.422
pro_lifelong	113	3	50	11643.249	11.643249	False	1	0.133
pro_lifelong	113	4	50	15867.257	15.867257	False	1	0.35
pro_lifelong	113	5	50	22581.516	22.581516	False	1	0.392
pro_lifelong	113	6	50	2867.059	2.867059	False	1	0.133
pro_lifelong	113	7	50	18800.426	18.800426	False	1	0.439
pro_lifelong	113	8	50	3814.078	3.814078	False	1	0.133
pro_lifelong	113	9	50	15565.664	15.565664	False	1	0.133
pro_lifelong	113	10	50	11321.256	11.321256	False	1	0.133
pro_lifelong	113	11	50	22285.039	22.285039	False	1	0.458
pro_lifelong	113	12	50	12264.857	12.264857	False	1	0.133
pro_lifelong	113	13	50	17488.007	17.488007	False	1	0.446
pro_lifelong	113	14	50	16954.985	16.954985	False	1	0.432
pro_lifelong	113	15	50	18979.586	18.979586	False	1	0.378
pro_lifelong	113	16	50	4837.594	4.837594	False	1	0.133
pro_lifelong	114	1	50	20759.795	20.759795	False	1	0.431
pro_lifelong	114	2	50	5078.578	5.078578	False	1	0.133
pro_lifelong	114	3	50	28592.168	28.592168	False	1	0.417
pro_lifelong	114	4	50	22907.611	22.907611	False	1	0.435
pro_lifelong	114	5	50	1939.285	1.939285	False	1	0.133
pro_lifelong	114	6	50	25373.554	25.373554	False	1	0.441
pro_lifelong	115	1	50	20412.106	20.412106	False	1	0.313
pro_lifelong	115	2	50	9698.051	9.698051	False	1	0.133
pro_lifelong	115	3	50	20962.082	20.962082	False	1	0.387
pro_lifelong	115	4	50	19969.307	19.969307	False	1	0.434
pro_lifelong	115	5	50	20139.884	20.139884	False	1	0.397
pro_lifelong	115	6	50	12074.029	12.074029	False	1	0.133
pro_lifelong	115	7	50	19151.837	19.151837	False	1	0.422
pro_lifelong	115	8	50	20641.416	20.641416	False	1	0.444
pro_lifelong	115	9	50	21907.281	21.907281	False	1	0.434
pro_lifelong	115	10	50	12835.739	12.835739	False	1	0.133
pro_lifelong	115	11	50	23877.786	23.877786	False	1	0.409
pro_lifelong	115	12	50	20201.323	20.201323	False	1	0.133
pro_lifelong	115	13	50	22521.970	22.521970	False	1	0.337
pro_lifelong	116	1	50	4236.162	4.236162	False	1	0.133
pro_lifelong	116	2	50	18532.191	18.532191	False	1	0.383
pro_lifelong	116	3	50	18329.230	18.329230	False	1	0.458
pro_lifelong	116	4	50	21499.655	21.499655	False	1	0.446
pro_lifelong	116	5	50	2998.253	2.998253	False	1	0.133
pro_lifelong	116	6	50	15186.958	15.186958	False	1	0.133
pro_lifelong	116	7	50	1487.653	1.487653	False	1	0.133
pro_lifelong	116	8	50	20727.995	20.727995	False	1	0.456
pro_lifelong	117	1	50	15392.479	15.392479	False	1	0.501
pro_lifelong	117	2	50	21785.821	21.785821	False	1	0.46
pro_lifelong	117	3	50	25845.576	25.845576	False	1	0.446
pro_lifelong	117	4	50	3677.187	3.677187	False	1	0.133
pro_lifelong	117	5	50	18337.497	18.337497	False	1	0.491
pro_lifelong	117	6	50	20920.685	20.920685	True	1	0.776
pro_lifelong	118	1	50	12711.647	12.711647	False	1	0.133
pro_lifelong	118	2	50	15447.516	15.447516	False	1	0.419
pro_lifelong	118	3	50	8173.163	8.173163	False	1	0.499
pro_lifelong	118	4	50	10969.247	10.969247	False	1	0.429
pro_lifelong	118	5	50	43474.256	43.474256	False	1	0.415
pro_lifelong	118	6	50	2207.283	2.207283	False	1	0.429
pro_lifelong	118	7	50	3209.432	3.209432	False	1	0.429
pro_lifelong	118	8	50	18203.472	18.203472	False	1	0.461
pro_lifelong	119	1	50	19835.837	19.835837	False	1	0.461
pro_lifelong	119	2	50	19090.130	19.090130	False	1	0.474
pro_lifelong	119	3	50	14602.691	14.602691	False	1	0.133
pro_lifelong	119	4	50	14860.074	14.860074	False	1	0.413
pro_lifelong	119	5	50	14774.534	14.774534	False	1	0.482
pro_lifelong	119	6	50	21156.870	21.156870	False	1	0.47
pro_lifelong	119	7	50	15726.305	15.726305	False	1	0.133
pro_lifelong	120	1	50	21752.937	21.752937	False	1	0.397
pro_lifelong	120	2	50	14773.425	14.773425	False	1	0.494
pro_lifelong	120	3	50	8018.940	8.018940	False	1	0.451
pro_lifelong	120	4	50	18981.914	18.981914	False	1	0.474
pro_lifelong	120	5	50	20225.270	20.225270	False	1	0.459
pro_lifelong	120	6	50	20534.364	20.534364	False	1	0.45
pro_lifelong	120	7	50	2714.587	2.714587	False	1	0.451
pro_lifelong	121	1	50	15697.556	15.697556	False	1	0.357
pro_lifelong	121	2	50	17450.616	17.450616	False	1	0.483
pro_lifelong	121	3	50	19576.774	19.576774	False	1	0.466
pro_lifelong	121	4	50	15721.260	15.721260	False	1	0.133
pro_lifelong	121	5	50	9708.505	9.708505	False	1	0.443
pro_lifelong	121	6	50	18434.940	18.434940	False	1	0.438
pro_lifelong	121	7	50	17722.773	17.722773	False	1	0.465
pro_lifelong	122	1	50	2703.108	2.703108	False	1	0.133
pro_lifelong	122	2	50	17435.219	17.435219	False	1	0.504
pro_lifelong	122	3	50	9101.744	9.101744	False	1	0.133
pro_lifelong	122	4	50	22629.298	22.629298	False	1	0.482
pro_lifelong	122	5	50	17859.494	17.859494	False	1	0.391
pro_lifelong	122	6	50	3936.320	3.936320	False	1	0.133
pro_lifelong	122	7	50	12628.918	12.628918	False	1	0.133
pro_lifelong	123	1	50	9973.888	9.973888	False	1	0.133
pro_lifelong	123	2	50	2461.773	2.461773	False	1	0.133
pro_lifelong	123	3	50	8943.847	8.943847	False	1	0.133
pro_lifelong	123	4	50	1863.614	1.863614	False	1	0.133
pro_lifelong	124	1	50	19109.242	19.109242	False	1	0.452
pro_lifelong	124	2	50	16489.844	16.489844	False	1	0.133
pro_lifelong	124	3	50	19754.988	19.754988	False	1	0.434
pro_lifelong	124	4	50	11507.552	11.507552	False	1	0.133
pro_lifelong	124	5	50	15724.833	15.724833	False	1	0.133
pro_lifelong	124	6	50	13349.382	13.349382	False	1	0.133
pro_lifelong	125	1	50	7804.507	7.804507	False	1	0.133
pro_lifelong	125	2	50	19870.452	19.870452	False	1	0.457
pro_lifelong	125	3	50	4384.863	4.384863	False	1	0.133
pro_lifelong	125	4	50	21736.712	21.736712	False	1	0.46
pro_lifelong	125	5	50	12423.826	12.423826	False	1	0.133
pro_lifelong	125	6	50	16226.735	16.226735	True	1	0.779
pro_lifelong	126	1	50	15064.563	15.064563	False	1	0.447
pro_lifelong	126	2	50	16321.989	16.321989	False	1	0.389
pro_lifelong	126	3	50	19394.301	19.394301	False	1	0.356
pro_lifelong	126	4	50	13985.961	13.985961	False	1	0.413
pro_lifelong	126	5	50	23312.342	23.312342	False	1	0.401
pro_lifelong	126	6	50	21932.259	21.932259	False	1	0.537
pro_lifelong	126	7	50	17724.225	17.724225	False	1	0.471
pro_lifelong	126	8	50	3095.791	3.095791	False	1	0.133
pro_lifelong	126	9	50	5821.842	5.821842	False	1	0.133
pro_lifelong	126	10	50	2316.309	2.316309	False	1	0.133
pro_lifelong	126	11	50	14726.231	14.726231	False	1	0.426
pro_lifelong	127	1	50	20984.080	20.984080	True	1	0.818
pro_lifelong	128	1	50	3205.294	3.205294	False	1	0.133
pro_lifelong	128	2	50	2427.048	2.427048	False	1	0.133
pro_lifelong	128	3	50	23843.306	23.843306	False	1	0.425
pro_lifelong	128	4	50	18668.967	18.668967	False	1	0.473
pro_lifelong	128	5	50	2643.372	2.643372	False	1	0.133
pro_lifelong	128	6	50	13836.437	13.836437	False	1	0.538
pro_lifelong	128	7	50	1962.160	1.962160	False	1	0.133
pro_lifelong	128	8	50	3220.261	3.220261	False	1	0.133
pro_lifelong	128	9	50	12226.853	12.226853	False	1	0.133
pro_lifelong	128	10	50	1808.236	1.808236	False	1	0.133
pro_lifelong	129	1	50	23606.440	23.606440	False	1	0.339
pro_lifelong	129	2	50	5763.559	5.763559	False	1	0.133
pro_lifelong	129	3	50	23545.447	23.545447	True	1	0.818
pro_lifelong	130	1	50	3974.022	3.974022	False	1	0.133
pro_lifelong	130	2	50	31816.851	31.816851	False	1	0.424
pro_lifelong	130	3	50	19566.829	19.566829	True	1	0.816
pro_lifelong	131	1	50	20143.688	20.143688	False	1	0.48
pro_lifelong	131	2	50	19780.217	19.780217	False	1	0.498
pro_lifelong	131	3	50	7324.281	7.324281	False	1	0.133
pro_lifelong	131	4	50	11913.826	11.913826	False	1	0.133
pro_lifelong	131	5	50	22715.796	22.715796	False	1	0.466
pro_lifelong	131	6	50	23339.422	23.339422	False	1	0.494
pro_lifelong	131	7	50	2638.035	2.638035	False	1	0.133
pro_lifelong	132	1	50	19612.076	19.612076	False	1	0.474
pro_lifelong	132	2	50	20958.954	20.958954	False	1	0.403
pro_lifelong	132	3	50	21067.417	21.067417	False	1	0.422
pro_lifelong	132	4	50	16703.267	16.703267	False	1	0.368
pro_lifelong	132	5	50	4705.610	4.705610	False	1	0.133
pro_lifelong	132	6	50	11341.269	11.341269	False	1	0.133
pro_lifelong	133	1	50	19099.063	19.099063	False	1	0.486
pro_lifelong	133	2	50	12881.462	12.881462	True	1	0.767
pro_lifelong	134	1	50	17624.475	17.624475	False	1	0.428
pro_lifelong	134	2	50	17111.152	17.111152	False	1	0.485
pro_lifelong	134	3	50	25126.058	25.126058	False	1	0.502
pro_lifelong	134	4	50	11591.756	11.591756	False	1	0.133
pro_lifelong	134	5	50	17957.508	17.957508	True	1	0.879
pro_lifelong	135	1	50	35304.823	35.304823	False	1	0.133
pro_lifelong	135	2	50	13405.697	13.405697	False	1	0.133
pro_lifelong	135	3	50	10041.266	10.041266	False	1	0.522
pro_lifelong	135	4	50	11040.487	11.040487	False	1	0.509
pro_lifelong	135	5	50	13430.388	13.430388	False	1	0.446
pro_lifelong	135	6	50	18339.464	18.339464	False	1	0.365
pro_lifelong	135	7	50	13588.204	13.588204	False	1	0.133
pro_lifelong	135	8	50	18055.680	18.055680	False	1	0.487
pro_lifelong	136	1	50	12467.817	12.467817	False	1	0.554
pro_lifelong	136	2	50	2070.751	2.070751	False	1	0.554
pro_lifelong	136	3	50	19032.697	19.032697	False	1	0.133
pro_lifelong	136	4	50	46621.415	46.621415	False	1	0.435
pro_lifelong	136	5	50	19751.060	19.751060	False	1	0.413
pro_lifelong	136	6	50	8356.210	8.356210	False	1	0.554
pro_lifelong	137	1	50	11626.546	11.626546	False	1	0.133
pro_lifelong	137	2	50	3250.743	3.250743	False	1	0.133
pro_lifelong	137	3	50	12503.520	12.503520	True	1	0.855
pro_lifelong	138	1	50	7623.126	7.623126	False	1	0.448
pro_lifelong	138	2	50	2828.211	2.828211	False	1	0.448
pro_lifelong	138	3	50	14508.517	14.508517	False	1	0.5
pro_lifelong	138	4	50	19126.033	19.126033	False	1	0.393
pro_lifelong	138	5	50	3569.699	3.569699	False	1	0.448
pro_lifelong	138	6	50	19254.455	19.254455	False	1	0.466
pro_lifelong	138	7	50	18020.168	18.020168	True	1	0.788
pro_lifelong	139	1	50	21159.506	21.159506	False	1	0.463
pro_lifelong	139	2	50	17069.818	17.069818	False	1	0.418
pro_lifelong	139	3	50	24142.001	24.142001	False	1	0.446
pro_lifelong	139	4	50	15361.950	15.361950	False	1	0.133
pro_lifelong	139	5	50	14386.378	14.386378	False	1	0.133
pro_lifelong	139	6	50	12371.967	12.371967	False	1	0.133
pro_lifelong	140	1	50	17699.088	17.699088	False	1	0.453
pro_lifelong	140	2	50	26700.516	26.700516	False	1	0.407
pro_lifelong	140	3	50	9930.989	9.930989	False	1	0.416
pro_lifelong	140	4	50	15731.797	15.731797	False	1	0.133
pro_lifelong	140	5	50	2540.558	2.540558	False	1	0.416
pro_lifelong	140	6	50	20078.851	20.078851	False	1	0.441
pro_lifelong	141	1	50	20945.593	20.945593	False	1	0.431
pro_lifelong	141	2	50	15196.870	15.196870	False	1	0.133
pro_lifelong	141	3	50	1837.927	1.837927	False	1	0.133
pro_lifelong	141	4	50	12677.246	12.677246	False	1	0.133
pro_lifelong	141	5	50	25479.238	25.479238	False	1	0.463
pro_lifelong	141	6	50	11548.289	11.548289	False	1	0.133
pro_lifelong	141	7	50	1432.034	1.432034	False	1	0.133
pro_lifelong	141	8	50	1344.631	1.344631	False	1	0.133
pro_lifelong	141	9	50	10313.502	10.313502	False	1	0.133
pro_lifelong	142	1	50	2923.554	2.923554	False	1	0.133
pro_lifelong	142	2	50	22930.898	22.930898	False	1	0.444
pro_lifelong	142	3	50	1315.552	1.315552	False	1	0.133
pro_lifelong	142	4	50	2970.338	2.970338	False	1	0.133
pro_lifelong	142	5	50	10224.147	10.224147	False	1	0.133
pro_lifelong	142	6	50	16165.117	16.165117	False	1	0.46
pro_lifelong	142	7	50	20967.255	20.967255	False	1	0.495
pro_lifelong	142	8	50	19668.754	19.668754	False	1	0.515
pro_lifelong	142	9	50	10221.295	10.221295	False	1	0.446
pro_lifelong	142	10	50	11159.480	11.159480	False	1	0.133
pro_lifelong	142	11	50	16819.032	16.819032	False	1	0.411
pro_lifelong	142	12	50	13735.816	13.735816	False	1	0.449
pro_lifelong	142	13	50	1309.651	1.309651	False	1	0.133
pro_lifelong	143	1	50	21471.437	21.471437	False	1	0.483
pro_lifelong	143	2	50	14467.383	14.467383	True	1	0.691
pro_lifelong	144	1	50	9293.516	9.293516	False	1	0.392
pro_lifelong	144	2	50	9171.268	9.171268	False	1	0.133
pro_lifelong	144	3	50	15634.316	15.634316	True	1	0.775
pro_lifelong	145	1	50	13729.914	13.729914	False	1	0.133
pro_lifelong	145	2	50	28732.814	28.732814	False	1	0.133
pro_lifelong	145	3	50	21786.520	21.786520	False	1	0.471
pro_lifelong	145	4	50	14930.084	14.930084	False	1	0.133
pro_lifelong	145	5	50	10592.333	10.592333	False	1	0.133
pro_lifelong	145	6	50	17276.140	17.276140	False	1	0.346
pro_lifelong	145	7	50	13337.183	13.337183	False	1	0.133
pro_lifelong	145	8	50	2161.106	2.161106	False	1	0.133
pro_lifelong	146	1	50	18802.466	18.802466	False	1	0.5
pro_lifelong	146	2	50	14257.637	14.257637	False	1	0.133
pro_lifelong	146	3	50	14278.005	14.278005	False	1	0.133
pro_lifelong	146	4	50	20888.673	20.888673	False	1	0.566
pro_lifelong	146	5	50	13441.584	13.441584	False	1	0.133
pro_lifelong	146	6	50	11085.391	11.085391	False	1	0.133
pro_lifelong	146	7	50	20639.552	20.639552	False	1	0.428
pro_lifelong	146	8	50	18260.630	18.260630	False	1	0.355
pro_lifelong	146	9	50	4058.751	4.058751	False	1	0.133
pro_lifelong	147	1	50	21791.876	21.791876	False	1	0.425
pro_lifelong	147	2	50	15385.757	15.385757	False	1	0.425
pro_lifelong	147	3	50	15362.863	15.362863	False	1	0.42
pro_lifelong	147	4	50	10085.021	10.085021	False	1	0.434
pro_lifelong	147	5	50	23372.958	23.372958	False	1	0.406
pro_lifelong	147	6	50	3225.085	3.225085	False	1	0.434
pro_lifelong	148	1	50	4527.112	4.527112	False	1	0.133
pro_lifelong	148	2	50	15031.793	15.031793	False	1	0.423
pro_lifelong	148	3	50	14421.618	14.421618	False	1	0.404
pro_lifelong	148	4	50	2326.258	2.326258	False	1	0.133
pro_lifelong	148	5	50	19522.281	19.522281	False	1	0.449
pro_lifelong	148	6	50	21325.561	21.325561	False	1	0.441
pro_lifelong	148	7	50	2842.756	2.842756	False	1	0.133
pro_lifelong	148	8	50	2457.480	2.457480	False	1	0.133
pro_lifelong	148	9	50	13248.472	13.248472	False	1	0.133
pro_lifelong	148	10	50	18099.658	18.099658	False	1	0.432
pro_lifelong	149	1	50	19633.163	19.633163	False	1	0.472
pro_lifelong	149	2	50	12470.658	12.470658	False	1	0.43
pro_lifelong	149	3	50	11745.764	11.745764	False	1	0.453
pro_lifelong	149	4	50	24687.594	24.687594	False	1	0.442
pro_lifelong	149	5	50	17906.789	17.906789	False	1	0.433
pro_lifelong	149	6	50	3895.522	3.895522	False	1	0.433
pro_lifelong	150	1	50	13660.854	13.660854	False	1	0.408
pro_lifelong	150	2	50	18340.059	18.340059	False	1	0.447
pro_lifelong	150	3	50	17343.531	17.343531	False	1	0.413
pro_lifelong	150	4	50	15618.151	15.618151	False	1	0.407
pro_lifelong	150	5	50	10287.851	10.287851	False	1	0.407
pro_lifelong	150	6	50	18016.018	18.016018	False	1	0.436
pro_lifelong	150	7	50	19453.060	19.453060	False	1	0.41
pro_lifelong	151	1	50	4981.487	4.981487	False	1	0.133
pro_lifelong	151	2	50	2562.709	2.562709	False	1	0.133
pro_lifelong	151	3	50	21757.888	21.757888	False	1	0.442
pro_lifelong	151	4	50	18180.130	18.180130	False	1	0.459
pro_lifelong	151	5	50	21748.774	21.748774	False	1	0.476
pro_lifelong	151	6	50	14505.513	14.505513	False	1	0.457
pro_lifelong	151	7	50	1944.047	1.944047	False	1	0.133
pro_lifelong	151	8	50	16402.232	16.402232	False	1	0.459
pro_lifelong	151	9	50	2446.607	2.446607	False	1	0.133
pro_lifelong	151	10	50	3028.532	3.028532	False	1	0.133
pro_lifelong	152	1	50	17812.834	17.812834	False	1	0.482
pro_lifelong	152	2	50	18882.028	18.882028	False	1	0.431
pro_lifelong	152	3	50	17587.542	17.587542	False	1	0.408
pro_lifelong	152	4	50	13694.292	13.694292	False	1	0.133
pro_lifelong	152	5	50	16729.472	16.729472	False	1	0.433
pro_lifelong	152	6	50	21670.339	21.670339	False	1	0.417
pro_lifelong	153	1	50	4779.817	4.779817	False	1	0.133
pro_lifelong	153	2	50	17077.090	17.077090	False	1	0.413
pro_lifelong	153	3	50	14197.991	14.197991	False	1	0.331
pro_lifelong	153	4	50	17612.988	17.612988	False	1	0.392
pro_lifelong	153	5	50	9591.268	9.591268	False	1	0.133
pro_lifelong	153	6	50	20299.316	20.299316	False	1	0.391
pro_lifelong	153	7	50	20434.753	20.434753	False	1	0.399
pro_lifelong	154	1	50	18690.312	18.690312	False	1	0.432
pro_lifelong	154	2	50	4418.037	4.418037	False	1	0.133
pro_lifelong	154	3	50	11394.054	11.394054	False	1	0.432
pro_lifelong	154	4	50	10584.593	10.584593	False	1	0.499
pro_lifelong	154	5	50	15002.673	15.002673	False	1	0.426
pro_lifelong	154	6	50	20666.215	20.666215	False	1	0.399
pro_lifelong	154	7	50	13987.490	13.987490	False	1	0.133
pro_lifelong	154	8	50	19633.420	19.633420	False	1	0.481
pro_lifelong	154	9	50	22036.028	22.036028	False	1	0.405
pro_lifelong	155	1	50	20380.863	20.380863	False	1	0.391
pro_lifelong	155	2	50	9726.955	9.726955	False	1	0.133
pro_lifelong	155	3	50	15777.055	15.777055	False	1	0.133
pro_lifelong	155	4	50	4001.690	4.001690	False	1	0.133
pro_lifelong	155	5	50	16237.919	16.237919	False	1	0.133
pro_lifelong	156	1	50	21033.662	21.033662	False	1	0.452
pro_lifelong	156	2	50	11481.074	11.481074	False	1	0.133
pro_lifelong	156	3	50	12153.292	12.153292	False	1	0.133
pro_lifelong	156	4	50	10898.494	10.898494	False	1	0.133
pro_lifelong	156	5	50	14014.507	14.014507	False	1	0.133
pro_lifelong	157	1	50	15206.865	15.206865	False	1	0.431
pro_lifelong	157	2	50	16958.962	16.958962	False	1	0.443
pro_lifelong	157	3	50	12190.067	12.190067	False	1	0.505
pro_lifelong	157	4	50	14257.811	14.257811	False	1	0.396
pro_lifelong	157	5	50	4695.673	4.695673	False	1	0.133
pro_lifelong	157	6	50	17167.703	17.167703	False	1	0.388
pro_lifelong	157	7	50	15148.251	15.148251	False	1	0.446
pro_lifelong	157	8	50	18248.820	18.248820	False	1	0.429
pro_lifelong	158	1	50	12177.282	12.177282	False	1	0.133
pro_lifelong	158	2	50	20447.461	20.447461	False	1	0.432
pro_lifelong	158	3	50	9179.141	9.179141	False	1	0.418
pro_lifelong	158	4	50	18011.744	18.011744	False	1	0.406
pro_lifelong	158	5	50	11499.480	11.499480	False	1	0.133
pro_lifelong	158	6	50	11830.629	11.830629	False	1	0.418
pro_lifelong	158	7	50	13695.191	13.695191	True	1	0.761
pro_lifelong	159	1	50	14986.984	14.986984	False	1	0.499
pro_lifelong	159	2	50	8582.248	8.582248	False	1	0.413
pro_lifelong	159	3	50	2309.885	2.309885	False	1	0.413
pro_lifelong	159	4	50	12730.966	12.730966	False	1	0.413
pro_lifelong	159	5	50	2176.231	2.176231	False	1	0.413
pro_lifelong	159	6	50	13191.152	13.191152	False	1	0.133
pro_lifelong	160	1	50	6145.508	6.145508	False	1	0.133
pro_lifelong	160	2	50	7572.901	7.572901	False	1	0.133
pro_lifelong	160	3	50	19946.515	19.946515	False	1	0.441
pro_lifelong	160	4	50	11203.078	11.203078	False	1	0.133
pro_lifelong	160	5	50	19357.581	19.357581	False	1	0.133
pro_lifelong	160	6	50	20318.175	20.318175	True	1	0.751
pro_lifelong	161	1	50	11686.664	11.686664	False	1	0.133
pro_lifelong	161	2	50	1869.530	1.869530	False	1	0.133
pro_lifelong	161	3	50	27608.056	27.608056	False	1	0.483
pro_lifelong	161	4	50	14407.983	14.407983	False	1	0.524
pro_lifelong	161	5	50	12600.666	12.600666	False	1	0.133
pro_lifelong	161	6	50	3515.578	3.515578	False	1	0.133
pro_lifelong	161	7	50	17786.595	17.786595	False	1	0.403
pro_lifelong	161	8	50	3460.458	3.460458	False	1	0.133
pro_lifelong	161	9	50	14713.956	14.713956	False	1	0.133
pro_lifelong	162	1	50	18261.853	18.261853	False	1	0.492
pro_lifelong	162	2	50	17021.618	17.021618	False	1	0.399
pro_lifelong	162	3	50	4204.988	4.204988	False	1	0.133
pro_lifelong	162	4	50	19461.660	19.461660	False	1	0.5
pro_lifelong	162	5	50	30139.650	30.139650	True	1	0.781
pro_lifelong	163	1	50	20580.583	20.580583	False	1	0.544
pro_lifelong	163	2	50	26510.754	26.510754	False	1	0.51
pro_lifelong	163	3	50	38207.759	38.207759	False	1	0.133
pro_lifelong	163	4	50	2553.885	2.553885	False	1	0.133
pro_lifelong	163	5	50	14920.084	14.920084	False	1	0.133
pro_lifelong	163	6	50	22405.357	22.405357	False	1	0.552
pro_lifelong	164	1	50	14627.103	14.627103	False	1	0.133
pro_lifelong	164	2	50	5136.425	5.136425	False	1	0.133
pro_lifelong	164	3	50	19863.723	19.863723	False	1	0.4
pro_lifelong	164	4	50	2689.055	2.689055	False	1	0.133
pro_lifelong	164	5	50	15649.957	15.649957	False	1	0.438
pro_lifelong	164	6	50	10361.359	10.361359	False	1	0.133
pro_lifelong	164	7	50	13993.870	13.993870	False	1	0.133
pro_lifelong	164	8	50	3623.626	3.623626	False	1	0.133
pro_lifelong	164	9	50	4322.189	4.322189	False	1	0.133
pro_lifelong	165	1	50	17471.819	17.471819	False	1	0.457
pro_lifelong	165	2	50	2382.125	2.382125	False	1	0.133
pro_lifelong	165	3	50	1711.366	1.711366	False	1	0.133
pro_lifelong	165	4	50	20438.568	20.438568	False	1	0.622
pro_lifelong	165	5	50	13845.186	13.845186	False	1	0.526
pro_lifelong	165	6	50	16262.421	16.262421	False	1	0.494
pro_lifelong	165	7	50	15696.454	15.696454	True	1	0.889
pro_lifelong	166	1	50	15906.077	15.906077	False	1	0.465
pro_lifelong	166	2	50	22550.535	22.550535	False	1	0.454
pro_lifelong	166	3	50	19213.876	19.213876	False	1	0.397
pro_lifelong	166	4	50	17990.167	17.990167	False	1	0.468
pro_lifelong	166	5	50	4925.925	4.925925	False	1	0.133
pro_lifelong	166	6	50	16705.813	16.705813	False	1	0.451
pro_lifelong	167	1	50	22862.721	22.862721	False	1	0.467
pro_lifelong	167	2	50	17476.410	17.476410	False	1	0.433
pro_lifelong	167	3	50	21066.723	21.066723	False	1	0.393
pro_lifelong	167	4	50	17933.909	17.933909	False	1	0.355
pro_lifelong	167	5	50	15497.620	15.497620	False	1	0.395
pro_lifelong	167	6	50	14054.211	14.054211	False	1	0.399
pro_lifelong	168	1	50	2906.941	2.906941	False	1	0.133
pro_lifelong	168	2	50	14944.152	14.944152	False	1	0.4
pro_lifelong	168	3	50	12035.932	12.035932	False	1	0.133
pro_lifelong	168	4	50	33389.110	33.389110	False	1	0.496
pro_lifelong	168	5	50	14241.570	14.241570	False	1	0.133
pro_lifelong	168	6	50	11954.467	11.954467	False	1	0.133
pro_lifelong	168	7	50	2618.554	2.618554	False	1	0.133
pro_lifelong	168	8	50	10114.975	10.114975	False	1	0.133
pro_lifelong	169	1	50	21730.375	21.730375	False	1	0.39
pro_lifelong	169	2	50	4498.413	4.498413	False	1	0.133
pro_lifelong	169	3	50	19469.638	19.469638	False	1	0.459
pro_lifelong	169	4	50	10708.340	10.708340	False	1	0.133
pro_lifelong	169	5	50	13859.643	13.859643	False	1	0.401
pro_lifelong	169	6	50	2603.899	2.603899	False	1	0.133
pro_lifelong	169	7	50	10176.368	10.176368	False	1	0.133
pro_lifelong	169	8	50	4029.813	4.029813	False	1	0.133
pro_lifelong	170	1	50	19859.631	19.859631	False	1	0.461
pro_lifelong	170	2	50	3631.225	3.631225	False	1	0.133
pro_lifelong	170	3	50	19566.298	19.566298	False	1	0.496
pro_lifelong	170	4	50	17776.409	17.776409	False	1	0.453
pro_lifelong	170	5	50	10045.708	10.045708	False	1	0.434
pro_lifelong	170	6	50	14868.411	14.868411	False	1	0.133
pro_lifelong	170	7	50	13422.014	13.422014	False	1	0.47
pro_lifelong	170	8	50	15540.005	15.540005	False	1	0.42
pro_lifelong	171	1	50	17623.661	17.623661	False	1	0.475
pro_lifelong	171	2	50	11573.794	11.573794	False	1	0.133
pro_lifelong	171	3	50	20056.334	20.056334	False	1	0.456
pro_lifelong	171	4	50	14625.856	14.625856	False	1	0.425
pro_lifelong	171	5	50	20828.405	20.828405	False	1	0.417
pro_lifelong	171	6	50	15503.944	15.503944	False	1	0.133
pro_lifelong	172	1	50	4524.064	4.524064	False	1	0.133
pro_lifelong	172	2	50	18664.110	18.664110	False	1	0.595
pro_lifelong	172	3	50	2365.549	2.365549	False	1	0.133
pro_lifelong	172	4	50	11737.365	11.737365	False	1	0.133
pro_lifelong	172	5	50	13396.273	13.396273	True	1	0.913
pro_lifelong	173	1	50	14881.815	14.881815	False	1	0.506
pro_lifelong	173	2	50	3366.710	3.366710	False	1	0.133
pro_lifelong	173	3	50	11345.717	11.345717	False	1	0.133
pro_lifelong	173	4	50	2673.973	2.673973	False	1	0.133
pro_lifelong	173	5	50	10677.399	10.677399	False	1	0.133
pro_lifelong	174	1	50	17110.619	17.110619	False	1	0.454
pro_lifelong	174	2	50	12173.852	12.173852	False	1	0.133
pro_lifelong	174	3	50	7926.849	7.926849	False	1	0.537
pro_lifelong	174	4	50	13791.033	13.791033	False	1	0.537
pro_lifelong	174	5	50	14007.265	14.007265	True	1	0.93
pro_lifelong	175	1	50	18707.460	18.707460	False	1	0.459
pro_lifelong	175	2	50	19074.539	19.074539	False	1	0.329
pro_lifelong	175	3	50	1940.660	1.940660	False	1	0.133
pro_lifelong	175	4	50	7679.515	7.679515	False	1	0.499
pro_lifelong	175	5	50	9129.816	9.129816	False	1	0.133
pro_lifelong	175	6	50	18244.671	18.244671	False	1	0.444
pro_lifelong	175	7	50	7694.101	7.694101	False	1	0.133
pro_lifelong	175	8	50	19392.532	19.392532	False	1	0.42
pro_lifelong	175	9	50	12317.535	12.317535	False	1	0.133
pro_lifelong	176	1	50	18008.293	18.008293	False	1	0.413
pro_lifelong	176	2	50	17768.680	17.768680	False	1	0.434
pro_lifelong	176	3	50	22621.839	22.621839	False	1	0.449
pro_lifelong	176	4	50	15763.538	15.763538	False	1	0.133
pro_lifelong	176	5	50	18745.969	18.745969	False	1	0.452
pro_lifelong	176	6	50	9743.932	9.743932	False	1	0.133
pro_lifelong	176	7	50	21740.841	21.740841	False	1	0.429
pro_lifelong	176	8	50	17051.792	17.051792	False	1	0.4
pro_lifelong	177	1	50	19053.862	19.053862	False	1	0.133
pro_lifelong	177	2	50	20126.296	20.126296	False	1	0.436
pro_lifelong	177	3	50	9686.717	9.686717	False	1	0.133
pro_lifelong	177	4	50	18172.224	18.172224	True	1	0.817
pro_lifelong	178	1	50	5480.079	5.480079	False	1	0.42
pro_lifelong	178	2	50	13565.635	13.565635	False	1	0.133
pro_lifelong	178	3	50	18891.888	18.891888	False	1	0.432
pro_lifelong	178	4	50	2903.368	2.903368	False	1	0.42
pro_lifelong	178	5	50	14882.828	14.882828	True	1	0.852
pro_lifelong	179	1	50	16819.644	16.819644	False	1	0.474
pro_lifelong	179	2	50	19235.545	19.235545	True	1	0.849
pro_lifelong	180	1	50	20642.078	20.642078	False	1	0.459
pro_lifelong	180	2	50	23431.679	23.431679	False	1	0.46
pro_lifelong	180	3	50	10596.570	10.596570	True	1	0.857
pro_lifelong	181	1	50	17196.983	17.196983	False	1	0.133
pro_lifelong	181	2	50	14263.331	14.263331	True	1	0.792
pro_lifelong	182	1	50	8436.285	8.436285	False	1	0.612
pro_lifelong	182	2	50	2802.916	2.802916	False	1	0.612
pro_lifelong	182	3	50	20100.490	20.100490	False	1	0.616
pro_lifelong	182	4	50	14428.314	14.428314	False	1	0.612
pro_lifelong	182	5	50	14485.292	14.485292	False	1	0.612
pro_lifelong	182	6	50	2330.531	2.330531	False	1	0.612
pro_lifelong	183	1	50	16153.552	16.153552	False	1	0.133
pro_lifelong	183	2	50	9847.385	9.847385	False	1	0.499
pro_lifelong	183	3	50	18917.571	18.917571	False	1	0.52
pro_lifelong	183	4	50	5745.381	5.745381	False	1	0.133
pro_lifelong	183	5	50	15426.344	15.426344	False	1	0.133
pro_lifelong	183	6	50	18010.069	18.010069	False	1	0.451
pro_lifelong	183	7	50	7789.475	7.789475	False	1	0.499
pro_lifelong	183	8	50	14358.960	14.358960	False	1	0.133
pro_lifelong	184	1	50	20278.678	20.278678	False	1	0.483
pro_lifelong	184	2	50	15030.579	15.030579	False	1	0.499
pro_lifelong	184	3	50	15138.503	15.138503	False	1	0.486
pro_lifelong	184	4	50	23204.717	23.204717	False	1	0.482
pro_lifelong	184	5	50	11489.919	11.489919	False	1	0.499
pro_lifelong	184	6	50	17357.168	17.357168	False	1	0.466
pro_lifelong	184	7	50	14773.647	14.773647	False	1	0.407
pro_lifelong	185	1	50	18026.001	18.026001	True	1	0.808
pro_lifelong	186	1	50	3880.752	3.880752	False	1	0.133
pro_lifelong	186	2	50	7882.091	7.882091	False	1	0.499
pro_lifelong	186	3	50	3675.615	3.675615	False	1	0.133
pro_lifelong	186	4	50	10842.260	10.842260	False	1	0.133
pro_lifelong	186	5	50	22646.875	22.646875	True	1	0.811
pro_lifelong	187	1	50	20788.994	20.788994	False	1	0.427
pro_lifelong	187	2	50	20047.915	20.047915	False	1	0.462
pro_lifelong	187	3	50	19272.465	19.272465	False	1	0.426
pro_lifelong	187	4	50	9086.773	9.086773	False	1	0.43
pro_lifelong	187	5	50	10952.756	10.952756	False	1	0.133
pro_lifelong	187	6	50	14102.266	14.102266	False	1	0.43
pro_lifelong	187	7	50	18457.158	18.457158	False	1	0.438
pro_lifelong	188	1	50	19645.115	19.645115	False	1	0.42
pro_lifelong	188	2	50	19184.332	19.184332	False	1	0.428
pro_lifelong	188	3	50	19518.044	19.518044	False	1	0.469
pro_lifelong	188	4	50	2594.731	2.594731	False	1	0.42
pro_lifelong	188	5	50	25304.885	25.304885	False	1	0.468
pro_lifelong	188	6	50	12181.716	12.181716	False	1	0.401
pro_lifelong	188	7	50	4048.562	4.048562	False	1	0.42
pro_lifelong	188	8	50	24424.815	24.424815	False	1	0.425
pro_lifelong	189	1	50	19848.327	19.848327	False	1	0.388
pro_lifelong	189	2	50	21770.266	21.770266	False	1	0.409
pro_lifelong	189	3	50	17028.141	17.028141	False	1	0.349
pro_lifelong	189	4	50	15595.868	15.595868	False	1	0.38
pro_lifelong	189	5	50	16944.662	16.944662	False	1	0.371
pro_lifelong	189	6	50	18919.328	18.919328	False	1	0.518
pro_lifelong	189	7	50	15559.193	15.559193	False	1	0.391
pro_lifelong	189	8	50	15758.489	15.758489	True	1	0.759
pro_lifelong	190	1	50	13426.306	13.426306	False	1	0.133
pro_lifelong	190	2	50	9882.321	9.882321	False	1	0.133
pro_lifelong	190	3	50	16618.063	16.618063	False	1	0.378
pro_lifelong	190	4	50	9019.242	9.019242	False	1	0.133
pro_lifelong	190	5	50	20521.552	20.521552	False	1	0.401
pro_lifelong	190	6	50	16534.113	16.534113	False	1	0.424
pro_lifelong	190	7	50	1821.189	1.821189	False	1	0.133
pro_lifelong	190	8	50	20621.501	20.621501	False	1	0.442
pro_lifelong	190	9	50	21810.246	21.810246	False	1	0.459
pro_lifelong	190	10	50	3262.347	3.262347	False	1	0.133
pro_lifelong	190	11	50	1782.972	1.782972	False	1	0.133
pro_lifelong	190	12	50	2441.705	2.441705	False	1	0.133
pro_lifelong	190	13	50	11110.741	11.110741	False	1	0.133
pro_lifelong	191	1	50	13972.693	13.972693	False	1	0.395
pro_lifelong	191	2	50	19911.510	19.911510	False	1	0.404
pro_lifelong	191	3	50	20267.558	20.267558	False	1	0.421
pro_lifelong	191	4	50	2328.280	2.328280	False	1	0.404
pro_lifelong	191	5	50	13797.889	13.797889	False	1	0.404
pro_lifelong	191	6	50	20026.843	20.026843	False	1	0.452
pro_lifelong	191	7	50	19653.406	19.653406	False	1	0.385
pro_lifelong	191	8	50	8853.968	8.853968	False	1	0.404
pro_lifelong	191	9	50	2571.499	2.571499	False	1	0.404
pro_lifelong	191	10	50	14927.881	14.927881	False	1	0.133
pro_lifelong	191	11	50	4371.297	4.371297	False	1	0.404
pro_lifelong	192	1	50	11515.230	11.515230	False	1	0.133
pro_lifelong	192	2	50	23670.689	23.670689	True	1	0.834
pro_lifelong	193	1	50	17604.214	17.604214	False	1	0.44
pro_lifelong	193	2	50	21811.757	21.811757	False	1	0.528
pro_lifelong	193	3	50	25084.060	25.084060	False	1	0.57
pro_lifelong	193	4	50	24802.393	24.802393	False	1	0.561
pro_lifelong	193	5	50	15546.003	15.546003	True	1	0.749
pro_lifelong	194	1	50	5140.663	5.140663	False	1	0.133
pro_lifelong	194	2	50	13976.347	13.976347	False	1	0.429
pro_lifelong	194	3	50	16280.774	16.280774	False	1	0.434
pro_lifelong	194	4	50	16812.274	16.812274	False	1	0.412
pro_lifelong	194	5	50	3866.324	3.866324	False	1	0.133
pro_lifelong	194	6	50	16998.242	16.998242	False	1	0.407
pro_lifelong	194	7	50	15863.351	15.863351	True	1	0.798
pro_lifelong	195	1	50	13365.504	13.365504	True	1	0.867
pro_lifelong	196	1	50	15895.907	15.895907	False	1	0.579
pro_lifelong	196	2	50	17661.891	17.661891	False	1	0.554
pro_lifelong	196	3	50	19802.797	19.802797	False	1	0.493
pro_lifelong	196	4	50	17258.707	17.258707	False	1	0.576
pro_lifelong	196	5	50	13043.083	13.043083	True	1	0.905
pro_lifelong	197	1	50	17593.921	17.593921	False	1	0.45
pro_lifelong	197	2	50	10076.486	10.076486	False	1	0.381
pro_lifelong	197	3	50	3270.048	3.270048	False	1	0.381
pro_lifelong	197	4	50	16033.839	16.033839	False	1	0.439
pro_lifelong	197	5	50	3472.353	3.472353	False	1	0.381
pro_lifelong	197	6	50	16185.013	16.185013	False	1	0.384
pro_lifelong	198	1	50	10120.725	10.120725	False	1	0.133
pro_lifelong	198	2	50	16647.536	16.647536	False	1	0.47
pro_lifelong	198	3	50	13592.569	13.592569	False	1	0.133
pro_lifelong	198	4	50	10310.013	10.310013	False	1	0.133
pro_lifelong	198	5	50	9863.465	9.863465	False	1	0.133
pro_lifelong	198	6	50	23557.969	23.557969	False	1	0.462
pro_lifelong	198	7	50	11435.953	11.435953	False	1	0.133
pro_lifelong	199	1	50	19049.573	19.049573	False	1	0.414
pro_lifelong	199	2	50	3075.792	3.075792	False	1	0.414
pro_lifelong	199	3	50	3108.666	3.108666	False	1	0.414
pro_lifelong	199	4	50	14939.006	14.939006	False	1	0.414
pro_lifelong	199	5	50	3141.085	3.141085	False	1	0.414
pro_lifelong	199	6	50	16497.436	16.497436	False	1	0.441
pro_lifelong	199	7	50	1969.890	1.969890	False	1	0.414
pro_lifelong	199	8	50	10296.448	10.296448	False	1	0.414
pro_lifelong	199	9	50	19931.201	19.931201	True	1	0.754
pro_lifelong	200	1	50	16949.295	16.949295	False	1	0.447
pro_lifelong	200	2	50	18339.622	18.339622	False	1	0.372
pro_lifelong	200	3	50	18571.736	18.571736	False	1	0.432
pro_lifelong	200	4	50	29368.618	29.368618	False	1	0.442
pro_lifelong	200	5	50	4042.724	4.042724	False	1	0.133
pro_lifelong	200	6	50	20562.293	20.562293	False	1	0.474
pro_lifelong	200	7	50	8993.006	8.993006	False	1	0.447
pro_lifelong	200	8	50	17352.638	17.352638	False	1	0.434
pro_lifelong	200	9	50	11339.506	11.339506	False	1	0.447
pro_lifelong	200	10	50	15218.965	15.218965	False	1	0.412
pro_lifelong	200	11	50	12048.303	12.048303	False	1	0.447
pro_lifelong	201	1	50	14557.510	14.557510	False	1	0.438
pro_lifelong	201	2	50	18500.910	18.500910	False	1	0.463
pro_lifelong	201	3	50	8397.164	8.397164	False	1	0.443
pro_lifelong	201	4	50	12286.307	12.286307	False	1	0.133
pro_lifelong	201	5	50	2740.449	2.740449	False	1	0.443
pro_lifelong	201	6	50	4376.732	4.376732	False	1	0.443
pro_lifelong	201	7	50	24054.492	24.054492	False	1	0.513
pro_lifelong	201	8	50	18435.226	18.435226	False	1	0.425
pro_lifelong	201	9	50	15274.793	15.274793	False	1	0.464
pro_lifelong	201	10	50	16955.837	16.955837	False	1	0.468
pro_lifelong	201	11	50	2677.050	2.677050	False	1	0.443
pro_lifelong	201	12	50	2794.940	2.794940	False	1	0.443
pro_lifelong	202	1	50	17522.457	17.522457	False	1	0.447
pro_lifelong	202	2	50	11636.004	11.636004	False	1	0.133
pro_lifelong	202	3	50	10794.938	10.794938	False	1	0.434
pro_lifelong	202	4	50	11642.440	11.642440	False	1	0.133
pro_lifelong	202	5	50	12730.385	12.730385	False	1	0.133
pro_lifelong	202	6	50	19165.263	19.165263	False	1	0.447
pro_lifelong	203	1	50	21504.547	21.504547	False	1	0.443
pro_lifelong	203	2	50	14740.183	14.740183	False	1	0.428
pro_lifelong	203	3	50	18409.788	18.409788	False	1	0.133
pro_lifelong	203	4	50	18675.385	18.675385	False	1	0.426
pro_lifelong	203	5	50	19974.797	19.974797	False	1	0.453
pro_lifelong	203	6	50	20130.317	20.130317	False	1	0.517
pro_lifelong	203	7	50	13604.269	13.604269	False	1	0.133
pro_lifelong	203	8	50	10069.112	10.069112	False	1	0.133
pro_lifelong	203	9	50	10718.267	10.718267	False	1	0.443
pro_lifelong	203	10	50	2863.913	2.863913	False	1	0.133
pro_lifelong	203	11	50	13013.200	13.013200	False	1	0.443
pro_lifelong	204	1	50	12043.339	12.043339	False	1	0.44
pro_lifelong	204	2	50	15662.260	15.662260	False	1	0.44
pro_lifelong	204	3	50	12690.757	12.690757	False	1	0.44
pro_lifelong	204	4	50	14638.978	14.638978	False	1	0.425
pro_lifelong	204	5	50	21522.506	21.522506	False	1	0.4
pro_lifelong	204	6	50	10855.968	10.855968	False	1	0.44
pro_lifelong	205	1	50	20486.497	20.486497	False	1	0.441
pro_lifelong	205	2	50	22340.031	22.340031	False	1	0.467
pro_lifelong	205	3	50	19008.290	19.008290	False	1	0.438
pro_lifelong	205	4	50	16685.693	16.685693	False	1	0.553
pro_lifelong	205	5	50	20205.853	20.205853	False	1	0.447
pro_lifelong	205	6	50	20332.789	20.332789	False	1	0.436
pro_lifelong	205	7	50	16207.273	16.207273	False	1	0.484
pro_lifelong	205	8	50	25008.946	25.008946	False	1	0.426
pro_lifelong	205	9	50	18257.191	18.257191	False	1	0.509
pro_lifelong	206	1	50	13933.755	13.933755	False	1	0.133
pro_lifelong	206	2	50	17956.802	17.956802	False	1	0.437
pro_lifelong	206	3	50	2483.592	2.483592	False	1	0.437
pro_lifelong	206	4	50	12747.190	12.747190	False	1	0.437
pro_lifelong	206	5	50	24508.855	24.508855	False	1	0.424
pro_lifelong	206	6	50	3289.968	3.289968	False	1	0.437
pro_lifelong	206	7	50	20518.746	20.518746	False	1	0.437
pro_lifelong	207	1	50	18622.277	18.622277	False	1	0.405
pro_lifelong	207	2	50	17748.391	17.748391	False	1	0.44
pro_lifelong	207	3	50	2763.106	2.763106	False	1	0.44
pro_lifelong	207	4	50	17578.617	17.578617	False	1	0.485
pro_lifelong	207	5	50	18623.619	18.623619	False	1	0.502
pro_lifelong	207	6	50	9799.774	9.799774	False	1	0.44
pro_lifelong	207	7	50	17340.052	17.340052	False	1	0.407
pro_lifelong	207	8	50	5638.039	5.638039	False	1	0.44
pro_lifelong	207	9	50	21047.642	21.047642	False	1	0.519
pro_lifelong	207	10	50	2875.114	2.875114	False	1	0.44
pro_lifelong	207	11	50	4278.340	4.278340	False	1	0.44
pro_lifelong	207	12	50	2102.432	2.102432	False	1	0.44
pro_lifelong	207	13	50	16047.960	16.047960	False	1	0.427
pro_lifelong	207	14	50	2658.612	2.658612	False	1	0.44
pro_lifelong	208	1	50	14982.831	14.982831	False	1	0.444
pro_lifelong	208	2	50	9938.038	9.938038	False	1	0.435
pro_lifelong	208	3	50	12944.427	12.944427	False	1	0.133
pro_lifelong	208	4	50	3072.413	3.072413	False	1	0.435
pro_lifelong	208	5	50	4135.382	4.135382	False	1	0.435
pro_lifelong	208	6	50	8515.253	8.515253	False	1	0.133
pro_lifelong	209	1	50	4886.590	4.886590	False	1	0.133
pro_lifelong	209	2	50	2969.984	2.969984	False	1	0.133
pro_lifelong	209	3	50	11848.882	11.848882	False	1	0.133
pro_lifelong	209	4	50	19544.169	19.544169	False	1	0.42
pro_lifelong	209	5	50	16908.702	16.908702	False	1	0.458
pro_lifelong	209	6	50	7588.580	7.588580	False	1	0.133
pro_lifelong	209	7	50	18368.422	18.368422	False	1	0.398
pro_lifelong	209	8	50	18581.097	18.581097	False	1	0.504
pro_lifelong	209	9	50	15762.637	15.762637	True	1	0.782
pro_lifelong	210	1	50	4137.995	4.137995	False	1	0.133
pro_lifelong	210	2	50	4476.507	4.476507	False	1	0.133
pro_lifelong	210	3	50	12752.482	12.752482	False	1	0.133
pro_lifelong	210	4	50	2163.195	2.163195	False	1	0.133
pro_lifelong	211	1	50	16424.644	16.424644	False	1	0.399
pro_lifelong	211	2	50	14850.787	14.850787	False	1	0.133
pro_lifelong	211	3	50	20690.051	20.690051	False	1	0.476
pro_lifelong	211	4	50	14713.247	14.713247	False	1	0.496
pro_lifelong	211	5	50	22167.404	22.167404	False	1	0.429
pro_lifelong	211	6	50	4361.650	4.361650	False	1	0.133
pro_lifelong	211	7	50	19027.940	19.027940	False	1	0.454
pro_lifelong	211	8	50	14195.755	14.195755	False	1	0.133
pro_lifelong	211	9	50	16971.886	16.971886	False	1	0.506
pro_lifelong	212	1	50	15247.441	15.247441	False	1	0.447
pro_lifelong	212	2	50	19309.751	19.309751	False	1	0.448
pro_lifelong	212	3	50	19920.464	19.920464	False	1	0.442
pro_lifelong	212	4	50	14319.585	14.319585	True	1	0.808
pro_lifelong	213	1	50	21574.259	21.574259	False	1	0.433
pro_lifelong	213	2	50	22806.354	22.806354	False	1	0.37
pro_lifelong	213	3	50	17173.684	17.173684	False	1	0.474
pro_lifelong	213	4	50	46634.200	46.634200	False	1	0.47
pro_lifelong	213	5	50	15029.525	15.029525	False	1	0.133
pro_lifelong	213	6	50	10172.592	10.172592	False	1	0.433
pro_lifelong	213	7	50	24942.631	24.942631	False	1	0.489
pro_lifelong	213	8	50	20339.570	20.339570	False	1	0.457
pro_lifelong	213	9	50	16043.569	16.043569	False	1	0.471
pro_lifelong	213	10	50	19473.055	19.473055	False	1	0.439
pro_lifelong	213	11	50	15654.890	15.654890	False	1	0.133
pro_lifelong	213	12	50	2579.289	2.579289	False	1	0.433
pro_lifelong	214	1	50	17177.485	17.177485	False	1	0.441
pro_lifelong	214	2	50	13100.519	13.100519	False	1	0.133
pro_lifelong	214	3	50	13354.893	13.354893	True	1	0.782
pro_lifelong	215	1	50	19102.995	19.102995	False	1	0.432
pro_lifelong	215	2	50	9801.600	9.801600	False	1	0.434
pro_lifelong	215	3	50	16446.752	16.446752	False	1	0.435
pro_lifelong	215	4	50	3926.120	3.926120	False	1	0.434
pro_lifelong	215	5	50	20386.553	20.386553	False	1	0.471
pro_lifelong	215	6	50	2326.835	2.326835	False	1	0.434
pro_lifelong	215	7	50	18337.986	18.337986	False	1	0.436
pro_lifelong	215	8	50	12459.127	12.459127	False	1	0.133
pro_lifelong	215	9	50	20669.159	20.669159	False	1	0.414
pro_lifelong	215	10	50	15450.177	15.450177	False	1	0.133
pro_lifelong	216	1	50	14956.776	14.956776	False	1	0.133
pro_lifelong	216	2	50	10727.110	10.727110	False	1	0.133
pro_lifelong	216	3	50	18570.024	18.570024	False	1	0.441
pro_lifelong	216	4	50	11803.504	11.803504	False	1	0.133
pro_lifelong	216	5	50	17904.641	17.904641	False	1	0.432
pro_lifelong	216	6	50	9473.680	9.473680	False	1	0.133
pro_lifelong	216	7	50	21092.352	21.092352	False	1	0.528
pro_lifelong	216	8	50	14087.977	14.087977	False	1	0.503
pro_lifelong	216	9	50	15747.930	15.747930	False	1	0.488
pro_lifelong	216	10	50	3484.543	3.484543	False	1	0.133
pro_lifelong	216	11	50	13558.716	13.558716	False	1	0.133
pro_lifelong	216	12	50	21748.189	21.748189	False	1	0.438
pro_lifelong	217	1	50	19903.341	19.903341	False	1	0.46
pro_lifelong	217	2	50	21533.916	21.533916	False	1	0.42
pro_lifelong	217	3	50	22692.390	22.692390	False	1	0.436
pro_lifelong	217	4	50	12712.293	12.712293	True	1	0.814
pro_lifelong	218	1	50	15326.068	15.326068	False	1	0.403
pro_lifelong	218	2	50	4674.796	4.674796	False	1	0.133
pro_lifelong	218	3	50	15857.181	15.857181	False	1	0.373
pro_lifelong	218	4	50	10342.519	10.342519	False	1	0.133
pro_lifelong	218	5	50	13313.075	13.313075	False	1	0.465
pro_lifelong	218	6	50	21342.297	21.342297	False	1	0.476
pro_lifelong	218	7	50	16888.035	16.888035	False	1	0.133
pro_lifelong	218	8	50	11398.845	11.398845	False	1	0.133
pro_lifelong	218	9	50	10106.018	10.106018	False	1	0.133
pro_lifelong	218	10	50	22114.477	22.114477	False	1	0.504
pro_lifelong	218	11	50	21261.140	21.261140	False	1	0.43
pro_lifelong	218	12	50	13153.380	13.153380	False	1	0.133
pro_lifelong	218	13	50	21336.321	21.336321	False	1	0.515
pro_lifelong	218	14	50	10172.461	10.172461	False	1	0.133
pro_lifelong	218	15	50	16379.780	16.379780	False	1	0.432
pro_lifelong	218	16	50	20274.826	20.274826	False	1	0.434
pro_lifelong	218	17	50	25478.777	25.478777	False	1	0.447
pro_lifelong	218	18	50	1983.581	1.983581	False	1	0.133
pro_lifelong	219	1	50	12185.838	12.185838	False	1	0.133
pro_lifelong	219	2	50	12449.036	12.449036	False	1	0.133
pro_lifelong	219	3	50	17062.746	17.062746	False	1	0.479
pro_lifelong	219	4	50	15113.738	15.113738	False	1	0.393
pro_lifelong	219	5	50	13151.261	13.151261	True	1	0.795
pro_lifelong	220	1	50	22536.682	22.536682	True	1	0.795
pro_lifelong	221	1	50	5379.192	5.379192	False	1	0.133
pro_lifelong	221	2	50	16949.893	16.949893	False	1	0.133
pro_lifelong	221	3	50	23072.700	23.072700	False	1	0.466
pro_lifelong	221	4	50	40905.545	40.905545	False	1	0.372
pro_lifelong	221	5	50	21483.470	21.483470	False	1	0.43
pro_lifelong	221	6	50	14267.252	14.267252	False	1	0.133
pro_lifelong	221	7	50	5297.948	5.297948	False	1	0.133
pro_lifelong	221	8	50	1687.088	1.687088	False	1	0.133
pro_lifelong	222	1	50	10399.716	10.399716	False	1	0.438
pro_lifelong	222	2	50	17529.555	17.529555	False	1	0.425
pro_lifelong	222	3	50	19486.649	19.486649	False	1	0.415
pro_lifelong	222	4	50	21303.093	21.303093	False	1	0.429
pro_lifelong	222	5	50	2812.363	2.812363	False	1	0.438
pro_lifelong	222	6	50	4520.280	4.520280	False	1	0.438
pro_lifelong	223	1	50	19521.361	19.521361	False	1	0.46
pro_lifelong	223	2	50	20693.180	20.693180	False	1	0.422
pro_lifelong	223	3	50	18004.961	18.004961	False	1	0.443
pro_lifelong	223	4	50	2838.969	2.838969	False	1	0.443
pro_lifelong	223	5	50	10315.231	10.315231	False	1	0.443
pro_lifelong	223	6	50	17410.187	17.410187	False	1	0.457
pro_lifelong	224	1	50	11395.171	11.395171	False	1	0.133
pro_lifelong	224	2	50	31959.609	31.959609	False	1	0.474
pro_lifelong	224	3	50	10810.486	10.810486	False	1	0.133
pro_lifelong	224	4	50	6354.594	6.354594	False	1	0.133
pro_lifelong	224	5	50	27117.209	27.117209	False	1	0.424
pro_lifelong	224	6	50	21226.837	21.226837	False	1	0.434
pro_lifelong	224	7	50	25068.513	25.068513	False	1	0.536
pro_lifelong	224	8	50	2222.879	2.222879	False	1	0.133
pro_lifelong	224	9	50	13242.255	13.242255	True	1	0.797
pro_lifelong	225	1	50	15157.833	15.157833	True	1	0.824
pro_lifelong	226	1	50	20322.461	20.322461	False	1	0.438
pro_lifelong	226	2	50	13010.154	13.010154	False	1	0.438
pro_lifelong	226	3	50	22397.785	22.397785	False	1	0.503
pro_lifelong	226	4	50	14740.607	14.740607	False	1	0.133
pro_lifelong	226	5	50	3781.079	3.781079	False	1	0.438
pro_lifelong	226	6	50	2645.504	2.645504	False	1	0.438
pro_lifelong	226	7	50	2400.388	2.400388	False	1	0.438
pro_lifelong	226	8	50	12098.121	12.098121	False	1	0.438
pro_lifelong	227	1	50	15662.594	15.662594	False	1	0.363
pro_lifelong	227	2	50	19780.736	19.780736	False	1	0.38
pro_lifelong	227	3	50	23172.910	23.172910	False	1	0.388
pro_lifelong	227	4	50	20299.418	20.299418	False	1	0.442
pro_lifelong	227	5	50	12971.052	12.971052	False	1	0.133
pro_lifelong	227	6	50	5150.111	5.150111	False	1	0.133
pro_lifelong	227	7	50	14277.238	14.277238	False	1	0.133
pro_lifelong	227	8	50	18193.663	18.193663	False	1	0.471
pro_lifelong	227	9	50	16380.702	16.380702	False	1	0.479
pro_lifelong	227	10	50	18689.583	18.689583	False	1	0.447
pro_lifelong	227	11	50	10924.313	10.924313	False	1	0.133
pro_lifelong	227	12	50	1913.434	1.913434	False	1	0.133
pro_lifelong	227	13	50	15358.146	15.358146	False	1	0.133
pro_lifelong	228	1	50	18150.634	18.150634	False	1	0.441
pro_lifelong	228	2	50	8221.865	8.221865	False	1	0.441
pro_lifelong	228	3	50	20515.206	20.515206	False	1	0.462
pro_lifelong	228	4	50	14478.752	14.478752	False	1	0.44
pro_lifelong	228	5	50	5468.260	5.468260	False	1	0.133
pro_lifelong	228	6	50	11667.918	11.667918	False	1	0.133
pro_lifelong	228	7	50	15323.051	15.323051	False	1	0.133
pro_lifelong	228	8	50	15320.167	15.320167	False	1	0.369
pro_lifelong	229	1	50	26123.171	26.123171	False	1	0.456
pro_lifelong	229	2	50	18962.622	18.962622	False	1	0.444
pro_lifelong	229	3	50	17453.887	17.453887	False	1	0.46
pro_lifelong	229	4	50	5541.361	5.541361	False	1	0.133
pro_lifelong	229	5	50	10714.780	10.714780	False	1	0.133
pro_lifelong	229	6	50	14189.519	14.189519	False	1	0.133
pro_lifelong	230	1	50	16967.556	16.967556	False	1	0.434
pro_lifelong	230	2	50	5055.955	5.055955	False	1	0.133
pro_lifelong	230	3	50	17069.903	17.069903	False	1	0.461
pro_lifelong	230	4	50	13281.863	13.281863	False	1	0.133
pro_lifelong	230	5	50	8377.832	8.377832	False	1	0.133
pro_lifelong	230	6	50	17425.028	17.425028	False	1	0.457
pro_lifelong	230	7	50	14968.069	14.968069	False	1	0.434
pro_lifelong	230	8	50	14096.023	14.096023	False	1	0.133
pro_lifelong	231	1	50	6313.782	6.313782	False	1	0.133
pro_lifelong	231	2	50	19721.707	19.721707	False	1	0.133
pro_lifelong	231	3	50	18098.678	18.098678	False	1	0.536
pro_lifelong	231	4	50	9141.100	9.141100	False	1	0.133
pro_lifelong	231	5	50	17098.832	17.098832	False	1	0.458
pro_lifelong	231	6	50	16137.548	16.137548	False	1	0.481
pro_lifelong	231	7	50	18918.606	18.918606	False	1	0.513
pro_lifelong	231	8	50	13629.922	13.629922	False	1	0.133
pro_lifelong	232	1	50	11606.821	11.606821	False	1	0.133
pro_lifelong	232	2	50	25804.407	25.804407	False	1	0.509
pro_lifelong	232	3	50	14978.144	14.978144	False	1	0.133
pro_lifelong	232	4	50	12533.747	12.533747	True	1	0.817
pro_lifelong	233	1	50	14475.168	14.475168	False	1	0.389
pro_lifelong	233	2	50	21455.820	21.455820	False	1	0.386
pro_lifelong	233	3	50	17943.562	17.943562	False	1	0.133
pro_lifelong	233	4	50	23386.752	23.386752	False	1	0.437
pro_lifelong	233	5	50	13437.610	13.437610	False	1	0.133
pro_lifelong	233	6	50	10784.536	10.784536	False	1	0.133
pro_lifelong	233	7	50	3863.836	3.863836	False	1	0.437
pro_lifelong	233	8	50	11936.256	11.936256	False	1	0.437
pro_lifelong	233	9	50	21794.918	21.794918	False	1	0.459
pro_lifelong	233	10	50	13546.004	13.546004	False	1	0.133
pro_lifelong	233	11	50	14918.459	14.918459	False	1	0.133
pro_lifelong	233	12	50	16418.967	16.418967	False	1	0.421
pro_lifelong	233	13	50	22332.251	22.332251	False	1	0.439
pro_lifelong	233	14	50	20850.017	20.850017	False	1	0.424
pro_lifelong	234	1	50	5192.890	5.192890	False	1	0.133
pro_lifelong	234	2	50	10210.676	10.210676	False	1	0.133
pro_lifelong	234	3	50	11663.547	11.663547	False	1	0.133
pro_lifelong	234	4	50	15603.476	15.603476	False	1	0.429
pro_lifelong	234	5	50	2887.842	2.887842	False	1	0.133
pro_lifelong	234	6	50	18120.638	18.120638	False	1	0.38
pro_lifelong	234	7	50	19391.902	19.391902	False	1	0.493
pro_lifelong	234	8	50	1975.368	1.975368	False	1	0.133
pro_lifelong	234	9	50	12079.322	12.079322	False	1	0.133
pro_lifelong	234	10	50	12240.553	12.240553	False	1	0.133
pro_lifelong	234	11	50	22561.291	22.561291	False	1	0.44
pro_lifelong	234	12	50	20501.527	20.501527	False	1	0.492
pro_lifelong	235	1	50	25721.252	25.721252	False	1	0.415
pro_lifelong	235	2	50	15279.007	15.279007	False	1	0.133
pro_lifelong	235	3	50	13821.763	13.821763	False	1	0.133
pro_lifelong	235	4	50	3022.347	3.022347	False	1	0.133
pro_lifelong	235	5	50	17654.646	17.654646	False	1	0.133
pro_lifelong	236	1	50	4568.300	4.568300	False	1	0.133
pro_lifelong	236	2	50	21991.275	21.991275	False	1	0.454
pro_lifelong	236	3	50	19693.664	19.693664	False	1	0.433
pro_lifelong	236	4	50	25931.269	25.931269	False	1	0.465
pro_lifelong	236	5	50	3312.631	3.312631	False	1	0.133
pro_lifelong	236	6	50	18009.042	18.009042	False	1	0.133
pro_lifelong	236	7	50	3780.088	3.780088	False	1	0.133
pro_lifelong	236	8	50	18921.547	18.921547	False	1	0.506
pro_lifelong	236	9	50	18868.917	18.868917	False	1	0.509
pro_lifelong	236	10	50	11640.561	11.640561	False	1	0.133
pro_lifelong	236	11	50	16824.543	16.824543	False	1	0.435
pro_lifelong	236	12	50	17164.397	17.164397	False	1	0.516
pro_lifelong	236	13	50	19620.070	19.620070	False	1	0.458
pro_lifelong	237	1	50	16268.754	16.268754	False	1	0.454
pro_lifelong	237	2	50	20620.545	20.620545	False	1	0.428
pro_lifelong	237	3	50	10048.372	10.048372	False	1	0.447
pro_lifelong	237	4	50	2798.011	2.798011	False	1	0.447
pro_lifelong	237	5	50	12511.824	12.511824	False	1	0.434
pro_lifelong	237	6	50	2809.703	2.809703	False	1	0.447
pro_lifelong	238	1	50	4512.858	4.512858	False	1	0.133
pro_lifelong	238	2	50	1923.475	1.923475	False	1	0.133
pro_lifelong	238	3	50	17305.889	17.305889	False	1	0.433
pro_lifelong	238	4	50	2323.945	2.323945	False	1	0.133
pro_lifelong	238	5	50	13978.251	13.978251	False	1	0.133
pro_lifelong	238	6	50	16495.416	16.495416	False	1	0.482
pro_lifelong	238	7	50	10218.341	10.218341	False	1	0.133
pro_lifelong	238	8	50	10929.934	10.929934	False	1	0.433
pro_lifelong	238	9	50	17123.860	17.123860	False	1	0.133
pro_lifelong	238	10	50	27954.388	27.954388	False	1	0.473
pro_lifelong	238	11	50	2658.965	2.658965	False	1	0.133
pro_lifelong	239	1	50	13207.278	13.207278	False	1	0.133
pro_lifelong	239	2	50	22235.948	22.235948	False	1	0.463
pro_lifelong	239	3	50	12266.383	12.266383	False	1	0.133
pro_lifelong	239	4	50	23569.128	23.569128	False	1	0.133
pro_lifelong	239	5	50	16587.017	16.587017	False	1	0.133
pro_lifelong	239	6	50	2825.352	2.825352	False	1	0.133
pro_lifelong	240	1	50	15634.072	15.634072	False	1	0.133
pro_lifelong	240	2	50	14812.186	14.812186	False	1	0.435
pro_lifelong	240	3	50	13226.709	13.226709	False	1	0.133
pro_lifelong	240	4	50	10408.399	10.408399	False	1	0.435
pro_lifelong	240	5	50	10665.657	10.665657	False	1	0.432
pro_lifelong	240	6	50	1991.411	1.991411	False	1	0.432
pro_lifelong	240	7	50	3537.077	3.537077	False	1	0.432
pro_lifelong	241	1	50	12839.447	12.839447	False	1	0.133
pro_lifelong	241	2	50	18389.975	18.389975	False	1	0.462
pro_lifelong	241	3	50	7457.776	7.457776	False	1	0.442
pro_lifelong	241	4	50	2552.584	2.552584	False	1	0.442
pro_lifelong	241	5	50	19592.667	19.592667	False	1	0.46
pro_lifelong	241	6	50	11174.521	11.174521	False	1	0.133
pro_lifelong	241	7	50	18976.953	18.976953	False	1	0.45
pro_lifelong	242	1	50	13650.480	13.650480	False	1	0.133
pro_lifelong	242	2	50	7774.328	7.774328	False	1	0.474
pro_lifelong	242	3	50	17271.868	17.271868	False	1	0.44
pro_lifelong	242	4	50	13810.802	13.810802	True	1	0.783
pro_lifelong	243	1	50	9794.782	9.794782	False	1	0.133
pro_lifelong	243	2	50	10380.091	10.380091	False	1	0.133
pro_lifelong	243	3	50	13326.284	13.326284	False	1	0.133
pro_lifelong	243	4	50	2962.088	2.962088	False	1	0.133
pro_lifelong	244	1	50	18116.503	18.116503	False	1	0.436
pro_lifelong	244	2	50	20495.034	20.495034	False	1	0.393
pro_lifelong	244	3	50	10437.313	10.437313	False	1	0.436
pro_lifelong	244	4	50	15932.954	15.932954	False	1	0.436
pro_lifelong	244	5	50	8510.102	8.510102	False	1	0.133
pro_lifelong	244	6	50	2791.963	2.791963	False	1	0.436
pro_lifelong	245	1	50	22559.667	22.559667	False	1	0.44
pro_lifelong	245	2	50	21567.305	21.567305	False	1	0.482
pro_lifelong	245	3	50	20271.776	20.271776	False	1	0.443
pro_lifelong	245	4	50	11906.077	11.906077	False	1	0.424
pro_lifelong	245	5	50	2555.715	2.555715	False	1	0.44
pro_lifelong	245	6	50	14506.260	14.506260	False	1	0.133
pro_lifelong	245	7	50	1918.166	1.918166	False	1	0.44
pro_lifelong	246	1	50	23175.923	23.175923	False	1	0.349
pro_lifelong	246	2	50	4702.687	4.702687	False	1	0.133
pro_lifelong	246	3	50	18369.029	18.369029	False	1	0.465
pro_lifelong	246	4	50	13868.177	13.868177	False	1	0.133
pro_lifelong	246	5	50	19266.026	19.266026	False	1	0.435
pro_lifelong	246	6	50	4825.436	4.825436	False	1	0.133
pro_lifelong	246	7	50	15144.616	15.144616	False	1	0.133
pro_lifelong	246	8	50	16736.204	16.736204	False	1	0.432
pro_lifelong	247	1	50	18454.302	18.454302	False	1	0.133
pro_lifelong	247	2	50	15072.356	15.072356	False	1	0.476
pro_lifelong	247	3	50	10835.139	10.835139	False	1	0.133
pro_lifelong	247	4	50	20605.213	20.605213	False	1	0.406
pro_lifelong	247	5	50	15346.084	15.346084	False	1	0.386
pro_lifelong	247	6	50	2449.194	2.449194	False	1	0.133
pro_lifelong	247	7	50	23096.669	23.096669	False	1	0.47
pro_lifelong	248	1	50	20459.709	20.459709	False	1	0.444
pro_lifelong	248	2	50	14541.084	14.541084	False	1	0.133
pro_lifelong	248	3	50	21834.528	21.834528	False	1	0.49
pro_lifelong	248	4	50	2556.196	2.556196	False	1	0.133
pro_lifelong	248	5	50	15315.035	15.315035	False	1	0.477
pro_lifelong	248	6	50	10105.979	10.105979	False	1	0.444
pro_lifelong	248	7	50	18537.054	18.537054	False	1	0.458
pro_lifelong	248	8	50	21346.565	21.346565	False	1	0.431
pro_lifelong	249	1	50	22116.210	22.116210	False	1	0.435
pro_lifelong	249	2	50	16254.253	16.254253	False	1	0.371
pro_lifelong	249	3	50	10076.915	10.076915	False	1	0.133
pro_lifelong	249	4	50	19366.846	19.366846	False	1	0.395
pro_lifelong	249	5	50	15128.645	15.128645	False	1	0.133
pro_lifelong	249	6	50	4736.293	4.736293	False	1	0.133
pro_lifelong	250	1	50	11536.817	11.536817	False	1	0.133
pro_lifelong	250	2	50	9577.562	9.577562	False	1	0.424
pro_lifelong	250	3	50	2284.783	2.284783	False	1	0.424
pro_lifelong	250	4	50	2497.868	2.497868	False	1	0.424
pro_lifelong	250	5	50	3241.843	3.241843	False	1	0.424
pro_lifelong	250	6	50	18475.362	18.475362	False	1	0.482
pro_lifelong	250	7	50	18367.066	18.367066	False	1	0.521
pro_lifelong	250	8	50	17492.582	17.492582	False	1	0.375
pro_lifelong	250	9	50	13211.488	13.211488	False	1	0.424
pro_lifelong	250	10	50	20452.902	20.452902	False	1	0.429
pro_lifelong	250	11	50	19768.115	19.768115	False	1	0.45
pro_lifelong	250	12	50	20658.889	20.658889	False	1	0.523
pro_lifelong	251	1	50	11383.172	11.383172	False	1	0.133
pro_lifelong	251	2	50	15938.915	15.938915	False	1	0.422
pro_lifelong	251	3	50	12869.619	12.869619	False	1	0.133
pro_lifelong	251	4	50	11107.233	11.107233	False	1	0.422
pro_lifelong	251	5	50	11253.940	11.253940	False	1	0.422
pro_lifelong	251	6	50	11510.389	11.510389	False	1	0.422
pro_lifelong	251	7	50	3176.087	3.176087	False	1	0.422
pro_lifelong	252	1	50	12331.015	12.331015	False	1	0.133
pro_lifelong	252	2	50	20225.796	20.225796	False	1	0.428
pro_lifelong	252	3	50	23232.726	23.232726	False	1	0.449
pro_lifelong	252	4	50	12401.117	12.401117	True	1	0.855
pro_lifelong	253	1	50	23827.363	23.827363	False	1	0.416
pro_lifelong	253	2	50	19103.657	19.103657	False	1	0.419
pro_lifelong	253	3	50	11741.660	11.741660	False	1	0.133
pro_lifelong	253	4	50	18383.415	18.383415	False	1	0.435
pro_lifelong	253	5	50	2800.561	2.800561	False	1	0.416
pro_lifelong	253	6	50	11933.118	11.933118	False	1	0.133
pro_lifelong	253	7	50	10810.009	10.810009	False	1	0.416
pro_lifelong	253	8	50	4041.248	4.041248	False	1	0.416
pro_lifelong	253	9	50	17237.848	17.237848	False	1	0.133
pro_lifelong	254	1	50	14392.574	14.392574	False	1	0.133
pro_lifelong	254	2	50	20052.300	20.052300	False	1	0.437
pro_lifelong	254	3	50	19104.296	19.104296	False	1	0.415
pro_lifelong	254	4	50	28081.210	28.081210	False	1	0.484
pro_lifelong	254	5	50	15799.743	15.799743	False	1	0.341
pro_lifelong	254	6	50	19858.895	19.858895	False	1	0.454
pro_lifelong	254	7	50	24372.097	24.372097	False	1	0.447
pro_lifelong	254	8	50	20763.597	20.763597	False	1	0.46
pro_lifelong	254	9	50	4601.351	4.601351	False	1	0.133
pro_lifelong	255	1	50	18286.879	18.286879	False	1	0.479
pro_lifelong	255	2	50	20010.490	20.010490	False	1	0.512
pro_lifelong	255	3	50	19341.421	19.341421	False	1	0.419
pro_lifelong	255	4	50	16801.605	16.801605	False	1	0.467
pro_lifelong	255	5	50	7975.999	7.975999	False	1	0.425
pro_lifelong	255	6	50	16395.162	16.395162	False	1	0.466
pro_lifelong	255	7	50	9436.981	9.436981	False	1	0.499
pro_lifelong	256	1	50	8569.662	8.569662	False	1	0.133
pro_lifelong	256	2	50	16678.968	16.678968	False	1	0.387
pro_lifelong	256	3	50	21491.200	21.491200	False	1	0.394
pro_lifelong	256	4	50	16461.441	16.461441	False	1	0.503
pro_lifelong	256	5	50	16502.461	16.502461	False	1	0.431
pro_lifelong	256	6	50	2488.828	2.488828	False	1	0.431
pro_lifelong	256	7	50	22359.974	22.359974	False	1	0.471
pro_lifelong	256	8	50	11461.357	11.461357	False	1	0.431
pro_lifelong	256	9	50	17370.493	17.370493	False	1	0.133
pro_lifelong	257	1	50	10166.754	10.166754	False	1	0.43
pro_lifelong	257	2	50	11774.323	11.774323	True	1	0.831
pro_lifelong	258	1	50	13467.474	13.467474	False	1	0.133
pro_lifelong	258	2	50	16882.563	16.882563	False	1	0.396
pro_lifelong	258	3	50	17914.595	17.914595	False	1	0.464
pro_lifelong	258	4	50	19721.364	19.721364	False	1	0.433
pro_lifelong	258	5	50	19780.356	19.780356	False	1	0.366
pro_lifelong	258	6	50	29748.234	29.748234	False	1	0.415
pro_lifelong	258	7	50	14181.550	14.181550	False	1	0.133
pro_lifelong	258	8	50	15565.692	15.565692	False	1	0.133
pro_lifelong	259	1	50	13330.831	13.330831	False	1	0.133
pro_lifelong	259	2	50	17178.414	17.178414	False	1	0.451
pro_lifelong	259	3	50	7813.160	7.813160	False	1	0.433
pro_lifelong	259	4	50	5382.609	5.382609	False	1	0.433
pro_lifelong	259	5	50	22065.926	22.065926	False	1	0.408
pro_lifelong	259	6	50	2713.907	2.713907	False	1	0.433
pro_lifelong	259	7	50	34823.454	34.823454	False	1	0.456
pro_lifelong	260	1	50	17734.696	17.734696	False	1	0.468
pro_lifelong	260	2	50	9706.432	9.706432	False	1	0.424
pro_lifelong	260	3	50	16001.302	16.001302	False	1	0.424
pro_lifelong	260	4	50	3795.021	3.795021	False	1	0.424
pro_lifelong	260	5	50	11512.282	11.512282	False	1	0.424
pro_lifelong	260	6	50	16527.643	16.527643	False	1	0.418
pro_lifelong	261	1	50	19564.640	19.564640	False	1	0.474
pro_lifelong	261	2	50	18691.986	18.691986	False	1	0.433
pro_lifelong	261	3	50	13389.511	13.389511	False	1	0.133
pro_lifelong	261	4	50	25719.679	25.719679	False	1	0.422
pro_lifelong	261	5	50	21041.893	21.041893	False	1	0.426
pro_lifelong	261	6	50	38185.999	38.185999	False	1	0.422
pro_lifelong	262	1	50	22255.912	22.255912	False	1	0.465
pro_lifelong	262	2	50	18614.616	18.614616	False	1	0.46
pro_lifelong	262	3	50	18724.444	18.724444	False	1	0.435
pro_lifelong	262	4	50	3766.951	3.766951	False	1	0.435
pro_lifelong	262	5	50	2633.157	2.633157	False	1	0.435
pro_lifelong	262	6	50	10661.232	10.661232	False	1	0.435
pro_lifelong	263	1	50	14783.230	14.783230	False	1	0.421
pro_lifelong	263	2	50	20872.698	20.872698	False	1	0.43
pro_lifelong	263	3	50	26491.303	26.491303	False	1	0.442
pro_lifelong	263	4	50	19162.561	19.162561	False	1	0.396
pro_lifelong	263	5	50	18259.063	18.259063	False	1	0.43
pro_lifelong	263	6	50	18277.038	18.277038	False	1	0.382
pro_lifelong	263	7	50	10805.709	10.805709	False	1	0.426
pro_lifelong	263	8	50	22914.480	22.914480	False	1	0.423
pro_lifelong	264	1	50	15456.860	15.456860	False	1	0.398
pro_lifelong	264	2	50	19712.118	19.712118	False	1	0.425
pro_lifelong	264	3	50	9986.007	9.986007	False	1	0.423
pro_lifelong	264	4	50	14008.030	14.008030	False	1	0.425
pro_lifelong	264	5	50	20137.743	20.137743	False	1	0.385
pro_lifelong	264	6	50	18820.996	18.820996	False	1	0.432
pro_lifelong	264	7	50	4226.932	4.226932	False	1	0.423
pro_lifelong	265	1	50	8621.661	8.621661	False	1	0.431
pro_lifelong	265	2	50	20810.488	20.810488	False	1	0.431
pro_lifelong	265	3	50	2782.953	2.782953	False	1	0.431
pro_lifelong	265	4	50	17249.729	17.249729	False	1	0.421
pro_lifelong	265	5	50	21256.429	21.256429	False	1	0.39
pro_lifelong	265	6	50	9259.418	9.259418	False	1	0.133
pro_lifelong	266	1	50	20360.335	20.360335	False	1	0.43
pro_lifelong	266	2	50	21693.687	21.693687	False	1	0.443
pro_lifelong	266	3	50	8601.105	8.601105	False	1	0.443
pro_lifelong	266	4	50	8998.726	8.998726	False	1	0.429
pro_lifelong	266	5	50	17492.147	17.492147	False	1	0.422
pro_lifelong	266	6	50	31396.088	31.396088	False	1	0.462
pro_lifelong	266	7	50	16334.095	16.334095	False	1	0.435
pro_lifelong	266	8	50	3264.865	3.264865	False	1	0.429
pro_lifelong	266	9	50	3063.222	3.063222	False	1	0.429
pro_lifelong	266	10	50	19416.983	19.416983	False	1	0.432
pro_lifelong	266	11	50	18585.873	18.585873	False	1	0.431
pro_lifelong	267	1	50	19193.690	19.193690	False	1	0.421
pro_lifelong	267	2	50	16634.804	16.634804	False	1	0.427
pro_lifelong	267	3	50	2912.888	2.912888	False	1	0.427
pro_lifelong	267	4	50	4862.849	4.862849	False	1	0.427
pro_lifelong	267	5	50	21782.037	21.782037	False	1	0.445
pro_lifelong	267	6	50	15168.805	15.168805	False	1	0.427
pro_lifelong	267	7	50	18627.782	18.627782	False	1	0.483
pro_lifelong	267	8	50	21069.977	21.069977	False	1	0.495
pro_lifelong	267	9	50	27664.943	27.664943	False	1	0.475
pro_lifelong	267	10	50	20031.328	20.031328	False	1	0.406
pro_lifelong	267	11	50	20863.130	20.863130	False	1	0.435
pro_lifelong	267	12	50	2314.463	2.314463	False	1	0.427
pro_lifelong	267	13	50	2405.056	2.405056	False	1	0.427
pro_lifelong	268	1	50	17544.160	17.544160	False	1	0.422
pro_lifelong	268	2	50	13892.543	13.892543	False	1	0.133
pro_lifelong	268	3	50	3203.959	3.203959	False	1	0.422
pro_lifelong	268	4	50	19092.470	19.092470	False	1	0.476
pro_lifelong	268	5	50	3538.217	3.538217	False	1	0.422
pro_lifelong	268	6	50	16083.724	16.083724	False	1	0.474
pro_lifelong	268	7	50	2915.090	2.915090	False	1	0.422
pro_lifelong	268	8	50	19892.371	19.892371	False	1	0.394
pro_lifelong	268	9	50	19314.089	19.314089	False	1	0.43
pro_lifelong	269	1	50	18744.799	18.744799	False	1	0.414
pro_lifelong	269	2	50	17075.882	17.075882	False	1	0.133
pro_lifelong	269	3	50	21381.557	21.381557	False	1	0.417
pro_lifelong	269	4	50	21419.194	21.419194	False	1	0.425
pro_lifelong	269	5	50	14746.733	14.746733	False	1	0.133
pro_lifelong	269	6	50	2878.007	2.878007	False	1	0.133
pro_lifelong	269	7	50	11352.654	11.352654	False	1	0.133
pro_lifelong	269	8	50	15929.405	15.929405	False	1	0.461
pro_lifelong	269	9	50	26546.233	26.546233	False	1	0.538
pro_lifelong	269	10	50	1896.197	1.896197	False	1	0.133
pro_lifelong	269	11	50	9780.452	9.780452	False	1	0.133
pro_lifelong	269	12	50	18455.205	18.455205	False	1	0.453
pro_lifelong	269	13	50	4116.882	4.116882	False	1	0.133
pro_lifelong	269	14	50	20187.313	20.187313	False	1	0.478
pro_lifelong	270	1	50	17163.236	17.163236	False	1	0.457
pro_lifelong	270	2	50	19315.592	19.315592	False	1	0.386
pro_lifelong	270	3	50	17645.549	17.645549	False	1	0.481
pro_lifelong	270	4	50	11200.635	11.200635	False	1	0.416
pro_lifelong	270	5	50	19183.493	19.183493	False	1	0.441
pro_lifelong	270	6	50	13672.898	13.672898	False	1	0.397
pro_lifelong	270	7	50	9138.634	9.138634	False	1	0.416
pro_lifelong	270	8	50	23724.152	23.724152	False	1	0.411
pro_lifelong	271	1	50	17918.636	17.918636	False	1	0.418
pro_lifelong	271	2	50	21487.640	21.487640	False	1	0.428
pro_lifelong	271	3	50	2519.324	2.519324	False	1	0.418
pro_lifelong	271	4	50	13772.322	13.772322	False	1	0.418
pro_lifelong	271	5	50	17161.580	17.161580	False	1	0.428
pro_lifelong	271	6	50	12016.264	12.016264	False	1	0.428
pro_lifelong	272	1	50	16332.719	16.332719	False	1	0.431
pro_lifelong	272	2	50	16480.857	16.480857	False	1	0.429
pro_lifelong	272	3	50	19906.933	19.906933	False	1	0.454
pro_lifelong	272	4	50	18039.012	18.039012	False	1	0.419
pro_lifelong	272	5	50	10099.620	10.099620	False	1	0.419
pro_lifelong	272	6	50	3598.818	3.598818	False	1	0.419
pro_lifelong	272	7	50	11745.742	11.745742	False	1	0.434
pro_lifelong	272	8	50	11556.539	11.556539	False	1	0.133
pro_lifelong	273	1	50	16311.718	16.311718	False	1	0.434
pro_lifelong	273	2	50	16583.253	16.583253	False	1	0.133
pro_lifelong	273	3	50	18009.788	18.009788	False	1	0.355
pro_lifelong	273	4	50	19678.880	19.678880	False	1	0.497
pro_lifelong	273	5	50	19620.539	19.620539	False	1	0.422
pro_lifelong	273	6	50	16894.824	16.894824	False	1	0.482
pro_lifelong	273	7	50	19706.291	19.706291	False	1	0.421
pro_lifelong	273	8	50	3763.152	3.763152	False	1	0.422
pro_lifelong	273	9	50	17562.269	17.562269	False	1	0.431
pro_lifelong	274	1	50	16500.448	16.500448	False	1	0.387
pro_lifelong	274	2	50	20125.193	20.125193	False	1	0.46
pro_lifelong	274	3	50	15538.460	15.538460	False	1	0.426
pro_lifelong	274	4	50	10073.901	10.073901	False	1	0.426
pro_lifelong	274	5	50	17905.860	17.905860	False	1	0.444
pro_lifelong	274	6	50	19189.987	19.189987	False	1	0.454
pro_lifelong	274	7	50	19315.822	19.315822	False	1	0.459
pro_lifelong	275	1	50	19053.446	19.053446	False	1	0.482
pro_lifelong	275	2	50	7927.754	7.927754	False	1	0.432
pro_lifelong	275	3	50	16697.639	16.697639	False	1	0.477
pro_lifelong	275	4	50	9621.128	9.621128	False	1	0.451
pro_lifelong	275	5	50	16987.351	16.987351	False	1	0.437
pro_lifelong	275	6	50	3535.789	3.535789	False	1	0.451
pro_lifelong	276	1	50	12707.588	12.707588	False	1	0.133
pro_lifelong	276	2	50	16757.073	16.757073	False	1	0.452
pro_lifelong	276	3	50	9664.438	9.664438	False	1	0.441
pro_lifelong	276	4	50	12495.939	12.495939	False	1	0.133
pro_lifelong	276	5	50	12641.772	12.641772	False	1	0.133
pro_lifelong	276	6	50	2488.640	2.488640	False	1	0.441
pro_lifelong	276	7	50	11332.490	11.332490	False	1	0.441
pro_lifelong	277	1	50	12598.924	12.598924	False	1	0.133
pro_lifelong	277	2	50	21427.129	21.427129	False	1	0.507
pro_lifelong	277	3	50	17771.941	17.771941	False	1	0.433
pro_lifelong	277	4	50	5020.958	5.020958	False	1	0.433
pro_lifelong	277	5	50	3928.637	3.928637	False	1	0.433
pro_lifelong	277	6	50	10780.806	10.780806	False	1	0.133
pro_lifelong	277	7	50	2822.687	2.822687	False	1	0.433
pro_lifelong	278	1	50	16758.397	16.758397	False	1	0.133
pro_lifelong	278	2	50	16962.646	16.962646	False	1	0.455
pro_lifelong	278	3	50	16139.132	16.139132	False	1	0.452
pro_lifelong	278	4	50	22877.023	22.877023	False	1	0.473
pro_lifelong	278	5	50	20386.199	20.386199	False	1	0.498
pro_lifelong	278	6	50	10093.328	10.093328	False	1	0.429
pro_lifelong	278	7	50	12602.572	12.602572	False	1	0.429
pro_lifelong	278	8	50	17879.843	17.879843	False	1	0.364
pro_lifelong	278	9	50	18183.032	18.183032	False	1	0.513
pro_lifelong	278	10	50	17791.290	17.791290	False	1	0.446
pro_lifelong	278	11	50	10509.029	10.509029	False	1	0.429
pro_lifelong	278	12	50	15270.218	15.270218	False	1	0.492
pro_lifelong	278	13	50	7175.431	7.175431	False	1	0.429
pro_lifelong	278	14	50	17592.034	17.592034	False	1	0.493
pro_lifelong	279	1	50	19241.839	19.241839	False	1	0.442
pro_lifelong	279	2	50	19541.976	19.541976	False	1	0.473
pro_lifelong	279	3	50	18178.701	18.178701	False	1	0.434
pro_lifelong	279	4	50	21878.654	21.878654	False	1	0.472
pro_lifelong	279	5	50	18191.181	18.191181	False	1	0.459
pro_lifelong	279	6	50	10908.024	10.908024	False	1	0.473
pro_lifelong	279	7	50	17438.247	17.438247	False	1	0.428
pro_lifelong	280	1	50	4142.023	4.142023	False	1	0.133
pro_lifelong	280	2	50	18377.463	18.377463	False	1	0.426
pro_lifelong	280	3	50	19578.522	19.578522	False	1	0.534
pro_lifelong	280	4	50	20609.022	20.609022	False	1	0.456
pro_lifelong	280	5	50	17668.918	17.668918	False	1	0.409
pro_lifelong	280	6	50	10263.270	10.263270	False	1	0.426
pro_lifelong	280	7	50	11655.271	11.655271	False	1	0.133
pro_lifelong	280	8	50	2451.893	2.451893	False	1	0.133
pro_lifelong	281	1	50	7537.750	7.537750	False	1	0.434
pro_lifelong	281	2	50	18886.562	18.886562	False	1	0.53
pro_lifelong	281	3	50	16600.645	16.600645	False	1	0.439
pro_lifelong	281	4	50	17436.842	17.436842	False	1	0.438
pro_lifelong	281	5	50	16912.133	16.912133	False	1	0.47
pro_lifelong	281	6	50	2052.463	2.052463	False	1	0.434
pro_lifelong	281	7	50	14256.974	14.256974	False	1	0.434
pro_lifelong	282	1	50	17046.611	17.046611	False	1	0.498
pro_lifelong	282	2	50	17416.930	17.416930	False	1	0.418
pro_lifelong	282	3	50	9966.701	9.966701	False	1	0.413
pro_lifelong	282	4	50	11598.424	11.598424	False	1	0.418
pro_lifelong	282	5	50	12068.157	12.068157	False	1	0.418
pro_lifelong	282	6	50	10911.844	10.911844	False	1	0.413
pro_lifelong	283	1	50	19438.297	19.438297	False	1	0.44
pro_lifelong	283	2	50	9755.438	9.755438	False	1	0.433
pro_lifelong	283	3	50	29467.592	29.467592	False	1	0.461
pro_lifelong	283	4	50	18102.896	18.102896	False	1	0.44
pro_lifelong	283	5	50	16516.462	16.516462	False	1	0.447
pro_lifelong	283	6	50	12376.203	12.376203	False	1	0.433
pro_lifelong	283	7	50	5193.779	5.193779	False	1	0.433
pro_lifelong	283	8	50	15798.487	15.798487	False	1	0.452
pro_lifelong	284	1	50	18656.565	18.656565	False	1	0.491
pro_lifelong	284	2	50	16605.512	16.605512	False	1	0.447
pro_lifelong	284	3	50	7491.342	7.491342	False	1	0.439
pro_lifelong	284	4	50	18606.187	18.606187	False	1	0.45
pro_lifelong	284	5	50	18239.833	18.239833	False	1	0.467
pro_lifelong	284	6	50	13055.952	13.055952	False	1	0.513
pro_lifelong	284	7	50	14801.660	14.801660	False	1	0.447
pro_lifelong	284	8	50	4712.454	4.712454	False	1	0.439
pro_lifelong	284	9	50	12786.019	12.786019	False	1	0.133
pro_lifelong	284	10	50	12444.787	12.444787	False	1	0.447
pro_lifelong	284	11	50	19746.357	19.746357	False	1	0.422
pro_lifelong	285	1	50	10294.747	10.294747	False	1	0.441
pro_lifelong	285	2	50	18185.356	18.185356	False	1	0.441
pro_lifelong	285	3	50	18328.588	18.328588	False	1	0.448
pro_lifelong	285	4	50	18302.087	18.302087	False	1	0.441
pro_lifelong	285	5	50	3138.521	3.138521	False	1	0.441
pro_lifelong	285	6	50	35765.973	35.765973	False	1	0.432
pro_lifelong	286	1	50	17992.695	17.992695	False	1	0.43
pro_lifelong	286	2	50	13590.258	13.590258	False	1	0.43
pro_lifelong	286	3	50	20328.900	20.328900	False	1	0.444
pro_lifelong	286	4	50	18922.130	18.922130	False	1	0.458
pro_lifelong	286	5	50	16211.480	16.211480	False	1	0.43
pro_lifelong	286	6	50	15478.729	15.478729	False	1	0.133
pro_lifelong	286	7	50	14573.559	14.573559	False	1	0.133
pro_lifelong	286	8	50	13804.901	13.804901	False	1	0.462
pro_lifelong	286	9	50	17840.817	17.840817	False	1	0.427
pro_lifelong	287	1	50	8771.780	8.771780	False	1	0.446
pro_lifelong	287	2	50	18100.276	18.100276	False	1	0.445
pro_lifelong	287	3	50	14478.404	14.478404	False	1	0.479
pro_lifelong	287	4	50	16047.719	16.047719	False	1	0.479
pro_lifelong	287	5	50	14767.754	14.767754	False	1	0.514
pro_lifelong	287	6	50	10095.723	10.095723	False	1	0.434
pro_lifelong	287	7	50	13932.519	13.932519	False	1	0.456
pro_lifelong	287	8	50	18936.672	18.936672	False	1	0.476
pro_lifelong	287	9	50	18782.085	18.782085	False	1	0.433
pro_lifelong	287	10	50	16972.948	16.972948	False	1	0.485
pro_lifelong	288	1	50	20262.330	20.262330	False	1	0.479
pro_lifelong	288	2	50	22564.222	22.564222	False	1	0.407
pro_lifelong	288	3	50	8614.785	8.614785	False	1	0.441
pro_lifelong	288	4	50	13274.716	13.274716	False	1	0.441
pro_lifelong	288	5	50	15615.265	15.615265	False	1	0.471
pro_lifelong	288	6	50	24672.331	24.672331	False	1	0.469
pro_lifelong	289	1	50	16986.827	16.986827	False	1	0.44
pro_lifelong	289	2	50	11092.142	11.092142	False	1	0.44
pro_lifelong	289	3	50	13514.185	13.514185	False	1	0.133
pro_lifelong	289	4	50	10196.394	10.196394	False	1	0.44
pro_lifelong	289	5	50	22099.816	22.099816	False	1	0.47
pro_lifelong	289	6	50	17191.849	17.191849	False	1	0.447
pro_lifelong	289	7	50	15496.344	15.496344	False	1	0.133
pro_lifelong	289	8	50	24532.401	24.532401	False	1	0.425
pro_lifelong	289	9	50	10131.190	10.131190	False	1	0.447
pro_lifelong	289	10	50	10027.908	10.027908	False	1	0.447
pro_lifelong	290	1	50	17973.202	17.973202	False	1	0.436
pro_lifelong	290	2	50	18693.628	18.693628	False	1	0.445
pro_lifelong	290	3	50	13401.504	13.401504	False	1	0.448
pro_lifelong	290	4	50	8986.613	8.986613	False	1	0.133
pro_lifelong	290	5	50	3668.929	3.668929	False	1	0.436
pro_lifelong	290	6	50	14371.615	14.371615	False	1	0.133
pro_lifelong	290	7	50	19940.509	19.940509	False	1	0.506
pro_lifelong	290	8	50	3345.592	3.345592	False	1	0.436
pro_lifelong	290	9	50	3441.282	3.441282	False	1	0.436
pro_lifelong	290	10	50	18231.275	18.231275	False	1	0.436
pro_lifelong	290	11	50	13345.718	13.345718	False	1	0.432
pro_lifelong	290	12	50	18807.356	18.807356	False	1	0.397
pro_lifelong	291	1	50	20288.112	20.288112	False	1	0.473
pro_lifelong	291	2	50	18026.978	18.026978	False	1	0.493
pro_lifelong	291	3	50	9248.422	9.248422	False	1	0.436
pro_lifelong	291	4	50	11235.903	11.235903	False	1	0.436
pro_lifelong	291	5	50	14788.863	14.788863	False	1	0.436
pro_lifelong	291	6	50	14886.681	14.886681	True	1	0.817
pro_lifelong	292	1	50	10495.126	10.495126	False	1	0.438
pro_lifelong	292	2	50	14876.729	14.876729	False	1	0.482
pro_lifelong	292	3	50	17165.749	17.165749	False	1	0.455
pro_lifelong	292	4	50	18730.823	18.730823	False	1	0.45
pro_lifelong	292	5	50	2147.660	2.147660	False	1	0.438
pro_lifelong	292	6	50	13605.912	13.605912	False	1	0.438
pro_lifelong	292	7	50	17664.774	17.664774	False	1	0.507
pro_lifelong	292	8	50	16899.210	16.899210	False	1	0.453
pro_lifelong	292	9	50	18134.500	18.134500	False	1	0.427
pro_lifelong	292	10	50	13802.319	13.802319	False	1	0.438
pro_lifelong	292	11	50	12909.416	12.909416	False	1	0.472
pro_lifelong	292	12	50	15572.022	15.572022	False	1	0.438
pro_lifelong	293	1	50	10514.950	10.514950	False	1	0.133
pro_lifelong	293	2	50	16471.574	16.471574	False	1	0.435
pro_lifelong	293	3	50	16053.874	16.053874	False	1	0.384
pro_lifelong	293	4	50	15841.851	15.841851	False	1	0.368
pro_lifelong	293	5	50	18914.478	18.914478	False	1	0.457
pro_lifelong	293	6	50	22131.783	22.131783	False	1	0.44
pro_lifelong	293	7	50	18619.312	18.619312	False	1	0.418
pro_lifelong	293	8	50	4188.255	4.188255	False	1	0.435
pro_lifelong	293	9	50	17845.576	17.845576	False	1	0.442
pro_lifelong	293	10	50	10014.181	10.014181	False	1	0.435
pro_lifelong	294	1	50	14344.600	14.344600	False	1	0.133
pro_lifelong	294	2	50	17921.078	17.921078	False	1	0.476
pro_lifelong	294	3	50	16714.056	16.714056	False	1	0.435
pro_lifelong	294	4	50	15154.742	15.154742	False	1	0.455
pro_lifelong	294	5	50	8240.220	8.240220	False	1	0.429
pro_lifelong	294	6	50	23242.555	23.242555	False	1	0.431
pro_lifelong	294	7	50	13362.001	13.362001	False	1	0.429
pro_lifelong	295	1	50	18422.947	18.422947	False	1	0.412
pro_lifelong	295	2	50	18659.611	18.659611	False	1	0.416
pro_lifelong	295	3	50	4064.603	4.064603	False	1	0.416
pro_lifelong	295	4	50	11246.434	11.246434	False	1	0.416
pro_lifelong	295	5	50	17645.426	17.645426	False	1	0.439
pro_lifelong	295	6	50	15493.440	15.493440	False	1	0.375
pro_lifelong	295	7	50	15439.945	15.439945	False	1	0.437
pro_lifelong	295	8	50	17183.911	17.183911	False	1	0.458
pro_lifelong	295	9	50	17218.737	17.218737	False	1	0.476
pro_lifelong	295	10	50	14761.231	14.761231	False	1	0.452
pro_lifelong	295	11	50	14842.420	14.842420	False	1	0.48
pro_lifelong	295	12	50	16861.547	16.861547	False	1	0.424
pro_lifelong	295	13	50	11507.778	11.507778	False	1	0.133
pro_lifelong	295	14	50	20049.460	20.049460	False	1	0.453
pro_lifelong	296	1	50	17962.836	17.962836	False	1	0.426
pro_lifelong	296	2	50	28738.941	28.738941	False	1	0.431
pro_lifelong	296	3	50	10826.640	10.826640	False	1	0.133
pro_lifelong	296	4	50	16431.216	16.431216	False	1	0.467
pro_lifelong	296	5	50	2455.718	2.455718	False	1	0.426
pro_lifelong	296	6	50	20046.873	20.046873	False	1	0.401
pro_lifelong	296	7	50	18870.829	18.870829	False	1	0.41
pro_lifelong	296	8	50	27009.339	27.009339	False	1	0.415
pro_lifelong	296	9	50	15048.913	15.048913	False	1	0.451
pro_lifelong	297	1	50	16258.889	16.258889	False	1	0.133
pro_lifelong	297	2	50	21275.398	21.275398	False	1	0.421
pro_lifelong	297	3	50	21992.981	21.992981	False	1	0.463
pro_lifelong	297	4	50	3432.711	3.432711	False	1	0.421
pro_lifelong	297	5	50	19941.125	19.941125	False	1	0.481
pro_lifelong	297	6	50	18790.078	18.790078	False	1	0.482
pro_lifelong	297	7	50	14827.586	14.827586	False	1	0.133
pro_lifelong	297	8	50	14152.754	14.152754	False	1	0.133
pro_lifelong	297	9	50	16131.958	16.131958	False	1	0.444
pro_lifelong	297	10	50	7813.679	7.813679	False	1	0.432
pro_lifelong	298	1	50	9261.307	9.261307	False	1	0.43
pro_lifelong	298	2	50	12074.343	12.074343	False	1	0.446
pro_lifelong	298	3	50	16439.090	16.439090	False	1	0.516
pro_lifelong	298	4	50	17865.996	17.865996	False	1	0.43
pro_lifelong	298	5	50	21971.866	21.971866	False	1	0.474
pro_lifelong	298	6	50	17324.906	17.324906	False	1	0.506
pro_lifelong	298	7	50	20593.455	20.593455	False	1	0.398
pro_lifelong	298	8	50	13434.451	13.434451	False	1	0.133
pro_lifelong	299	1	50	8842.670	8.842670	False	1	0.428
pro_lifelong	299	2	50	20585.634	20.585634	False	1	0.434
pro_lifelong	299	3	50	16122.206	16.122206	False	1	0.328
pro_lifelong	299	4	50	10589.811	10.589811	False	1	0.428
pro_lifelong	299	5	50	19988.905	19.988905	False	1	0.442
pro_lifelong	299	6	50	24100.838	24.100838	False	1	0.378
pro_lifelong	299	7	50	3254.309	3.254309	False	1	0.428
pro_lifelong	299	8	50	9888.026	9.888026	False	1	0.432
pro_lifelong	299	9	50	18112.029	18.112029	False	1	0.432
pro_lifelong	299	10	50	15909.338	15.909338	False	1	0.34
pro_lifelong	300	1	50	23629.419	23.629419	True	1	0.815
pro_lifelong	301	1	50	3127.524	3.127524	False	1	0.133
pro_lifelong	301	2	50	14898.966	14.898966	True	1	0.879
pro_lifelong	302	1	50	19716.849	19.716849	False	1	0.133
pro_lifelong	302	2	50	20347.281	20.347281	False	1	0.547
pro_lifelong	302	3	50	26614.376	26.614376	False	1	0.515
pro_lifelong	302	4	50	17590.099	17.590099	False	1	0.484
pro_lifelong	302	5	50	16024.816	16.024816	False	1	0.552
pro_lifelong	302	6	50	25201.418	25.201418	False	1	0.557
pro_lifelong	302	7	50	14502.787	14.502787	False	1	0.133
pro_lifelong	303	1	50	15199.419	15.199419	True	1	0.918
pro_lifelong	304	1	50	10288.916	10.288916	False	1	0.42
pro_lifelong	304	2	50	27020.747	27.020747	False	1	0.467
pro_lifelong	304	3	50	2623.558	2.623558	False	1	0.42
pro_lifelong	304	4	50	17705.051	17.705051	False	1	0.432
pro_lifelong	304	5	50	12462.903	12.462903	False	1	0.42
pro_lifelong	304	6	50	22678.038	22.678038	False	1	0.426
pro_lifelong	304	7	50	18797.844	18.797844	False	1	0.42
pro_lifelong	305	1	50	9045.150	9.045150	False	1	0.452
pro_lifelong	305	2	50	14214.965	14.214965	False	1	0.495
pro_lifelong	305	3	50	16074.429	16.074429	False	1	0.437
pro_lifelong	305	4	50	22138.335	22.138335	False	1	0.555
pro_lifelong	305	5	50	19932.032	19.932032	False	1	0.482
pro_lifelong	305	6	50	2859.114	2.859114	False	1	0.452
pro_lifelong	305	7	50	17223.294	17.223294	False	1	0.448
pro_lifelong	305	8	50	5815.040	5.815040	False	1	0.452
pro_lifelong	305	9	50	2805.606	2.805606	False	1	0.452
pro_lifelong	306	1	50	3197.695	3.197695	False	1	0.133
pro_lifelong	306	2	50	3362.436	3.362436	False	1	0.133
pro_lifelong	306	3	50	11077.121	11.077121	False	1	0.133
pro_lifelong	306	4	50	16173.196	16.173196	False	1	0.133
pro_lifelong	307	1	50	42897.241	42.897241	False	1	0.48
pro_lifelong	307	2	50	15604.081	15.604081	False	1	0.133
pro_lifelong	307	3	50	14718.607	14.718607	False	1	0.133
pro_lifelong	307	4	50	16602.857	16.602857	False	1	0.133
pro_lifelong	307	5	50	21462.597	21.462597	False	1	0.492
pro_lifelong	307	6	50	14108.484	14.108484	False	1	0.133
pro_lifelong	307	7	50	16046.208	16.046208	False	1	0.133
pro_lifelong	307	8	50	14650.625	14.650625	False	1	0.133
pro_lifelong	307	9	50	18838.748	18.838748	False	1	0.471
pro_lifelong	307	10	50	10353.605	10.353605	False	1	0.133
pro_lifelong	308	1	50	22686.973	22.686973	False	1	0.403
pro_lifelong	308	2	50	12526.896	12.526896	False	1	0.133
pro_lifelong	308	3	50	1911.689	1.911689	False	1	0.133
pro_lifelong	308	4	50	19568.206	19.568206	False	1	0.504
pro_lifelong	308	5	50	17301.287	17.301287	False	1	0.419
pro_lifelong	308	6	50	11259.816	11.259816	False	1	0.133
pro_lifelong	308	7	50	17407.237	17.407237	False	1	0.412
pro_lifelong	308	8	50	15871.925	15.871925	False	1	0.133
pro_lifelong	308	9	50	13105.238	13.105238	False	1	0.133
pro_lifelong	309	1	50	37348.044	37.348044	False	1	0.456
pro_lifelong	309	2	50	25686.126	25.686126	False	1	0.505
pro_lifelong	309	3	50	34605.550	34.605550	False	1	0.498
pro_lifelong	309	4	50	12979.073	12.979073	False	1	0.133
pro_lifelong	309	5	50	12977.151	12.977151	False	1	0.133
pro_lifelong	309	6	50	21737.494	21.737494	False	1	0.482
pro_lifelong	309	7	50	11988.694	11.988694	False	1	0.133
pro_lifelong	310	1	50	16899.559	16.899559	False	1	0.557
pro_lifelong	310	2	50	5176.420	5.176420	False	1	0.133
pro_lifelong	310	3	50	3476.811	3.476811	False	1	0.133
pro_lifelong	310	4	50	8413.118	8.413118	False	1	0.133
pro_lifelong	310	5	50	12293.428	12.293428	False	1	0.133
pro_lifelong	311	1	50	19230.872	19.230872	False	1	0.453
pro_lifelong	311	2	50	13914.822	13.914822	False	1	0.133
pro_lifelong	311	3	50	11398.705	11.398705	False	1	0.133
pro_lifelong	311	4	50	16512.711	16.512711	False	1	0.133
pro_lifelong	311	5	50	7357.773	7.357773	False	1	0.133
pro_lifelong	312	1	50	7935.136	7.935136	True	1	0.766
pro_lifelong	313	1	50	12677.744	12.677744	False	1	0.133
pro_lifelong	313	2	50	25074.255	25.074255	False	1	0.408
pro_lifelong	313	3	50	10035.982	10.035982	False	1	0.408
pro_lifelong	313	4	50	11780.637	11.780637	False	1	0.408
pro_lifelong	313	5	50	21549.746	21.549746	False	1	0.476
pro_lifelong	313	6	50	19365.993	19.365993	False	1	0.398
pro_lifelong	313	7	50	12231.246	12.231246	False	1	0.408
pro_lifelong	313	8	50	10990.204	10.990204	False	1	0.133
pro_lifelong	313	9	50	5947.496	5.947496	False	1	0.408
pro_lifelong	313	10	50	17154.707	17.154707	False	1	0.429
pro_lifelong	314	1	50	23054.473	23.054473	False	1	0.477
pro_lifelong	314	2	50	14059.103	14.059103	False	1	0.491
pro_lifelong	314	3	50	12711.628	12.711628	False	1	0.133
pro_lifelong	314	4	50	2792.725	2.792725	False	1	0.133
pro_lifelong	314	5	50	20265.027	20.265027	False	1	0.459
pro_lifelong	314	6	50	16214.822	16.214822	False	1	0.133
pro_lifelong	314	7	50	15433.820	15.433820	False	1	0.133
pro_lifelong	315	1	50	17198.920	17.198920	False	1	0.382
pro_lifelong	315	2	50	21931.307	21.931307	False	1	0.439
pro_lifelong	315	3	50	10437.313	10.437313	False	1	0.382
pro_lifelong	315	4	50	9226.921	9.226921	False	1	0.382
pro_lifelong	315	5	50	16118.542	16.118542	False	1	0.392
pro_lifelong	315	6	50	23384.876	23.384876	False	1	0.453
pro_lifelong	315	7	50	15315.891	15.315891	False	1	0.133
pro_lifelong	315	8	50	23635.852	23.635852	False	1	0.402
pro_lifelong	315	9	50	14122.437	14.122437	False	1	0.133
pro_lifelong	315	10	50	18690.154	18.690154	False	1	0.497
pro_lifelong	315	11	50	17252.527	17.252527	False	1	0.432
pro_lifelong	315	12	50	3054.491	3.054491	False	1	0.382
pro_lifelong	315	13	50	15408.894	15.408894	False	1	0.435
pro_lifelong	315	14	50	3267.549	3.267549	False	1	0.382
pro_lifelong	315	15	50	5683.813	5.683813	False	1	0.382
pro_lifelong	316	1	50	20757.217	20.757217	False	1	0.381
pro_lifelong	316	2	50	5819.380	5.819380	False	1	0.133
pro_lifelong	316	3	50	14697.633	14.697633	False	1	0.133
pro_lifelong	316	4	50	11188.842	11.188842	False	1	0.133
pro_lifelong	316	5	50	17569.723	17.569723	False	1	0.443
pro_lifelong	316	6	50	3128.595	3.128595	False	1	0.133
pro_lifelong	316	7	50	21872.250	21.872250	False	1	0.465
pro_lifelong	316	8	50	13317.456	13.317456	False	1	0.133
pro_lifelong	316	9	50	15881.849	15.881849	False	1	0.133
pro_lifelong	316	10	50	17215.873	17.215873	False	1	0.45
pro_lifelong	316	11	50	17457.221	17.457221	False	1	0.487
pro_lifelong	316	12	50	21894.942	21.894942	False	1	0.384
pro_lifelong	316	13	50	13731.157	13.731157	False	1	0.133
pro_lifelong	316	14	50	12924.457	12.924457	False	1	0.133
pro_lifelong	316	15	50	14896.343	14.896343	False	1	0.133
pro_lifelong	316	16	50	12324.370	12.324370	False	1	0.133
pro_lifelong	317	1	50	13246.350	13.246350	False	1	0.133
pro_lifelong	317	2	50	14416.340	14.416340	False	1	0.133
pro_lifelong	317	3	50	11175.424	11.175424	False	1	0.133
pro_lifelong	317	4	50	15108.338	15.108338	False	1	0.133
pro_lifelong	318	1	50	16006.500	16.006500	False	1	0.133
pro_lifelong	318	2	50	13019.340	13.019340	False	1	0.133
pro_lifelong	318	3	50	9368.667	9.368667	False	1	0.133
pro_lifelong	318	4	50	14593.222	14.593222	False	1	0.475
pro_lifelong	318	5	50	17550.097	17.550097	False	1	0.47
pro_lifelong	318	6	50	2443.738	2.443738	False	1	0.475
pro_lifelong	318	7	50	13607.330	13.607330	False	1	0.133
pro_lifelong	318	8	50	6186.432	6.186432	False	1	0.475
pro_lifelong	318	9	50	18177.497	18.177497	False	1	0.423
pro_lifelong	319	1	50	12462.152	12.462152	False	1	0.133
pro_lifelong	319	2	50	11258.700	11.258700	False	1	0.133
pro_lifelong	319	3	50	28643.314	28.643314	False	1	0.488
pro_lifelong	319	4	50	35185.444	35.185444	False	1	0.475
pro_lifelong	319	5	50	18237.927	18.237927	False	1	0.416
pro_lifelong	319	6	50	10480.015	10.480015	False	1	0.133
pro_lifelong	319	7	50	9688.766	9.688766	False	1	0.133
pro_lifelong	319	8	50	15065.925	15.065925	False	1	0.133
pro_lifelong	320	1	50	12408.883	12.408883	False	1	0.133
pro_lifelong	320	2	50	7648.052	7.648052	False	1	0.415
pro_lifelong	320	3	50	17819.902	17.819902	False	1	0.427
pro_lifelong	320	4	50	13972.207	13.972207	False	1	0.133
pro_lifelong	320	5	50	3900.575	3.900575	False	1	0.415
pro_lifelong	320	6	50	2426.687	2.426687	False	1	0.415
pro_lifelong	320	7	50	27993.715	27.993715	True	1	0.746
pro_lifelong	321	1	50	19042.040	19.042040	False	1	0.402
pro_lifelong	321	2	50	4156.260	4.156260	False	1	0.133
pro_lifelong	321	3	50	16335.127	16.335127	False	1	0.133
pro_lifelong	321	4	50	21214.977	21.214977	False	1	0.474
pro_lifelong	321	5	50	21316.473	21.316473	False	1	0.133
pro_lifelong	321	6	50	1827.088	1.827088	False	1	0.133
pro_lifelong	321	7	50	3139.497	3.139497	False	1	0.133
pro_lifelong	321	8	50	18037.148	18.037148	False	1	0.449
pro_lifelong	321	9	50	27601.325	27.601325	False	1	0.547
pro_lifelong	321	10	50	12590.163	12.590163	False	1	0.133
pro_lifelong	321	11	50	2678.734	2.678734	False	1	0.133
pro_lifelong	321	12	50	3058.672	3.058672	False	1	0.133
pro_lifelong	321	13	50	14316.758	14.316758	False	1	0.513
pro_lifelong	321	14	50	13125.771	13.125771	False	1	0.133
pro_lifelong	322	1	50	9441.262	9.441262	False	1	0.469
pro_lifelong	322	2	50	22394.301	22.394301	False	1	0.425
pro_lifelong	322	3	50	24038.901	24.038901	False	1	0.5
pro_lifelong	322	4	50	12683.108	12.683108	False	1	0.133
pro_lifelong	322	5	50	21142.335	21.142335	False	1	0.45
pro_lifelong	322	6	50	23813.856	23.813856	False	1	0.482
pro_lifelong	322	7	50	4559.541	4.559541	False	1	0.469
pro_lifelong	322	8	50	9788.664	9.788664	False	1	0.469
pro_lifelong	323	1	50	15927.374	15.927374	False	1	0.429
pro_lifelong	323	2	50	12692.647	12.692647	True	1	0.686
pro_lifelong	324	1	50	23200.000	23.200000	False	1	0.445
pro_lifelong	324	2	50	15056.084	15.056084	False	1	0.133
pro_lifelong	324	3	50	18428.124	18.428124	False	1	0.447
pro_lifelong	324	4	50	21166.097	21.166097	False	1	0.368
pro_lifelong	324	5	50	20770.916	20.770916	False	1	0.411
pro_lifelong	324	6	50	9946.356	9.946356	False	1	0.433
pro_lifelong	325	1	50	18373.749	18.373749	False	1	0.416
pro_lifelong	325	2	50	24806.479	24.806479	False	1	0.511
pro_lifelong	325	3	50	10306.606	10.306606	False	1	0.47
pro_lifelong	325	4	50	21049.663	21.049663	False	1	0.45
pro_lifelong	325	5	50	1767.547	1.767547	False	1	0.47
pro_lifelong	325	6	50	15049.334	15.049334	False	1	0.448
pro_lifelong	325	7	50	3362.404	3.362404	False	1	0.47
pro_lifelong	326	1	50	15803.718	15.803718	False	1	0.133
pro_lifelong	326	2	50	15486.345	15.486345	False	1	0.351
pro_lifelong	326	3	50	18234.075	18.234075	False	1	0.133
pro_lifelong	326	4	50	16695.362	16.695362	True	1	0.757
pro_lifelong	327	1	50	4072.091	4.072091	False	1	0.133
pro_lifelong	327	2	50	4060.790	4.060790	False	1	0.133
pro_lifelong	327	3	50	14564.210	14.564210	False	1	0.133
pro_lifelong	327	4	50	13584.638	13.584638	False	1	0.397
pro_lifelong	327	5	50	2622.862	2.622862	False	1	0.133
pro_lifelong	327	6	50	4591.258	4.591258	False	1	0.133
pro_lifelong	327	7	50	11325.698	11.325698	False	1	0.133
pro_lifelong	327	8	50	3128.415	3.128415	False	1	0.133
pro_lifelong	328	1	50	4287.659	4.287659	False	1	0.133
pro_lifelong	328	2	50	11295.818	11.295818	False	1	0.133
pro_lifelong	328	3	50	2808.035	2.808035	False	1	0.133
pro_lifelong	328	4	50	16802.328	16.802328	False	1	0.425
pro_lifelong	328	5	50	13628.527	13.628527	False	1	0.133
pro_lifelong	328	6	50	13993.151	13.993151	False	1	0.406
pro_lifelong	328	7	50	13575.123	13.575123	False	1	0.426
pro_lifelong	328	8	50	11687.614	11.687614	False	1	0.133
pro_lifelong	328	9	50	9890.925	9.890925	False	1	0.133
pro_lifelong	329	1	50	4683.091	4.683091	False	1	0.133
pro_lifelong	329	2	50	2765.072	2.765072	False	1	0.133
pro_lifelong	329	3	50	15459.639	15.459639	False	1	0.133
pro_lifelong	329	4	50	12473.972	12.473972	False	1	0.133
pro_lifelong	330	1	50	25059.981	25.059981	False	1	0.454
pro_lifelong	330	2	50	14278.772	14.278772	False	1	0.436
pro_lifelong	330	3	50	16263.567	16.263567	False	1	0.507
pro_lifelong	330	4	50	40280.602	40.280602	False	1	0.51
pro_lifelong	330	5	50	18069.083	18.069083	False	1	0.133
pro_lifelong	330	6	50	16452.938	16.452938	False	1	0.474
pro_lifelong	330	7	50	4606.129	4.606129	False	1	0.133
pro_lifelong	330	8	50	13098.581	13.098581	False	1	0.133
pro_lifelong	331	1	50	19292.158	19.292158	False	1	0.432
pro_lifelong	331	2	50	6678.486	6.678486	False	1	0.133
pro_lifelong	331	3	50	1328.883	1.328883	False	1	0.133
pro_lifelong	331	4	50	15346.817	15.346817	False	1	0.133
pro_lifelong	331	5	50	12704.427	12.704427	False	1	0.133
pro_lifelong	332	1	50	19055.821	19.055821	False	1	0.405
pro_lifelong	332	2	50	3265.754	3.265754	False	1	0.133
pro_lifelong	332	3	50	3154.593	3.154593	False	1	0.133
pro_lifelong	332	4	50	1614.703	1.614703	False	1	0.133
pro_lifelong	332	5	50	16614.627	16.614627	False	1	0.424
pro_lifelong	332	6	50	12361.006	12.361006	False	1	0.133
pro_lifelong	332	7	50	3726.651	3.726651	False	1	0.133
pro_lifelong	332	8	50	17970.124	17.970124	False	1	0.444
pro_lifelong	332	9	50	1727.004	1.727004	False	1	0.133
pro_lifelong	332	10	50	17647.972	17.647972	False	1	0.133
pro_lifelong	332	11	50	18521.796	18.521796	False	1	0.462
pro_lifelong	332	12	50	10977.595	10.977595	False	1	0.133
pro_lifelong	332	13	50	3704.191	3.704191	False	1	0.133
pro_lifelong	332	14	50	2593.386	2.593386	False	1	0.133
pro_lifelong	332	15	50	1714.018	1.714018	False	1	0.133
pro_lifelong	333	1	50	22023.609	22.023609	False	1	0.392
pro_lifelong	333	2	50	3940.047	3.940047	False	1	0.133
pro_lifelong	333	3	50	2836.194	2.836194	False	1	0.133
pro_lifelong	333	4	50	11405.863	11.405863	False	1	0.133
pro_lifelong	333	5	50	16251.884	16.251884	True	1	0.78
pro_lifelong	334	1	50	16558.628	16.558628	False	1	0.466
pro_lifelong	334	2	50	16149.610	16.149610	False	1	0.133
pro_lifelong	334	3	50	1839.495	1.839495	False	1	0.133
pro_lifelong	334	4	50	31467.671	31.467671	False	1	0.475
pro_lifelong	334	5	50	19219.054	19.219054	False	1	0.4
pro_lifelong	334	6	50	3741.643	3.741643	False	1	0.133
pro_lifelong	335	1	50	15121.043	15.121043	False	1	0.465
pro_lifelong	335	2	50	13323.299	13.323299	False	1	0.52
pro_lifelong	335	3	50	11721.590	11.721590	False	1	0.133
pro_lifelong	335	4	50	3017.904	3.017904	False	1	0.52
pro_lifelong	335	5	50	12594.573	12.594573	False	1	0.133
pro_lifelong	335	6	50	22756.432	22.756432	False	1	0.516
pro_lifelong	335	7	50	28171.148	28.171148	False	1	0.52
pro_lifelong	336	1	50	8610.166	8.610166	False	1	0.537
pro_lifelong	336	2	50	4113.156	4.113156	False	1	0.537
pro_lifelong	336	3	50	11507.203	11.507203	False	1	0.133
pro_lifelong	336	4	50	2948.640	2.948640	False	1	0.537
pro_lifelong	336	5	50	13985.880	13.985880	False	1	0.133
pro_lifelong	336	6	50	2792.093	2.792093	False	1	0.537
pro_lifelong	337	1	50	14073.432	14.073432	False	1	0.133
pro_lifelong	337	2	50	22738.550	22.738550	False	1	0.468
pro_lifelong	337	3	50	4766.967	4.766967	False	1	0.133
pro_lifelong	337	4	50	15082.589	15.082589	False	1	0.133
pro_lifelong	337	5	50	13362.013	13.362013	False	1	0.133
pro_lifelong	337	6	50	27380.267	27.380267	False	1	0.417
pro_lifelong	337	7	50	13446.495	13.446495	False	1	0.432
pro_lifelong	338	1	50	20214.681	20.214681	False	1	0.484
pro_lifelong	338	2	50	4638.114	4.638114	False	1	0.133
pro_lifelong	338	3	50	21931.188	21.931188	False	1	0.43
pro_lifelong	338	4	50	7474.044	7.474044	False	1	0.133
pro_lifelong	338	5	50	4280.219	4.280219	False	1	0.133
pro_lifelong	338	6	50	11238.431	11.238431	False	1	0.133
pro_lifelong	339	1	50	15688.003	15.688003	False	1	0.406
pro_lifelong	339	2	50	14819.299	14.819299	False	1	0.389
pro_lifelong	339	3	50	14123.859	14.123859	False	1	0.421
pro_lifelong	339	4	50	4791.973	4.791973	False	1	0.133
pro_lifelong	339	5	50	6093.723	6.093723	False	1	0.133
pro_lifelong	339	6	50	14018.249	14.018249	False	1	0.133
pro_lifelong	339	7	50	20152.392	20.152392	False	1	0.461
pro_lifelong	339	8	50	2663.244	2.663244	False	1	0.133
pro_lifelong	339	9	50	4696.708	4.696708	False	1	0.133
pro_lifelong	339	10	50	21242.749	21.242749	False	1	0.428
pro_lifelong	339	11	50	13808.464	13.808464	False	1	0.432
pro_lifelong	339	12	50	3971.750	3.971750	False	1	0.133
pro_lifelong	340	1	50	18085.386	18.085386	False	1	0.498
pro_lifelong	340	2	50	3218.152	3.218152	False	1	0.133
pro_lifelong	340	3	50	1541.638	1.541638	False	1	0.133
pro_lifelong	340	4	50	17791.777	17.791777	False	1	0.489
pro_lifelong	340	5	50	3930.096	3.930096	False	1	0.133
pro_lifelong	340	6	50	14973.022	14.973022	True	1	0.864
pro_lifelong	341	1	50	20291.599	20.291599	False	1	0.517
pro_lifelong	341	2	50	15207.422	15.207422	False	1	0.133
pro_lifelong	341	3	50	19881.034	19.881034	False	1	0.514
pro_lifelong	341	4	50	41796.192	41.796192	False	1	0.483
pro_lifelong	341	5	50	20218.284	20.218284	False	1	0.412
pro_lifelong	341	6	50	2966.400	2.966400	False	1	0.133
pro_lifelong	342	1	50	3355.404	3.355404	False	1	0.133
pro_lifelong	342	2	50	10977.743	10.977743	False	1	0.133
pro_lifelong	342	3	50	3770.546	3.770546	False	1	0.133
pro_lifelong	342	4	50	6128.637	6.128637	False	1	0.133
pro_lifelong	343	1	50	18552.571	18.552571	False	1	0.482
pro_lifelong	343	2	50	14204.344	14.204344	False	1	0.495
pro_lifelong	343	3	50	12059.654	12.059654	False	1	0.528
pro_lifelong	343	4	50	2145.773	2.145773	False	1	0.133
pro_lifelong	343	5	50	15607.637	15.607637	False	1	0.133
pro_lifelong	343	6	50	16023.020	16.023020	False	1	0.524
pro_lifelong	343	7	50	11972.374	11.972374	False	1	0.133
pro_lifelong	343	8	50	13712.447	13.712447	False	1	0.133
pro_lifelong	344	1	50	8073.061	8.073061	False	1	0.492
pro_lifelong	344	2	50	13499.697	13.499697	False	1	0.492
pro_lifelong	344	3	50	17686.898	17.686898	False	1	0.474
pro_lifelong	344	4	50	3508.555	3.508555	False	1	0.492
pro_lifelong	344	5	50	14747.247	14.747247	True	1	0.758
pro_lifelong	345	1	50	11442.500	11.442500	False	1	0.133
pro_lifelong	345	2	50	6069.665	6.069665	False	1	0.133
pro_lifelong	345	3	50	16676.995	16.676995	False	1	0.133
pro_lifelong	345	4	50	2973.363	2.973363	False	1	0.133
pro_lifelong	346	1	50	7169.063	7.169063	False	1	0.468
pro_lifelong	346	2	50	4751.257	4.751257	False	1	0.468
pro_lifelong	346	3	50	25415.959	25.415959	False	1	0.455
pro_lifelong	346	4	50	2953.688	2.953688	False	1	0.468
pro_lifelong	346	5	50	12945.601	12.945601	False	1	0.468
pro_lifelong	346	6	50	17872.442	17.872442	False	1	0.339
pro_lifelong	347	1	50	3853.193	3.853193	False	1	0.133
pro_lifelong	347	2	50	2928.787	2.928787	False	1	0.133
pro_lifelong	347	3	50	19673.680	19.673680	False	1	0.526
pro_lifelong	347	4	50	11557.683	11.557683	False	1	0.133
pro_lifelong	347	5	50	22291.609	22.291609	False	1	0.312
pro_lifelong	347	6	50	15963.949	15.963949	False	1	0.445
pro_lifelong	347	7	50	4006.245	4.006245	False	1	0.133
pro_lifelong	347	8	50	15759.819	15.759819	False	1	0.455
pro_lifelong	348	1	50	5379.079	5.379079	False	1	0.133
pro_lifelong	348	2	50	2583.551	2.583551	False	1	0.133
pro_lifelong	348	3	50	2241.007	2.241007	False	1	0.133
pro_lifelong	348	4	50	21881.082	21.881082	False	1	0.438
pro_lifelong	348	5	50	22128.814	22.128814	False	1	0.547
pro_lifelong	348	6	50	18064.469	18.064469	False	1	0.133
pro_lifelong	348	7	50	10676.443	10.676443	False	1	0.133
pro_lifelong	348	8	50	3331.567	3.331567	False	1	0.133
pro_lifelong	348	9	50	42667.441	42.667441	True	1	0.852
pro_lifelong	349	1	50	4210.506	4.210506	False	1	0.133
pro_lifelong	349	2	50	12188.046	12.188046	False	1	0.133
pro_lifelong	349	3	50	4917.355	4.917355	False	1	0.133
pro_lifelong	349	4	50	3161.280	3.161280	False	1	0.133
pro_lifelong	350	1	50	14947.868	14.947868	False	1	0.527
pro_lifelong	350	2	50	20668.203	20.668203	False	1	0.133
pro_lifelong	350	3	50	16270.590	16.270590	False	1	0.511
pro_lifelong	350	4	50	13111.207	13.111207	False	1	0.133
pro_lifelong	350	5	50	4696.901	4.696901	False	1	0.133
pro_lifelong	350	6	50	2522.731	2.522731	False	1	0.133
pro_lifelong	351	1	50	23192.689	23.192689	True	1	0.716
pro_lifelong	352	1	50	4750.965	4.750965	True	1	0.915
pro_lifelong	353	1	50	8284.795	8.284795	False	1	0.591
pro_lifelong	353	2	50	2996.274	2.996274	False	1	0.591
pro_lifelong	353	3	50	23520.096	23.520096	False	1	0.543
pro_lifelong	353	4	50	17486.715	17.486715	False	1	0.133
pro_lifelong	353	5	50	3239.531	3.239531	False	1	0.591
pro_lifelong	353	6	50	11606.840	11.606840	False	1	0.133
pro_lifelong	354	1	50	5693.704	5.693704	False	1	0.133
pro_lifelong	354	2	50	13250.927	13.250927	False	1	0.133
pro_lifelong	354	3	50	25373.000	25.373000	False	1	0.431
pro_lifelong	354	4	50	18109.821	18.109821	False	1	0.402
pro_lifelong	354	5	50	19846.725	19.846725	False	1	0.497
pro_lifelong	354	6	50	22000.263	22.000263	False	1	0.472
pro_lifelong	354	7	50	3815.798	3.815798	False	1	0.133
pro_lifelong	354	8	50	22395.787	22.395787	False	1	0.47
pro_lifelong	354	9	50	13588.060	13.588060	False	1	0.506
pro_lifelong	354	10	50	22602.909	22.602909	False	1	0.445
pro_lifelong	355	1	50	3333.147	3.333147	False	1	0.133
pro_lifelong	355	2	50	13001.327	13.001327	False	1	0.133
pro_lifelong	355	3	50	20224.384	20.224384	False	1	0.529
pro_lifelong	355	4	50	12461.115	12.461115	True	1	0.862
pro_lifelong	356	1	50	17312.464	17.312464	False	1	0.394
pro_lifelong	356	2	50	18339.145	18.339145	False	1	0.513
pro_lifelong	356	3	50	7673.203	7.673203	False	1	0.457
pro_lifelong	356	4	50	17285.852	17.285852	False	1	0.376
pro_lifelong	356	5	50	2127.447	2.127447	False	1	0.457
pro_lifelong	356	6	50	3639.198	3.639198	False	1	0.457
pro_lifelong	356	7	50	17806.851	17.806851	False	1	0.445
pro_lifelong	357	1	50	8726.468	8.726468	False	1	0.422
pro_lifelong	357	2	50	2767.744	2.767744	False	1	0.422
pro_lifelong	357	3	50	18008.058	18.008058	False	1	0.413
pro_lifelong	357	4	50	17130.360	17.130360	False	1	0.501
pro_lifelong	357	5	50	20028.312	20.028312	False	1	0.433
pro_lifelong	357	6	50	29110.953	29.110953	False	1	0.436
pro_lifelong	357	7	50	4916.436	4.916436	False	1	0.422
pro_lifelong	357	8	50	19642.624	19.642624	False	1	0.459
pro_lifelong	357	9	50	12336.883	12.336883	False	1	0.422
pro_lifelong	358	1	50	26549.870	26.549870	False	1	0.532
pro_lifelong	358	2	50	7410.483	7.410483	False	1	0.408
pro_lifelong	358	3	50	17536.716	17.536716	False	1	0.133
pro_lifelong	358	4	50	13960.208	13.960208	False	1	0.133
pro_lifelong	358	5	50	15734.998	15.734998	True	1	0.799
pro_lifelong	359	1	50	1640.535	1.640535	False	1	0.133
pro_lifelong	359	2	50	2102.884	2.102884	False	1	0.133
pro_lifelong	359	3	50	12373.108	12.373108	False	1	0.133
pro_lifelong	359	4	50	13256.982	13.256982	False	1	0.494
pro_lifelong	359	5	50	12790.012	12.790012	False	1	0.503
pro_lifelong	359	6	50	2338.553	2.338553	False	1	0.133
pro_lifelong	359	7	50	16036.340	16.036340	False	1	0.133
pro_lifelong	359	8	50	13391.280	13.391280	False	1	0.133
pro_lifelong	359	9	50	2196.272	2.196272	False	1	0.133
pro_lifelong	360	1	50	13416.087	13.416087	False	1	0.472
pro_lifelong	360	2	50	13709.931	13.709931	False	1	0.133
pro_lifelong	360	3	50	26685.024	26.685024	False	1	0.492
pro_lifelong	360	4	50	15746.014	15.746014	False	1	0.133
pro_lifelong	360	5	50	20693.293	20.693293	False	1	0.45
pro_lifelong	360	6	50	16391.188	16.391188	False	1	0.133
pro_lifelong	360	7	50	17194.931	17.194931	False	1	0.418
pro_lifelong	360	8	50	17266.326	17.266326	False	1	0.448
pro_lifelong	361	1	50	7304.270	7.304270	False	1	0.425
pro_lifelong	361	2	50	2775.449	2.775449	False	1	0.425
pro_lifelong	361	3	50	18544.063	18.544063	False	1	0.444
pro_lifelong	361	4	50	3381.342	3.381342	False	1	0.425
pro_lifelong	361	5	50	15585.918	15.585918	False	1	0.425
pro_lifelong	361	6	50	16063.650	16.063650	False	1	0.133
pro_lifelong	361	7	50	19370.089	19.370089	False	1	0.43
pro_lifelong	361	8	50	16745.121	16.745121	False	1	0.515
pro_lifelong	361	9	50	1740.153	1.740153	False	1	0.425
pro_lifelong	361	10	50	13602.210	13.602210	False	1	0.133
pro_lifelong	361	11	50	15724.639	15.724639	False	1	0.412
pro_lifelong	361	12	50	15309.226	15.309226	False	1	0.133
pro_lifelong	361	13	50	24790.886	24.790886	False	1	0.408
pro_lifelong	362	1	50	16220.459	16.220459	False	1	0.133
pro_lifelong	362	2	50	9317.031	9.317031	False	1	0.426
pro_lifelong	362	3	50	18219.343	18.219343	False	1	0.133
pro_lifelong	362	4	50	21581.716	21.581716	False	1	0.437
pro_lifelong	362	5	50	13806.882	13.806882	False	1	0.356
pro_lifelong	362	6	50	1859.579	1.859579	False	1	0.426
pro_lifelong	362	7	50	2264.146	2.264146	False	1	0.426
pro_lifelong	362	8	50	2467.157	2.467157	False	1	0.426
pro_lifelong	362	9	50	2920.042	2.920042	False	1	0.426
pro_lifelong	363	1	50	14148.408	14.148408	False	1	0.133
pro_lifelong	363	2	50	25182.166	25.182166	False	1	0.463
pro_lifelong	363	3	50	14347.924	14.347924	False	1	0.54
pro_lifelong	363	4	50	7380.562	7.380562	False	1	0.499
pro_lifelong	363	5	50	18206.234	18.206234	False	1	0.444
pro_lifelong	363	6	50	1226.574	1.226574	False	1	0.426
pro_lifelong	363	7	50	14975.300	14.975300	False	1	0.133
pro_lifelong	363	8	50	9081.808	9.081808	False	1	0.133
pro_lifelong	364	1	50	20422.469	20.422469	False	1	0.501
pro_lifelong	364	2	50	3568.781	3.568781	False	1	0.426
pro_lifelong	364	3	50	1225.231	1.225231	False	1	0.426
pro_lifelong	364	4	50	3568.132	3.568132	False	1	0.426
pro_lifelong	364	5	50	23732.639	23.732639	False	1	0.457
pro_lifelong	364	6	50	16943.675	16.943675	False	1	0.47
pro_lifelong	365	1	50	5468.209	5.468209	False	1	0.133
pro_lifelong	365	2	50	23597.428	23.597428	True	1	0.727
pro_lifelong	366	1	50	6630.839	6.630839	True	1	0.915
pro_lifelong	367	1	50	4289.110	4.289110	False	1	0.133
pro_lifelong	367	2	50	22968.085	22.968085	False	1	0.433
pro_lifelong	367	3	50	12301.558	12.301558	False	1	0.133
pro_lifelong	367	4	50	13894.519	13.894519	False	1	0.133
pro_lifelong	367	5	50	12842.424	12.842424	False	1	0.133
pro_lifelong	367	6	50	10505.139	10.505139	False	1	0.133
pro_lifelong	368	1	50	4418.755	4.418755	True	1	0.928
pro_lifelong	369	1	50	13378.636	13.378636	False	1	0.425
pro_lifelong	369	2	50	5015.732	5.015732	True	1	0.926
pro_lifelong	370	1	50	16151.276	16.151276	False	1	0.447
pro_lifelong	370	2	50	20648.262	20.648262	False	1	0.133
pro_lifelong	370	3	50	6565.056	6.565056	False	1	0.419
pro_lifelong	370	4	50	19298.787	19.298787	False	1	0.422
pro_lifelong	370	5	50	2776.912	2.776912	False	1	0.419
pro_lifelong	370	6	50	12946.968	12.946968	False	1	0.419
pro_lifelong	371	1	50	13958.636	13.958636	False	1	0.133
pro_lifelong	371	2	50	13965.820	13.965820	False	1	0.133
pro_lifelong	371	3	50	14046.600	14.046600	False	1	0.133
pro_lifelong	371	4	50	15532.769	15.532769	False	1	0.457
pro_lifelong	371	5	50	4623.014	4.623014	False	1	0.133
pro_lifelong	371	6	50	12262.556	12.262556	False	1	0.133
pro_lifelong	371	7	50	3166.602	3.166602	False	1	0.133
pro_lifelong	371	8	50	12391.609	12.391609	False	1	0.133
pro_lifelong	372	1	50	24529.195	24.529195	False	1	0.133
pro_lifelong	372	2	50	5086.839	5.086839	False	1	0.133
pro_lifelong	372	3	50	10185.406	10.185406	False	1	0.133
pro_lifelong	372	4	50	41365.353	41.365353	False	1	0.133
pro_lifelong	373	1	50	24403.548	24.403548	False	1	0.502
pro_lifelong	373	2	50	16823.550	16.823550	False	1	0.368
pro_lifelong	373	3	50	24172.712	24.172712	False	1	0.408
pro_lifelong	373	4	50	33121.727	33.121727	False	1	0.383
pro_lifelong	373	5	50	18667.516	18.667516	False	1	0.474
pro_lifelong	373	6	50	29185.834	29.185834	False	1	0.393
pro_lifelong	374	1	50	5659.058	5.659058	False	1	0.133
pro_lifelong	374	2	50	31972.315	31.972315	False	1	0.133
pro_lifelong	374	3	50	3649.070	3.649070	False	1	0.133
pro_lifelong	374	4	50	3811.663	3.811663	False	1	0.133
pro_lifelong	375	1	50	18893.063	18.893063	False	1	0.405
pro_lifelong	375	2	50	20533.319	20.533319	False	1	0.422
pro_lifelong	375	3	50	9127.310	9.127310	False	1	0.407
pro_lifelong	375	4	50	23714.487	23.714487	False	1	0.298
pro_lifelong	375	5	50	27035.288	27.035288	False	1	0.424
pro_lifelong	375	6	50	1805.485	1.805485	False	1	0.407
pro_lifelong	375	7	50	3655.925	3.655925	False	1	0.407
pro_lifelong	376	1	50	4536.139	4.536139	False	1	0.133
pro_lifelong	376	2	50	18849.422	18.849422	False	1	0.133
pro_lifelong	376	3	50	20802.818	20.802818	False	1	0.445
pro_lifelong	376	4	50	28509.522	28.509522	False	1	0.133
pro_lifelong	376	5	50	26985.307	26.985307	False	1	0.469
pro_lifelong	376	6	50	2320.264	2.320264	False	1	0.133
pro_lifelong	376	7	50	5261.896	5.261896	False	1	0.133
pro_lifelong	376	8	50	21898.590	21.898590	False	1	0.44
pro_lifelong	376	9	50	14590.031	14.590031	False	1	0.133
pro_lifelong	376	10	50	20381.985	20.381985	False	1	0.4
pro_lifelong	377	1	50	2865.573	2.865573	False	1	0.133
pro_lifelong	377	2	50	2219.713	2.219713	False	1	0.133
pro_lifelong	377	3	50	18093.327	18.093327	False	1	0.133
pro_lifelong	377	4	50	12849.537	12.849537	False	1	0.133
pro_lifelong	378	1	50	20368.659	20.368659	False	1	0.398
pro_lifelong	378	2	50	24134.742	24.134742	False	1	0.496
pro_lifelong	378	3	50	23426.191	23.426191	False	1	0.442
pro_lifelong	378	4	50	10778.751	10.778751	False	1	0.133
pro_lifelong	378	5	50	32668.537	32.668537	True	1	0.716
pro_lifelong	379	1	50	15990.570	15.990570	True	1	0.628
pro_lifelong	380	1	50	8273.594	8.273594	False	1	0.337
pro_lifelong	380	2	50	19856.870	19.856870	False	1	0.329
pro_lifelong	380	3	50	2999.641	2.999641	False	1	0.337
pro_lifelong	380	4	50	22775.965	22.775965	False	1	0.467
pro_lifelong	380	5	50	13751.524	13.751524	False	1	0.466
pro_lifelong	380	6	50	2402.287	2.402287	False	1	0.337
pro_lifelong	380	7	50	23407.910	23.407910	False	1	0.359
pro_lifelong	380	8	50	15121.055	15.121055	False	1	0.352
pro_lifelong	380	9	50	19542.156	19.542156	False	1	0.361
pro_lifelong	381	1	50	5773.108	5.773108	False	1	0.35
pro_lifelong	381	2	50	11981.113	11.981113	False	1	0.133
pro_lifelong	381	3	50	11393.805	11.393805	False	1	0.35
pro_lifelong	381	4	50	3042.779	3.042779	False	1	0.35
pro_lifelong	381	5	50	4219.687	4.219687	False	1	0.35
pro_lifelong	381	6	50	2617.974	2.617974	False	1	0.35
pro_lifelong	382	1	50	6985.218	6.985218	False	1	0.348
pro_lifelong	382	2	50	18918.384	18.918384	True	1	0.75
pro_lifelong	383	1	50	19305.794	19.305794	False	1	0.431
pro_lifelong	383	2	50	18801.871	18.801871	False	1	0.355
pro_lifelong	383	3	50	3913.390	3.913390	False	1	0.355
pro_lifelong	383	4	50	18227.021	18.227021	False	1	0.325
pro_lifelong	383	5	50	18908.625	18.908625	True	1	0.708
pro_lifelong	384	1	50	23019.034	23.019034	False	1	0.397
pro_lifelong	384	2	50	6428.458	6.428458	True	1	0.66
pro_lifelong	385	1	50	16330.383	16.330383	False	1	0.561
pro_lifelong	385	2	50	4611.318	4.611318	False	1	0.133
pro_lifelong	385	3	50	4895.384	4.895384	False	1	0.133
pro_lifelong	385	4	50	14460.075	14.460075	False	1	0.133
pro_lifelong	385	5	50	3427.074	3.427074	False	1	0.133
pro_lifelong	386	1	50	24801.311	24.801311	False	1	0.499
pro_lifelong	386	2	50	3258.821	3.258821	False	1	0.133
pro_lifelong	386	3	50	19590.920	19.590920	False	1	0.418
pro_lifelong	386	4	50	15555.201	15.555201	False	1	0.431
pro_lifelong	386	5	50	10871.992	10.871992	False	1	0.133
pro_lifelong	386	6	50	2383.012	2.383012	False	1	0.133
pro_lifelong	387	1	50	13361.418	13.361418	True	1	0.754
pro_lifelong	388	1	50	17107.343	17.107343	False	1	0.133
pro_lifelong	388	2	50	10344.504	10.344504	True	1	0.872
pro_lifelong	389	1	50	16126.377	16.126377	False	1	0.469
pro_lifelong	389	2	50	37077.363	37.077363	True	1	0.818
pro_lifelong	390	1	50	19579.154	19.579154	False	1	0.133
pro_lifelong	390	2	50	20161.221	20.161221	False	1	0.133
pro_lifelong	390	3	50	12015.315	12.015315	True	1	0.796
pro_lifelong	391	1	50	13924.168	13.924168	False	1	0.133
pro_lifelong	391	2	50	3230.261	3.230261	False	1	0.133
pro_lifelong	391	3	50	14325.543	14.325543	False	1	0.133
pro_lifelong	391	4	50	19331.794	19.331794	False	1	0.133
pro_lifelong	392	1	50	2820.085	2.820085	False	1	0.133
pro_lifelong	392	2	50	3778.727	3.778727	False	1	0.133
pro_lifelong	392	3	50	20759.819	20.759819	False	1	0.461
pro_lifelong	392	4	50	34877.899	34.877899	True	1	0.785
pro_lifelong	393	1	50	9096.446	9.096446	False	1	0.428
pro_lifelong	393	2	50	23072.154	23.072154	False	1	0.396
pro_lifelong	393	3	50	2437.645	2.437645	False	1	0.428
pro_lifelong	393	4	50	20465.212	20.465212	False	1	0.405
pro_lifelong	393	5	50	18362.058	18.362058	False	1	0.457
pro_lifelong	393	6	50	18582.654	18.582654	False	1	0.344
pro_lifelong	393	7	50	2632.704	2.632704	False	1	0.428
pro_lifelong	393	8	50	2793.128	2.793128	False	1	0.428
pro_lifelong	393	9	50	5105.395	5.105395	False	1	0.428
pro_lifelong	393	10	50	25999.482	25.999482	False	1	0.491
pro_lifelong	393	11	50	25460.986	25.460986	False	1	0.375
pro_lifelong	393	12	50	2926.484	2.926484	False	1	0.428
pro_lifelong	393	13	50	3037.251	3.037251	False	1	0.428
pro_lifelong	393	14	50	17706.546	17.706546	False	1	0.44
pro_lifelong	393	15	50	6271.906	6.271906	False	1	0.428
pro_lifelong	394	1	50	2690.540	2.690540	False	1	0.133
pro_lifelong	394	2	50	17142.493	17.142493	False	1	0.133
pro_lifelong	394	3	50	15109.781	15.109781	False	1	0.133
pro_lifelong	394	4	50	26839.214	26.839214	True	1	0.849
pro_lifelong	395	1	50	15063.794	15.063794	False	1	0.438
pro_lifelong	395	2	50	38665.329	38.665329	False	1	0.439
pro_lifelong	395	3	50	14460.009	14.460009	False	1	0.438
pro_lifelong	395	4	50	14007.438	14.007438	False	1	0.429
pro_lifelong	395	5	50	24170.689	24.170689	False	1	0.438
pro_lifelong	395	6	50	18564.249	18.564249	False	1	0.448
pro_lifelong	396	1	50	26656.596	26.656596	False	1	0.461
pro_lifelong	396	2	50	20827.478	20.827478	False	1	0.426
pro_lifelong	396	3	50	13440.628	13.440628	False	1	0.36
pro_lifelong	396	4	50	14466.138	14.466138	False	1	0.56
pro_lifelong	396	5	50	19810.175	19.810175	False	1	0.41
pro_lifelong	396	6	50	7373.623	7.373623	False	1	0.439
pro_lifelong	396	7	50	10735.320	10.735320	False	1	0.439
pro_lifelong	396	8	50	29943.688	29.943688	False	1	0.448
pro_lifelong	396	9	50	4834.877	4.834877	False	1	0.439
pro_lifelong	397	1	50	7111.022	7.111022	False	1	0.443
pro_lifelong	397	2	50	2289.519	2.289519	False	1	0.443
pro_lifelong	397	3	50	14221.615	14.221615	False	1	0.463
pro_lifelong	397	4	50	3243.598	3.243598	False	1	0.443
pro_lifelong	397	5	50	22870.985	22.870985	False	1	0.501
pro_lifelong	397	6	50	31299.935	31.299935	False	1	0.473
pro_lifelong	397	7	50	17782.713	17.782713	False	1	0.41
pro_lifelong	397	8	50	33487.758	33.487758	False	1	0.472
pro_lifelong	397	9	50	19997.136	19.997136	False	1	0.435
pro_lifelong	397	10	50	3326.933	3.326933	False	1	0.443
pro_lifelong	398	1	50	8165.039	8.165039	False	1	0.439
pro_lifelong	398	2	50	3159.065	3.159065	False	1	0.439
pro_lifelong	398	3	50	41102.058	41.102058	False	1	0.414
pro_lifelong	398	4	50	4525.176	4.525176	False	1	0.439
pro_lifelong	398	5	50	2737.738	2.737738	False	1	0.439
pro_lifelong	398	6	50	4049.098	4.049098	False	1	0.439
pro_lifelong	399	1	50	23390.489	23.390489	False	1	0.467
pro_lifelong	399	2	50	20619.442	20.619442	False	1	0.133
pro_lifelong	399	3	50	17773.164	17.773164	False	1	0.44
pro_lifelong	399	4	50	2704.013	2.704013	False	1	0.133
pro_lifelong	399	5	50	16659.177	16.659177	False	1	0.445
pro_lifelong	399	6	50	3498.636	3.498636	False	1	0.133
pro_warm_up	0	1	50	21896.434	21.896434	False	1	0.408
pro_warm_up	0	2	50	17216.437	17.216437	False	1	0.433
pro_warm_up	0	3	50	3317.336	3.317336	False	1	0.133
pro_warm_up	0	4	50	9539.307	9.539307	False	1	0.133
pro_warm_up	0	5	50	13262.066	13.262066	False	1	0.133
pro_warm_up	0	6	50	26773.576	26.773576	False	1	0.423
pro_warm_up	0	7	50	2332.756	2.332756	False	1	0.133
pro_warm_up	1	1	50	3179.961	3.179961	False	1	0.133
pro_warm_up	1	2	50	3960.038	3.960038	False	1	0.133
pro_warm_up	1	3	50	15011.491	15.011491	False	1	0.471
pro_warm_up	1	4	50	11433.375	11.433375	False	1	0.133
pro_warm_up	1	5	50	10136.778	10.136778	False	1	0.133
pro_warm_up	1	6	50	12248.122	12.248122	False	1	0.133
pro_warm_up	1	7	50	53303.723	53.303723	False	1	0.514
pro_warm_up	1	8	50	3980.482	3.980482	False	1	0.133
pro_warm_up	1	9	50	10828.092	10.828092	False	1	0.133
pro_warm_up	1	10	50	13164.678	13.164678	True	1	0.877
pro_warm_up	1	11	50	11650.012	11.650012	False	1	0.133
pro_warm_up	1	12	50	2553.234	2.553234	False	1	0.133
pro_warm_up	1	13	50	14694.773	14.694773	False	1	0.51
pro_warm_up	1	14	50	10083.718	10.083718	False	1	0.133
pro_warm_up	1	15	50	35374.657	35.374657	False	1	0.133
pro_warm_up	2	1	50	15817.231	15.817231	False	1	0.426
pro_warm_up	2	2	50	15900.062	15.900062	False	1	0.46
pro_warm_up	2	3	50	1936.435	1.936435	False	1	0.133
pro_warm_up	2	4	50	17348.525	17.348525	False	1	0.464
pro_warm_up	2	5	50	19207.088	19.207088	False	1	0.478
pro_warm_up	2	6	50	2870.577	2.870577	False	1	0.133
pro_warm_up	2	7	50	13404.390	13.404390	False	1	0.133
pro_warm_up	2	8	50	19997.034	19.997034	False	1	0.472
pro_warm_up	2	9	50	19776.240	19.776240	False	1	0.415
pro_warm_up	2	10	50	2594.587	2.594587	False	1	0.133
pro_warm_up	3	1	50	12692.251	12.692251	False	1	0.133
pro_warm_up	3	2	50	16182.961	16.182961	False	1	0.403
pro_warm_up	3	3	50	19194.525	19.194525	False	1	0.489
pro_warm_up	3	4	50	15620.832	15.620832	False	1	0.424
pro_warm_up	3	5	50	19309.923	19.309923	True	1	0.755
pro_warm_up	3	6	50	5993.959	5.993959	True	1	0.755
pro_warm_up	3	7	50	15591.338	15.591338	False	1	0.4
pro_warm_up	3	8	50	19428.463	19.428463	False	1	0.416
pro_warm_up	3	9	50	17846.413	17.846413	False	1	0.399
pro_warm_up	3	10	50	16746.743	16.746743	False	1	0.405
pro_warm_up	4	1	50	19844.951	19.844951	False	1	0.408
pro_warm_up	4	2	50	4020.654	4.020654	False	1	0.133
pro_warm_up	4	3	50	16263.231	16.263231	False	1	0.526
pro_warm_up	4	4	50	1854.819	1.854819	False	1	0.133
pro_warm_up	4	5	50	2907.348	2.907348	False	1	0.133
pro_warm_up	4	6	50	16117.091	16.117091	False	1	0.368
pro_warm_up	4	7	50	4359.233	4.359233	False	1	0.133
pro_warm_up	4	8	50	3165.275	3.165275	False	1	0.133
pro_warm_up	5	1	50	16741.722	16.741722	False	1	0.377
pro_warm_up	5	2	50	12366.070	12.366070	False	1	0.133
pro_warm_up	5	3	50	17265.631	17.265631	False	1	0.44
pro_warm_up	5	4	50	2425.423	2.425423	False	1	0.133
pro_warm_up	5	5	50	2337.981	2.337981	False	1	0.133
pro_warm_up	5	6	50	5317.396	5.317396	False	1	0.133
pro_warm_up	5	7	50	2837.654	2.837654	False	1	0.133
pro_warm_up	6	1	50	9493.837	9.493837	False	1	0.133
pro_warm_up	6	2	50	12890.360	12.890360	False	1	0.452
pro_warm_up	6	3	50	18988.807	18.988807	False	1	0.133
pro_warm_up	6	4	50	16533.730	16.533730	False	1	0.454
pro_warm_up	6	5	50	13559.172	13.559172	False	1	0.47
pro_warm_up	6	6	50	2320.299	2.320299	False	1	0.133
pro_warm_up	6	7	50	1771.723	1.771723	False	1	0.133
pro_warm_up	6	8	50	2929.858	2.929858	False	1	0.133
pro_warm_up	6	9	50	2763.361	2.763361	False	1	0.133
pro_warm_up	7	1	50	16894.498	16.894498	False	1	0.426
pro_warm_up	7	2	50	10533.579	10.533579	False	1	0.133
pro_warm_up	7	3	50	2821.284	2.821284	False	1	0.133
pro_warm_up	7	4	50	2727.018	2.727018	False	1	0.133
pro_warm_up	7	5	50	16133.445	16.133445	False	1	0.38
pro_warm_up	7	6	50	9425.251	9.425251	False	1	0.133
pro_warm_up	8	1	50	19258.065	19.258065	False	1	0.405
pro_warm_up	8	2	50	11471.643	11.471643	False	1	0.133
pro_warm_up	8	3	50	19231.542	19.231542	False	1	0.568
pro_warm_up	8	4	50	4114.566	4.114566	False	1	0.133
pro_warm_up	8	5	50	13334.122	13.334122	False	1	0.133
pro_warm_up	8	6	50	14824.536	14.824536	False	1	0.133
pro_warm_up	8	7	50	11713.485	11.713485	False	1	0.133
pro_warm_up	9	1	50	16891.400	16.891400	False	1	0.475
pro_warm_up	9	2	50	14621.450	14.621450	False	1	0.133
pro_warm_up	9	3	50	5096.291	5.096291	False	1	0.133
pro_warm_up	9	4	50	3384.016	3.384016	False	1	0.133
pro_warm_up	9	5	50	23469.316	23.469316	False	1	0.49
pro_warm_up	9	6	50	4532.178	4.532178	False	1	0.133
pro_warm_up	9	7	50	21163.853	21.163853	False	1	0.501
pro_warm_up	9	8	50	2674.400	2.674400	False	1	0.133
pro_warm_up	9	9	50	5177.465	5.177465	False	1	0.133
pro_warm_up	9	10	50	17591.692	17.591692	False	1	0.487
pro_warm_up	9	11	50	2588.433	2.588433	False	1	0.133
pro_warm_up	9	12	50	17212.800	17.212800	False	1	0.548
pro_warm_up	9	13	50	2534.980	2.534980	False	1	0.133
pro_warm_up	9	14	50	16782.856	16.782856	False	1	0.433
pro_warm_up	9	15	50	2448.198	2.448198	False	1	0.133
pro_warm_up	9	16	50	2726.921	2.726921	False	1	0.133
pro_warm_up	9	17	50	18244.439	18.244439	False	1	0.507
pro_warm_up	10	1	50	16952.742	16.952742	False	1	0.396
pro_warm_up	10	2	50	4739.858	4.739858	False	1	0.133
pro_warm_up	10	3	50	2363.305	2.363305	False	1	0.133
pro_warm_up	10	4	50	12976.765	12.976765	True	1	0.942
pro_warm_up	10	5	50	10513.888	10.513888	False	1	0.133
pro_warm_up	10	6	50	16911.223	16.911223	False	1	0.133
pro_warm_up	10	7	50	18535.867	18.535867	False	1	0.475
pro_warm_up	10	8	50	17367.066	17.367066	False	1	0.437
pro_warm_up	10	9	50	11066.237	11.066237	False	1	0.133
pro_warm_up	11	1	50	23672.644	23.672644	False	1	0.363
pro_warm_up	11	2	50	4673.359	4.673359	False	1	0.133
pro_warm_up	11	3	50	15983.276	15.983276	False	1	0.133
pro_warm_up	11	4	50	19196.480	19.196480	False	1	0.422
pro_warm_up	11	5	50	1882.502	1.882502	False	1	0.133
pro_warm_up	11	6	50	19212.711	19.212711	False	1	0.467
pro_warm_up	11	7	50	2742.453	2.742453	False	1	0.133
pro_warm_up	11	8	50	15191.108	15.191108	False	1	0.133
pro_warm_up	11	9	50	17741.360	17.741360	False	1	0.399
pro_warm_up	11	10	50	17641.386	17.641386	False	1	0.452
pro_warm_up	11	11	50	2367.846	2.367846	False	1	0.133
pro_warm_up	12	1	50	21039.718	21.039718	False	1	0.442
pro_warm_up	12	2	50	30242.677	30.242677	False	1	0.375
pro_warm_up	12	3	50	27447.022	27.447022	False	1	0.133
pro_warm_up	12	4	50	2723.846	2.723846	False	1	0.133
pro_warm_up	12	5	50	18849.446	18.849446	False	1	0.458
pro_warm_up	12	6	50	2774.743	2.774743	False	1	0.133
pro_warm_up	12	7	50	13374.487	13.374487	False	1	0.133
pro_warm_up	12	8	50	5242.019	5.242019	False	1	0.133
pro_warm_up	12	9	50	3466.362	3.466362	False	1	0.133
pro_warm_up	13	1	50	15052.725	15.052725	False	1	0.133
pro_warm_up	13	2	50	17701.361	17.701361	False	1	0.414
pro_warm_up	13	3	50	12296.862	12.296862	False	1	0.133
pro_warm_up	13	4	50	18193.584	18.193584	False	1	0.45
pro_warm_up	13	5	50	25235.749	25.235749	False	1	0.421
pro_warm_up	13	6	50	15797.133	15.797133	False	1	0.499
pro_warm_up	13	7	50	9794.694	9.794694	False	1	0.409
pro_warm_up	13	8	50	20550.175	20.550175	False	1	0.478
pro_warm_up	13	9	50	15146.849	15.146849	False	1	0.133
pro_warm_up	13	10	50	21934.757	21.934757	False	1	0.393
pro_warm_up	13	11	50	18841.033	18.841033	False	1	0.458
pro_warm_up	14	1	50	15616.601	15.616601	False	1	0.424
pro_warm_up	14	2	50	14772.240	14.772240	False	1	0.424
pro_warm_up	14	3	50	5743.886	5.743886	False	1	0.133
pro_warm_up	14	4	50	19827.306	19.827306	False	1	0.436
pro_warm_up	14	5	50	15738.863	15.738863	False	1	0.417
pro_warm_up	14	6	50	19188.237	19.188237	False	1	0.417
pro_warm_up	14	7	50	14345.857	14.345857	False	1	0.133
pro_warm_up	14	8	50	24427.035	24.427035	False	1	0.446
pro_warm_up	14	9	50	1817.909	1.817909	False	1	0.133
pro_warm_up	14	10	50	17583.182	17.583182	False	1	0.395
pro_warm_up	14	11	50	19530.548	19.530548	False	1	0.455
pro_warm_up	14	12	50	16671.695	16.671695	False	1	0.405
pro_warm_up	14	13	50	3766.974	3.766974	False	1	0.133
pro_warm_up	15	1	50	3070.019	3.070019	False	1	0.133
pro_warm_up	15	2	50	17508.721	17.508721	False	1	0.133
pro_warm_up	15	3	50	18449.472	18.449472	False	1	0.457
pro_warm_up	15	4	50	1538.529	1.538529	False	1	0.133
pro_warm_up	15	5	50	2475.218	2.475218	False	1	0.133
pro_warm_up	15	6	50	1942.524	1.942524	False	1	0.133
pro_warm_up	15	7	50	2279.115	2.279115	False	1	0.133
pro_warm_up	16	1	50	14743.427	14.743427	False	1	0.418
pro_warm_up	16	2	50	4184.387	4.184387	False	1	0.133
pro_warm_up	16	3	50	24563.550	24.563550	False	1	0.133
pro_warm_up	16	4	50	15480.930	15.480930	False	1	0.133
pro_warm_up	16	5	50	22183.568	22.183568	False	1	0.436
pro_warm_up	16	6	50	17387.717	17.387717	False	1	0.46
pro_warm_up	16	7	50	16073.499	16.073499	False	1	0.133
pro_warm_up	16	8	50	18383.978	18.383978	False	1	0.471
pro_warm_up	16	9	50	15929.221	15.929221	False	1	0.461
pro_warm_up	16	10	50	13665.165	13.665165	False	1	0.133
pro_warm_up	16	11	50	7595.757	7.595757	False	1	0.133
pro_warm_up	16	12	50	8607.850	8.607850	False	1	0.133
pro_warm_up	16	13	50	10877.154	10.877154	False	1	0.133
pro_warm_up	17	1	50	15048.375	15.048375	False	1	0.133
pro_warm_up	17	2	50	17377.826	17.377826	False	1	0.133
pro_warm_up	17	3	50	17494.134	17.494134	False	1	0.508
pro_warm_up	17	4	50	17560.760	17.560760	False	1	0.502
pro_warm_up	17	5	50	5021.882	5.021882	False	1	0.133
pro_warm_up	17	6	50	17786.266	17.786266	False	1	0.481
pro_warm_up	17	7	50	47092.305	47.092305	False	1	0.133
pro_warm_up	17	8	50	22732.839	22.732839	False	1	0.133
pro_warm_up	18	1	50	19418.525	19.418525	False	1	0.484
pro_warm_up	18	2	50	15601.935	15.601935	False	1	0.492
pro_warm_up	18	3	50	19347.421	19.347421	False	1	0.444
pro_warm_up	18	4	50	15758.449	15.758449	False	1	0.133
pro_warm_up	18	5	50	17007.685	17.007685	False	1	0.489
pro_warm_up	18	6	50	15476.286	15.476286	False	1	0.454
pro_warm_up	19	1	50	8615.990	8.615990	False	1	0.133
pro_warm_up	19	2	50	19822.978	19.822978	False	1	0.133
pro_warm_up	19	3	50	22889.674	22.889674	False	1	0.568
pro_warm_up	19	4	50	23050.847	23.050847	False	1	0.558
pro_warm_up	19	5	50	4149.884	4.149884	False	1	0.133
pro_warm_up	19	6	50	17677.088	17.677088	False	1	0.514
pro_warm_up	19	7	50	12727.310	12.727310	False	1	0.133
pro_warm_up	19	8	50	22986.445	22.986445	True	1	0.89
pro_warm_up	19	9	50	10739.992	10.739992	False	1	0.133
pro_warm_up	19	10	50	17627.346	17.627346	False	1	0.46
pro_warm_up	19	11	50	12301.783	12.301783	False	1	0.133
pro_warm_up	19	12	50	12452.544	12.452544	False	1	0.133
pro_warm_up	19	13	50	17683.002	17.683002	True	1	0.803
pro_warm_up	20	1	50	18414.244	18.414244	False	1	0.133
pro_warm_up	20	2	50	3960.746	3.960746	False	1	0.133
pro_warm_up	20	3	50	3391.942	3.391942	False	1	0.133
pro_warm_up	20	4	50	10409.234	10.409234	False	1	0.499
pro_warm_up	20	5	50	12009.146	12.009146	False	1	0.133
pro_warm_up	20	6	50	15102.931	15.102931	False	1	0.473
pro_warm_up	20	7	50	15137.253	15.137253	False	1	0.418
pro_warm_up	20	8	50	17673.410	17.673410	False	1	0.133
pro_warm_up	20	9	50	20191.338	20.191338	False	1	0.474
pro_warm_up	21	1	50	20711.235	20.711235	False	1	0.48
pro_warm_up	21	2	50	5521.784	5.521784	False	1	0.133
pro_warm_up	21	3	50	12153.218	12.153218	False	1	0.133
pro_warm_up	21	4	50	8238.092	8.238092	False	1	0.499
pro_warm_up	21	5	50	2442.317	2.442317	False	1	0.133
pro_warm_up	21	6	50	15117.161	15.117161	True	1	0.795
pro_warm_up	21	7	50	17963.176	17.963176	False	1	0.479
pro_warm_up	21	8	50	8193.676	8.193676	False	1	0.133
pro_warm_up	21	9	50	3015.505	3.015505	False	1	0.133
pro_warm_up	21	10	50	2473.736	2.473736	False	1	0.133
pro_warm_up	21	11	50	16068.969	16.068969	False	1	0.133
pro_warm_up	22	1	50	23127.064	23.127064	False	1	0.418
pro_warm_up	22	2	50	8106.482	8.106482	False	1	0.419
pro_warm_up	22	3	50	2685.055	2.685055	False	1	0.419
pro_warm_up	22	4	50	14047.110	14.047110	False	1	0.133
pro_warm_up	22	5	50	16899.924	16.899924	False	1	0.385
pro_warm_up	22	6	50	17450.244	17.450244	False	1	0.479
pro_warm_up	22	7	50	22547.084	22.547084	False	1	0.438
pro_warm_up	22	8	50	22830.632	22.830632	True	1	0.75
pro_warm_up	22	9	50	2780.044	2.780044	False	1	0.419
pro_warm_up	22	10	50	14386.952	14.386952	False	1	0.133
pro_warm_up	22	11	50	19777.763	19.777763	False	1	0.436
pro_warm_up	22	12	50	10740.291	10.740291	False	1	0.133
pro_warm_up	22	13	50	2764.844	2.764844	False	1	0.419
pro_warm_up	23	1	50	13958.374	13.958374	False	1	0.133
pro_warm_up	23	2	50	20463.667	20.463667	False	1	0.494
pro_warm_up	23	3	50	12003.307	12.003307	False	1	0.133
pro_warm_up	23	4	50	3958.634	3.958634	False	1	0.133
pro_warm_up	23	5	50	30656.704	30.656704	False	1	0.477
pro_warm_up	23	6	50	2379.912	2.379912	False	1	0.133
pro_warm_up	23	7	50	12764.986	12.764986	False	1	0.133
pro_warm_up	24	1	50	16135.806	16.135806	True	1	0.835
pro_warm_up	24	2	50	11877.925	11.877925	False	1	0.133
pro_warm_up	24	3	50	16140.596	16.140596	False	1	0.448
pro_warm_up	24	4	50	2576.016	2.576016	False	1	0.133
pro_warm_up	24	5	50	20930.790	20.930790	False	1	0.479
pro_warm_up	24	6	50	18097.165	18.097165	False	1	0.423
pro_warm_up	25	1	50	21105.317	21.105317	False	1	0.447
pro_warm_up	25	2	50	14945.415	14.945415	False	1	0.522
pro_warm_up	25	3	50	4726.547	4.726547	False	1	0.133
pro_warm_up	25	4	50	14227.755	14.227755	False	1	0.133
pro_warm_up	25	5	50	11248.976	11.248976	False	1	0.133
pro_warm_up	25	6	50	18996.390	18.996390	False	1	0.42
pro_warm_up	25	7	50	19233.395	19.233395	False	1	0.418
pro_warm_up	26	1	50	13941.379	13.941379	True	1	0.857
pro_warm_up	26	2	50	16422.001	16.422001	False	1	0.444
pro_warm_up	26	3	50	13783.237	13.783237	False	1	0.537
pro_warm_up	26	4	50	8099.494	8.099494	False	1	0.499
pro_warm_up	26	5	50	16498.668	16.498668	True	1	0.789
pro_warm_up	26	6	50	3306.436	3.306436	False	1	0.133
pro_warm_up	27	1	50	4509.439	4.509439	False	1	0.133
pro_warm_up	27	2	50	16978.520	16.978520	False	1	0.474
pro_warm_up	27	3	50	12112.542	12.112542	False	1	0.133
pro_warm_up	27	4	50	11081.208	11.081208	False	1	0.133
pro_warm_up	27	5	50	10352.910	10.352910	False	1	0.133
pro_warm_up	27	6	50	13567.920	13.567920	False	1	0.133
pro_warm_up	28	1	50	27116.167	27.116167	False	1	0.522
pro_warm_up	28	2	50	16062.450	16.062450	True	1	0.759
pro_warm_up	28	3	50	9287.216	9.287216	False	1	0.499
pro_warm_up	28	4	50	13125.099	13.125099	False	1	0.133
pro_warm_up	28	5	50	2005.514	2.005514	False	1	0.133
pro_warm_up	28	6	50	11483.479	11.483479	False	1	0.133
pro_warm_up	28	7	50	30562.145	30.562145	False	1	0.133
pro_warm_up	29	1	50	17063.363	17.063363	False	1	0.535
pro_warm_up	29	2	50	13338.588	13.338588	False	1	0.133
pro_warm_up	29	3	50	13752.069	13.752069	False	1	0.133
pro_warm_up	29	4	50	4532.939	4.532939	False	1	0.133
pro_warm_up	29	5	50	2527.171	2.527171	False	1	0.133
pro_warm_up	30	1	50	13464.174	13.464174	False	1	0.394
pro_warm_up	30	2	50	13673.636	13.673636	False	1	0.421
pro_warm_up	30	3	50	20990.182	20.990182	False	1	0.419
pro_warm_up	30	4	50	17764.051	17.764051	False	1	0.467
pro_warm_up	30	5	50	12866.932	12.866932	False	1	0.133
pro_warm_up	30	6	50	14101.596	14.101596	False	1	0.473
pro_warm_up	30	7	50	11548.467	11.548467	False	1	0.133
pro_warm_up	30	8	50	1854.834	1.854834	False	1	0.133
pro_warm_up	30	9	50	17314.827	17.314827	False	1	0.466
pro_warm_up	31	1	50	18710.009	18.710009	False	1	0.529
pro_warm_up	31	2	50	17810.529	17.810529	False	1	0.486
pro_warm_up	31	3	50	18789.893	18.789893	False	1	0.468
pro_warm_up	31	4	50	43302.604	43.302604	False	1	0.517
pro_warm_up	31	5	50	29181.184	29.181184	True	1	0.854
pro_warm_up	31	6	50	22536.123	22.536123	False	1	0.461
pro_warm_up	31	7	50	16141.264	16.141264	False	1	0.446
pro_warm_up	31	8	50	10764.087	10.764087	False	1	0.133
pro_warm_up	31	9	50	2617.144	2.617144	False	1	0.133
pro_warm_up	31	10	50	17225.802	17.225802	False	1	0.43
pro_warm_up	32	1	50	10936.423	10.936423	False	1	0.133
pro_warm_up	32	2	50	2735.062	2.735062	False	1	0.133
pro_warm_up	32	3	50	16824.749	16.824749	False	1	0.441
pro_warm_up	32	4	50	16810.934	16.810934	False	1	0.133
pro_warm_up	32	5	50	31131.009	31.131009	False	1	0.133
pro_warm_up	32	6	50	3179.261	3.179261	False	1	0.133
pro_warm_up	32	7	50	19696.501	19.696501	False	1	0.393
pro_warm_up	32	8	50	12880.233	12.880233	False	1	0.406
pro_warm_up	33	1	50	3700.098	3.700098	False	1	0.133
pro_warm_up	33	2	50	10769.340	10.769340	False	1	0.133
pro_warm_up	33	3	50	12829.472	12.829472	False	1	0.459
pro_warm_up	33	4	50	14666.960	14.666960	False	1	0.133
pro_warm_up	33	5	50	9051.194	9.051194	False	1	0.133
pro_warm_up	33	6	50	14144.864	14.144864	False	1	0.45
pro_warm_up	33	7	50	9531.212	9.531212	False	1	0.133
pro_warm_up	33	8	50	10829.615	10.829615	False	1	0.133
pro_warm_up	34	1	50	20843.117	20.843117	False	1	0.394
pro_warm_up	34	2	50	17124.699	17.124699	False	1	0.482
pro_warm_up	34	3	50	19109.973	19.109973	False	1	0.467
pro_warm_up	34	4	50	5327.586	5.327586	False	1	0.133
pro_warm_up	34	5	50	18409.752	18.409752	False	1	0.47
pro_warm_up	34	6	50	2794.961	2.794961	False	1	0.133
pro_warm_up	34	7	50	2024.101	2.024101	False	1	0.133
pro_warm_up	35	1	50	12401.792	12.401792	False	1	0.133
pro_warm_up	35	2	50	2931.687	2.931687	False	1	0.133
pro_warm_up	35	3	50	2518.502	2.518502	False	1	0.133
pro_warm_up	35	4	50	11663.630	11.663630	False	1	0.133
pro_warm_up	36	1	50	14026.565	14.026565	False	1	0.477
pro_warm_up	36	2	50	13624.309	13.624309	False	1	0.133
pro_warm_up	36	3	50	19017.101	19.017101	False	1	0.415
pro_warm_up	36	4	50	13867.211	13.867211	True	1	0.843
pro_warm_up	36	5	50	15180.966	15.180966	True	1	0.79
pro_warm_up	36	6	50	8263.255	8.263255	False	1	0.133
pro_warm_up	36	7	50	19776.548	19.776548	False	1	0.508
pro_warm_up	36	8	50	21610.601	21.610601	False	1	0.133
pro_warm_up	36	9	50	19050.727	19.050727	False	1	0.133
pro_warm_up	37	1	50	4048.783	4.048783	False	1	0.133
pro_warm_up	37	2	50	2567.028	2.567028	False	1	0.133
pro_warm_up	37	3	50	12637.166	12.637166	False	1	0.133
pro_warm_up	37	4	50	18386.185	18.386185	False	1	0.464
pro_warm_up	37	5	50	21543.563	21.543563	False	1	0.372
pro_warm_up	37	6	50	17380.884	17.380884	False	1	0.426
pro_warm_up	37	7	50	13807.092	13.807092	False	1	0.133
pro_warm_up	37	8	50	22004.409	22.004409	True	1	0.767
pro_warm_up	37	9	50	18015.421	18.015421	False	1	0.426
pro_warm_up	37	10	50	11203.627	11.203627	False	1	0.133
pro_warm_up	37	11	50	18895.901	18.895901	False	1	0.414
pro_warm_up	37	12	50	20579.348	20.579348	False	1	0.477
pro_warm_up	37	13	50	2669.915	2.669915	False	1	0.133
pro_warm_up	38	1	50	10593.238	10.593238	False	1	0.133
pro_warm_up	38	2	50	11932.152	11.932152	True	1	0.846
pro_warm_up	38	3	50	15692.127	15.692127	False	1	0.133
pro_warm_up	38	4	50	11815.826	11.815826	False	1	0.133
pro_warm_up	38	5	50	13336.403	13.336403	False	1	0.133
pro_warm_up	38	6	50	13633.579	13.633579	False	1	0.426
pro_warm_up	38	7	50	11660.258	11.660258	False	1	0.133
pro_warm_up	39	1	50	20499.683	20.499683	False	1	0.429
pro_warm_up	39	2	50	24331.200	24.331200	True	1	0.81
pro_warm_up	39	3	50	10707.377	10.707377	False	1	0.133
pro_warm_up	39	4	50	16206.357	16.206357	True	1	0.793
pro_warm_up	39	5	50	10986.630	10.986630	False	1	0.499
pro_warm_up	39	6	50	3939.264	3.939264	False	1	0.133
pro_warm_up	39	7	50	3975.815	3.975815	False	1	0.133
pro_warm_up	40	1	50	16841.067	16.841067	False	1	0.409
pro_warm_up	40	2	50	2356.163	2.356163	False	1	0.133
pro_warm_up	40	3	50	18110.845	18.110845	False	1	0.446
pro_warm_up	40	4	50	17552.874	17.552874	False	1	0.408
pro_warm_up	40	5	50	9210.826	9.210826	False	1	0.133
pro_warm_up	40	6	50	1983.057	1.983057	False	1	0.133
pro_warm_up	40	7	50	19403.066	19.403066	False	1	0.475
pro_warm_up	40	8	50	10328.033	10.328033	False	1	0.133
pro_warm_up	40	9	50	14897.880	14.897880	False	1	0.51
pro_warm_up	40	10	50	20197.658	20.197658	False	1	0.489
pro_warm_up	40	11	50	11321.061	11.321061	False	1	0.133
pro_warm_up	40	12	50	14830.845	14.830845	False	1	0.133
pro_warm_up	40	13	50	2189.903	2.189903	False	1	0.133
pro_warm_up	40	14	50	16269.403	16.269403	False	1	0.431
pro_warm_up	41	1	50	15698.193	15.698193	False	1	0.572
pro_warm_up	41	2	50	15880.764	15.880764	False	1	0.522
pro_warm_up	41	3	50	5581.351	5.581351	False	1	0.133
pro_warm_up	41	4	50	18166.700	18.166700	False	1	0.133
pro_warm_up	41	5	50	18785.600	18.785600	False	1	0.363
pro_warm_up	41	6	50	21556.292	21.556292	False	1	0.46
pro_warm_up	42	1	50	4672.193	4.672193	False	1	0.133
pro_warm_up	42	2	50	18755.119	18.755119	False	1	0.408
pro_warm_up	42	3	50	1647.367	1.647367	False	1	0.133
pro_warm_up	42	4	50	20009.647	20.009647	False	1	0.424
pro_warm_up	42	5	50	18255.339	18.255339	False	1	0.386
pro_warm_up	42	6	50	1912.296	1.912296	False	1	0.133
pro_warm_up	42	7	50	2696.471	2.696471	False	1	0.133
pro_warm_up	42	8	50	1829.326	1.829326	False	1	0.133
pro_warm_up	42	9	50	17650.345	17.650345	False	1	0.414
pro_warm_up	43	1	50	19399.406	19.399406	False	1	0.366
pro_warm_up	43	2	50	16696.882	16.696882	False	1	0.133
pro_warm_up	43	3	50	12997.974	12.997974	False	1	0.133
pro_warm_up	43	4	50	20025.216	20.025216	False	1	0.414
pro_warm_up	43	5	50	2146.310	2.146310	False	1	0.133
pro_warm_up	43	6	50	13809.053	13.809053	False	1	0.133
pro_warm_up	43	7	50	3260.525	3.260525	False	1	0.133
pro_warm_up	43	8	50	24806.313	24.806313	False	1	0.43
pro_warm_up	43	9	50	13697.863	13.697863	False	1	0.133
pro_warm_up	43	10	50	2628.848	2.628848	False	1	0.133
pro_warm_up	43	11	50	10704.517	10.704517	False	1	0.133
pro_warm_up	43	12	50	4722.522	4.722522	False	1	0.133
pro_warm_up	44	1	50	40010.343	40.010343	False	1	0.507
pro_warm_up	44	2	50	20971.978	20.971978	False	1	0.133
pro_warm_up	44	3	50	31531.138	31.531138	False	1	0.133
pro_warm_up	44	4	50	8215.185	8.215185	False	1	0.133
pro_warm_up	44	5	50	2302.133	2.302133	False	1	0.133
pro_warm_up	45	1	50	18180.653	18.180653	False	1	0.461
pro_warm_up	45	2	50	13136.376	13.136376	False	1	0.133
pro_warm_up	45	3	50	15997.986	15.997986	False	1	0.404
pro_warm_up	45	4	50	20978.142	20.978142	False	1	0.133
pro_warm_up	45	5	50	5192.015	5.192015	False	1	0.133
pro_warm_up	45	6	50	17401.261	17.401261	False	1	0.433
pro_warm_up	46	1	50	20487.168	20.487168	False	1	0.547
pro_warm_up	46	2	50	19915.430	19.915430	False	1	0.438
pro_warm_up	46	3	50	18472.203	18.472203	False	1	0.483
pro_warm_up	46	4	50	15296.594	15.296594	True	1	0.828
pro_warm_up	46	5	50	11547.562	11.547562	False	1	0.133
pro_warm_up	46	6	50	13854.961	13.854961	False	1	0.133
pro_warm_up	46	7	50	13520.407	13.520407	False	1	0.133
pro_warm_up	46	8	50	14452.593	14.452593	False	1	0.461
pro_warm_up	46	9	50	2943.785	2.943785	False	1	0.133
pro_warm_up	47	1	50	22459.977	22.459977	False	1	0.398
pro_warm_up	47	2	50	17710.599	17.710599	False	1	0.399
pro_warm_up	47	3	50	17794.552	17.794552	False	1	0.422
pro_warm_up	47	4	50	5446.999	5.446999	False	1	0.133
pro_warm_up	47	5	50	19714.374	19.714374	False	1	0.407
pro_warm_up	47	6	50	32697.997	32.697997	False	1	0.497
pro_warm_up	47	7	50	16617.976	16.617976	False	1	0.133
pro_warm_up	47	8	50	4861.608	4.861608	False	1	0.133
pro_warm_up	47	9	50	36790.615	36.790615	False	1	0.453
pro_warm_up	47	10	50	3157.972	3.157972	False	1	0.133
pro_warm_up	47	11	50	20876.571	20.876571	False	1	0.407
pro_warm_up	48	1	50	5684.545	5.684545	False	1	0.133
pro_warm_up	48	2	50	14187.196	14.187196	False	1	0.497
pro_warm_up	48	3	50	2280.560	2.280560	False	1	0.133
pro_warm_up	48	4	50	4798.259	4.798259	False	1	0.133
pro_warm_up	48	5	50	11889.699	11.889699	False	1	0.133
pro_warm_up	48	6	50	15385.936	15.385936	False	1	0.536
pro_warm_up	48	7	50	26261.017	26.261017	False	1	0.442
pro_warm_up	48	8	50	26304.252	26.304252	False	1	0.133
pro_warm_up	48	9	50	19445.199	19.445199	False	1	0.565
pro_warm_up	48	10	50	18781.005	18.781005	False	1	0.504
pro_warm_up	48	11	50	12894.893	12.894893	False	1	0.133
pro_warm_up	48	12	50	39021.224	39.021224	False	1	0.527
pro_warm_up	48	13	50	36572.550	36.572550	False	1	0.512
pro_warm_up	48	14	50	16421.485	16.421485	False	1	0.133
pro_warm_up	49	1	50	15148.907	15.148907	False	1	0.38
pro_warm_up	49	2	50	5414.317	5.414317	False	1	0.133
pro_warm_up	49	3	50	21609.035	21.609035	False	1	0.473
pro_warm_up	49	4	50	19266.407	19.266407	False	1	0.471
pro_warm_up	49	5	50	9929.063	9.929063	False	1	0.133
pro_warm_up	49	6	50	9999.942	9.999942	False	1	0.133
pro_warm_up	49	7	50	15428.327	15.428327	False	1	0.133
pro_warm_up	49	8	50	21230.542	21.230542	False	1	0.133
pro_lifelong	0	1	50	36285.725	36.285725	False	1	0.133
pro_lifelong	0	2	50	17647.455	17.647455	False	1	0.585
pro_lifelong	0	3	50	2709.289	2.709289	False	1	0.585
pro_lifelong	0	4	50	12295.017	12.295017	False	1	0.585
pro_lifelong	0	5	50	16951.003	16.951003	False	1	0.503
pro_lifelong	0	6	50	16478.980	16.478980	False	1	0.418
pro_lifelong	0	7	50	2303.136	2.303136	False	1	0.585
pro_lifelong	1	1	50	18333.857	18.333857	False	1	0.133
pro_lifelong	1	2	50	3623.502	3.623502	False	1	0.133
pro_lifelong	1	3	50	13525.563	13.525563	False	1	0.133
pro_lifelong	1	4	50	18454.243	18.454243	False	1	0.133
pro_lifelong	2	1	50	2432.884	2.432884	False	1	0.133
pro_lifelong	2	2	50	20492.146	20.492146	False	1	0.364
pro_lifelong	2	3	50	15606.196	15.606196	False	1	0.414
pro_lifelong	2	4	50	34958.975	34.958975	False	1	0.522
pro_lifelong	2	5	50	17928.872	17.928872	False	1	0.465
pro_lifelong	2	6	50	24140.488	24.140488	False	1	0.459
pro_lifelong	2	7	50	20410.580	20.410580	False	1	0.133
pro_lifelong	2	8	50	16905.768	16.905768	False	1	0.133
pro_lifelong	2	9	50	20031.361	20.031361	False	1	0.411
pro_lifelong	3	1	50	16060.659	16.060659	False	1	0.133
pro_lifelong	3	2	50	16039.907	16.039907	True	1	0.841
pro_lifelong	4	1	50	17272.280	17.272280	False	1	0.508
pro_lifelong	4	2	50	3770.870	3.770870	False	1	0.133
pro_lifelong	4	3	50	23266.164	23.266164	False	1	0.133
pro_lifelong	4	4	50	18588.964	18.588964	False	1	0.457
pro_lifelong	4	5	50	18455.856	18.455856	False	1	0.623
pro_lifelong	4	6	50	23166.308	23.166308	False	1	0.133
pro_lifelong	4	7	50	21731.376	21.731376	False	1	0.406
pro_lifelong	4	8	50	19131.889	19.131889	False	1	0.521
pro_lifelong	4	9	50	15776.040	15.776040	False	1	0.133
pro_lifelong	4	10	50	19966.742	19.966742	False	1	0.542
pro_lifelong	5	1	50	14799.391	14.799391	False	1	0.434
pro_lifelong	5	2	50	21025.324	21.025324	False	1	0.521
pro_lifelong	5	3	50	6177.895	6.177895	False	1	0.133
pro_lifelong	5	4	50	13901.079	13.901079	False	1	0.133
pro_lifelong	5	5	50	10258.542	10.258542	False	1	0.133
pro_lifelong	5	6	50	2298.502	2.298502	False	1	0.133
pro_lifelong	6	1	50	7725.738	7.725738	False	1	0.446
pro_lifelong	6	2	50	9045.402	9.045402	False	1	0.446
pro_lifelong	6	3	50	15440.976	15.440976	False	1	0.527
pro_lifelong	6	4	50	33619.564	33.619564	False	1	0.511
pro_lifelong	6	5	50	25401.384	25.401384	False	1	0.45
pro_lifelong	6	6	50	22083.698	22.083698	False	1	0.422
pro_lifelong	6	7	50	19686.355	19.686355	False	1	0.418
pro_lifelong	6	8	50	13759.560	13.759560	False	1	0.355
pro_lifelong	7	1	50	25556.917	25.556917	False	1	0.435
pro_lifelong	7	2	50	18810.397	18.810397	False	1	0.337
pro_lifelong	7	3	50	17964.377	17.964377	False	1	0.452
pro_lifelong	7	4	50	24939.715	24.939715	False	1	0.133
pro_lifelong	7	5	50	15759.400	15.759400	False	1	0.133
pro_lifelong	7	6	50	13062.071	13.062071	False	1	0.133
pro_lifelong	7	7	50	23025.050	23.025050	False	1	0.399
pro_lifelong	7	8	50	18466.144	18.466144	False	1	0.39
pro_lifelong	8	1	50	14147.307	14.147307	False	1	0.133
pro_lifelong	8	2	50	12833.649	12.833649	False	1	0.451
pro_lifelong	8	3	50	18347.389	18.347389	False	1	0.497
pro_lifelong	8	4	50	18457.405	18.457405	False	1	0.488
pro_lifelong	8	5	50	15172.595	15.172595	False	1	0.133
pro_lifelong	8	6	50	10611.291	10.611291	False	1	0.133
pro_lifelong	8	7	50	11080.080	11.080080	False	1	0.133
pro_lifelong	8	8	50	19834.319	19.834319	False	1	0.426
pro_lifelong	9	1	50	23162.107	23.162107	False	1	0.133
pro_lifelong	9	2	50	20458.119	20.458119	False	1	0.433
pro_lifelong	9	3	50	5404.857	5.404857	False	1	0.133
pro_lifelong	9	4	50	38133.204	38.133204	False	1	0.478
pro_lifelong	9	5	50	22670.802	22.670802	False	1	0.133
pro_lifelong	9	6	50	17362.363	17.362363	False	1	0.46
pro_lifelong	9	7	50	19272.876	19.272876	False	1	0.37
pro_lifelong	9	8	50	3073.690	3.073690	False	1	0.133
pro_lifelong	9	9	50	2519.792	2.519792	False	1	0.133
pro_lifelong	10	1	50	12754.112	12.754112	False	1	0.133
pro_lifelong	10	2	50	14132.127	14.132127	False	1	0.133
pro_lifelong	10	3	50	10952.166	10.952166	False	1	0.133
pro_lifelong	10	4	50	4359.681	4.359681	False	1	0.133
pro_lifelong	11	1	50	22038.464	22.038464	False	1	0.613
pro_lifelong	11	2	50	13738.892	13.738892	False	1	0.133
pro_lifelong	11	3	50	5673.505	5.673505	False	1	0.602
pro_lifelong	11	4	50	22154.156	22.154156	False	1	0.528
pro_lifelong	11	5	50	9597.798	9.597798	False	1	0.133
pro_lifelong	11	6	50	20168.572	20.168572	False	1	0.538
pro_lifelong	12	1	50	12905.217	12.905217	False	1	0.133
pro_lifelong	12	2	50	28294.292	28.294292	False	1	0.509
pro_lifelong	12	3	50	14779.035	14.779035	True	1	0.928
pro_lifelong	13	1	50	8128.849	8.128849	False	1	0.366
pro_lifelong	13	2	50	2934.174	2.934174	False	1	0.366
pro_lifelong	13	3	50	16312.789	16.312789	False	1	0.325
pro_lifelong	13	4	50	2977.789	2.977789	False	1	0.366
pro_lifelong	13	5	50	19235.840	19.235840	False	1	0.494
pro_lifelong	13	6	50	13441.077	13.441077	False	1	0.451
pro_lifelong	13	7	50	2673.272	2.673272	False	1	0.366
pro_lifelong	13	8	50	5164.290	5.164290	False	1	0.366
pro_lifelong	13	9	50	9023.538	9.023538	False	1	0.366
pro_lifelong	13	10	50	12983.891	12.983891	False	1	0.396
pro_lifelong	14	1	50	17184.214	17.184214	True	1	0.902
pro_lifelong	15	1	50	2424.871	2.424871	False	1	0.133
pro_lifelong	15	2	50	9324.490	9.324490	False	1	0.133
pro_lifelong	15	3	50	19706.095	19.706095	False	1	0.133
pro_lifelong	15	4	50	12963.480	12.963480	False	1	0.133
pro_lifelong	16	1	50	21893.184	21.893184	False	1	0.441
pro_lifelong	16	2	50	17656.428	17.656428	False	1	0.487
pro_lifelong	16	3	50	17297.013	17.297013	False	1	0.444
pro_lifelong	16	4	50	19431.907	19.431907	False	1	0.436
pro_lifelong	16	5	50	20413.877	20.413877	False	1	0.435
pro_lifelong	16	6	50	5041.379	5.041379	False	1	0.133
pro_lifelong	16	7	50	13915.699	13.915699	False	1	0.133
pro_lifelong	17	1	50	11036.411	11.036411	False	1	0.133
pro_lifelong	17	2	50	19778.331	19.778331	False	1	0.133
pro_lifelong	17	3	50	13454.437	13.454437	False	1	0.133
pro_lifelong	17	4	50	13708.913	13.708913	False	1	0.133
pro_lifelong	18	1	50	18854.904	18.854904	False	1	0.432
pro_lifelong	18	2	50	14249.243	14.249243	False	1	0.495
pro_lifelong	18	3	50	2055.289	2.055289	False	1	0.495
pro_lifelong	18	4	50	19225.692	19.225692	False	1	0.418
pro_lifelong	18	5	50	19554.143	19.554143	False	1	0.133
pro_lifelong	18	6	50	10611.353	10.611353	False	1	0.495
pro_lifelong	18	7	50	18516.965	18.516965	False	1	0.473
pro_lifelong	19	1	50	19419.701	19.419701	False	1	0.491
pro_lifelong	19	2	50	11989.275	11.989275	False	1	0.133
pro_lifelong	19	3	50	16771.925	16.771925	False	1	0.133
pro_lifelong	19	4	50	12559.518	12.559518	False	1	0.133
pro_lifelong	19	5	50	10272.938	10.272938	False	1	0.133
pro_lifelong	20	1	50	20024.435	20.024435	False	1	0.413
pro_lifelong	20	2	50	15918.141	15.918141	False	1	0.133
pro_lifelong	20	3	50	16500.714	16.500714	False	1	0.356
pro_lifelong	20	4	50	20251.828	20.251828	False	1	0.399
pro_lifelong	20	5	50	2545.983	2.545983	False	1	0.133
pro_lifelong	20	6	50	28852.908	28.852908	True	1	0.736
pro_lifelong	21	1	50	21245.500	21.245500	False	1	0.484
pro_lifelong	21	2	50	12743.610	12.743610	False	1	0.133
pro_lifelong	21	3	50	11379.789	11.379789	False	1	0.133
pro_lifelong	21	4	50	3713.475	3.713475	False	1	0.133
pro_lifelong	21	5	50	1836.658	1.836658	False	1	0.133
pro_lifelong	22	1	50	11878.821	11.878821	False	1	0.133
pro_lifelong	22	2	50	26559.305	26.559305	False	1	0.133
pro_lifelong	22	3	50	49500.712	49.500712	False	1	0.562
pro_lifelong	22	4	50	3726.496	3.726496	False	1	0.133
pro_lifelong	22	5	50	17409.437	17.409437	False	1	0.133
pro_lifelong	22	6	50	9179.053	9.179053	False	1	0.499
pro_lifelong	22	7	50	8713.446	8.713446	False	1	0.499
pro_lifelong	22	8	50	3567.321	3.567321	False	1	0.133
pro_lifelong	23	1	50	15557.292	15.557292	False	1	0.133
pro_lifelong	23	2	50	15967.903	15.967903	False	1	0.133
pro_lifelong	23	3	50	16865.986	16.865986	False	1	0.133
pro_lifelong	23	4	50	12814.488	12.814488	False	1	0.133
pro_lifelong	24	1	50	11987.256	11.987256	False	1	0.133
pro_lifelong	24	2	50	24602.649	24.602649	False	1	0.469
pro_lifelong	24	3	50	14781.150	14.781150	False	1	0.436
pro_lifelong	24	4	50	25091.982	25.091982	False	1	0.496
pro_lifelong	24	5	50	17390.411	17.390411	False	1	0.462
pro_lifelong	24	6	50	18541.279	18.541279	False	1	0.487
pro_lifelong	24	7	50	3748.700	3.748700	False	1	0.133
pro_lifelong	24	8	50	15584.848	15.584848	True	1	0.809
pro_lifelong	25	1	50	9737.481	9.737481	False	1	0.367
pro_lifelong	25	2	50	30141.734	30.141734	False	1	0.367
pro_lifelong	25	3	50	12136.893	12.136893	False	1	0.367
pro_lifelong	25	4	50	2230.398	2.230398	False	1	0.367
pro_lifelong	25	5	50	13111.693	13.111693	False	1	0.133
pro_lifelong	25	6	50	2289.823	2.289823	False	1	0.367
pro_lifelong	26	1	50	16975.262	16.975262	False	1	0.133
pro_lifelong	26	2	50	14034.802	14.034802	False	1	0.463
pro_lifelong	26	3	50	2295.127	2.295127	False	1	0.133
pro_lifelong	26	4	50	22848.470	22.848470	False	1	0.465
pro_lifelong	26	5	50	18592.738	18.592738	False	1	0.428
pro_lifelong	26	6	50	12181.986	12.181986	False	1	0.133
pro_lifelong	26	7	50	4928.111	4.928111	False	1	0.133
pro_lifelong	27	1	50	29568.324	29.568324	False	1	0.133
pro_lifelong	27	2	50	11172.127	11.172127	False	1	0.133
pro_lifelong	27	3	50	12123.755	12.123755	False	1	0.133
pro_lifelong	27	4	50	14369.235	14.369235	False	1	0.499
pro_lifelong	27	5	50	11634.781	11.634781	False	1	0.133
pro_lifelong	27	6	50	21924.769	21.924769	False	1	0.416
pro_lifelong	27	7	50	3581.020	3.581020	False	1	0.133
pro_lifelong	27	8	50	16912.993	16.912993	False	1	0.572
pro_lifelong	27	9	50	14522.529	14.522529	False	1	0.567
pro_lifelong	27	10	50	10532.608	10.532608	False	1	0.133
pro_lifelong	27	11	50	11550.229	11.550229	False	1	0.395
pro_lifelong	27	12	50	2769.250	2.769250	False	1	0.133
pro_lifelong	27	13	50	17594.774	17.594774	False	1	0.133
pro_lifelong	28	1	50	32465.395	32.465395	True	1	0.77
pro_lifelong	29	1	50	11303.332	11.303332	False	1	0.457
pro_lifelong	29	2	50	17008.247	17.008247	False	1	0.499
pro_lifelong	29	3	50	3954.698	3.954698	False	1	0.133
pro_lifelong	29	4	50	24629.468	24.629468	False	1	0.551
pro_lifelong	29	5	50	16387.251	16.387251	False	1	0.133
pro_lifelong	29	6	50	13239.535	13.239535	False	1	0.133
pro_lifelong	29	7	50	23392.170	23.392170	False	1	0.133
pro_lifelong	29	8	50	12443.715	12.443715	False	1	0.133
pro_lifelong	30	1	50	21003.647	21.003647	False	1	0.407
pro_lifelong	30	2	50	3204.382	3.204382	False	1	0.407
pro_lifelong	30	3	50	2942.896	2.942896	False	1	0.407
pro_lifelong	30	4	50	16746.333	16.746333	False	1	0.422
pro_lifelong	30	5	50	35357.249	35.357249	False	1	0.455
pro_lifelong	30	6	50	17140.905	17.140905	False	1	0.488
pro_lifelong	30	7	50	14489.703	14.489703	False	1	0.407
pro_lifelong	30	8	50	11083.835	11.083835	False	1	0.407
pro_lifelong	30	9	50	2688.177	2.688177	False	1	0.407
pro_lifelong	30	10	50	17421.657	17.421657	False	1	0.406
pro_lifelong	30	11	50	1839.981	1.839981	False	1	0.407
pro_lifelong	31	1	50	14795.766	14.795766	False	1	0.416
pro_lifelong	31	2	50	10404.436	10.404436	False	1	0.416
pro_lifelong	31	3	50	3490.115	3.490115	False	1	0.416
pro_lifelong	31	4	50	20096.255	20.096255	False	1	0.456
pro_lifelong	31	5	50	17173.856	17.173856	False	1	0.133
pro_lifelong	31	6	50	21073.008	21.073008	False	1	0.421
pro_lifelong	31	7	50	17643.434	17.643434	False	1	0.433
pro_lifelong	31	8	50	19853.376	19.853376	False	1	0.414
pro_lifelong	31	9	50	12846.803	12.846803	False	1	0.416
pro_lifelong	32	1	50	16248.848	16.248848	False	1	0.443
pro_lifelong	32	2	50	18729.433	18.729433	False	1	0.382
pro_lifelong	32	3	50	9693.356	9.693356	False	1	0.417
pro_lifelong	32	4	50	17628.428	17.628428	False	1	0.42
pro_lifelong	32	5	50	22158.747	22.158747	False	1	0.397
pro_lifelong	32	6	50	17168.994	17.168994	False	1	0.417
pro_lifelong	33	1	50	17010.841	17.010841	False	1	0.413
pro_lifelong	33	2	50	8335.197	8.335197	False	1	0.412
pro_lifelong	33	3	50	22015.952	22.015952	False	1	0.427
pro_lifelong	33	4	50	18415.557	18.415557	False	1	0.415
pro_lifelong	33	5	50	12610.236	12.610236	False	1	0.412
pro_lifelong	33	6	50	12039.454	12.039454	False	1	0.412
pro_lifelong	33	7	50	15055.407	15.055407	False	1	0.436
pro_lifelong	33	8	50	14459.880	14.459880	False	1	0.415
pro_lifelong	34	1	50	9455.244	9.455244	False	1	0.427
pro_lifelong	34	2	50	12258.972	12.258972	False	1	0.427
pro_lifelong	34	3	50	4711.578	4.711578	False	1	0.427
pro_lifelong	34	4	50	20860.257	20.860257	False	1	0.419
pro_lifelong	34	5	50	2459.192	2.459192	False	1	0.427
pro_lifelong	34	6	50	20870.897	20.870897	False	1	0.428
pro_lifelong	35	1	50	8607.589	8.607589	False	1	0.434
pro_lifelong	35	2	50	15988.755	15.988755	False	1	0.414
pro_lifelong	35	3	50	16197.769	16.197769	False	1	0.436
pro_lifelong	35	4	50	13899.352	13.899352	False	1	0.434
pro_lifelong	35	5	50	11652.427	11.652427	False	1	0.434
pro_lifelong	35	6	50	20226.545	20.226545	False	1	0.442
pro_lifelong	36	1	50	8521.546	8.521546	False	1	0.421
pro_lifelong	36	2	50	30702.484	30.702484	False	1	0.459
pro_lifelong	36	3	50	2652.423	2.652423	False	1	0.421
pro_lifelong	36	4	50	2628.834	2.628834	False	1	0.421
pro_lifelong	36	5	50	19416.561	19.416561	False	1	0.458
pro_lifelong	36	6	50	9709.131	9.709131	False	1	0.421
pro_lifelong	36	7	50	21312.330	21.312330	False	1	0.401
pro_lifelong	37	1	50	8534.542	8.534542	False	1	0.421
pro_lifelong	37	2	50	16988.106	16.988106	False	1	0.133
pro_lifelong	37	3	50	11482.754	11.482754	False	1	0.133
pro_lifelong	37	4	50	4237.278	4.237278	False	1	0.421
pro_lifelong	37	5	50	12534.251	12.534251	False	1	0.133
pro_lifelong	37	6	50	2550.189	2.550189	False	1	0.421
pro_lifelong	38	1	50	17170.397	17.170397	False	1	0.418
pro_lifelong	38	2	50	6016.440	6.016440	False	1	0.418
pro_lifelong	38	3	50	9010.389	9.010389	False	1	0.133
pro_lifelong	38	4	50	12672.635	12.672635	False	1	0.418
pro_lifelong	38	5	50	25643.132	25.643132	False	1	0.444
pro_lifelong	38	6	50	17854.211	17.854211	False	1	0.416
pro_lifelong	38	7	50	2526.911	2.526911	False	1	0.418
pro_lifelong	38	8	50	2766.957	2.766957	False	1	0.418
pro_lifelong	38	9	50	16766.283	16.766283	False	1	0.494
pro_lifelong	38	10	50	3041.098	3.041098	False	1	0.418
pro_lifelong	38	11	50	2521.342	2.521342	False	1	0.418
pro_lifelong	38	12	50	19309.668	19.309668	False	1	0.417
pro_lifelong	38	13	50	16978.157	16.978157	False	1	0.418
pro_lifelong	38	14	50	10932.016	10.932016	False	1	0.418
pro_lifelong	39	1	50	16759.029	16.759029	False	1	0.429
pro_lifelong	39	2	50	13250.185	13.250185	False	1	0.429
pro_lifelong	39	3	50	25707.499	25.707499	False	1	0.477
pro_lifelong	39	4	50	8520.178	8.520178	False	1	0.429
pro_lifelong	39	5	50	18264.338	18.264338	False	1	0.456
pro_lifelong	39	6	50	16975.160	16.975160	False	1	0.424
pro_lifelong	39	7	50	15344.029	15.344029	False	1	0.418
pro_lifelong	39	8	50	12444.643	12.444643	False	1	0.429
pro_lifelong	40	1	50	13901.064	13.901064	False	1	0.133
pro_lifelong	40	2	50	13719.532	13.719532	False	1	0.133
pro_lifelong	40	3	50	19110.004	19.110004	False	1	0.133
pro_lifelong	40	4	50	1904.628	1.904628	False	1	0.133
pro_lifelong	41	1	50	7532.059	7.532059	False	1	0.416
pro_lifelong	41	2	50	13624.034	13.624034	False	1	0.4
pro_lifelong	41	3	50	18967.319	18.967319	False	1	0.403
pro_lifelong	41	4	50	18181.928	18.181928	True	1	0.746
pro_lifelong	42	1	50	4836.742	4.836742	False	1	0.133
pro_lifelong	42	2	50	19225.704	19.225704	False	1	0.465
pro_lifelong	42	3	50	19189.755	19.189755	False	1	0.133
pro_lifelong	42	4	50	2282.505	2.282505	False	1	0.133
pro_lifelong	42	5	50	2375.022	2.375022	False	1	0.133
pro_lifelong	42	6	50	12283.051	12.283051	False	1	0.133
pro_lifelong	43	1	50	3580.985	3.580985	False	1	0.133
pro_lifelong	43	2	50	14951.191	14.951191	False	1	0.133
pro_lifelong	43	3	50	11227.840	11.227840	False	1	0.133
pro_lifelong	43	4	50	3580.934	3.580934	False	1	0.133
pro_lifelong	44	1	50	7425.416	7.425416	False	1	0.431
pro_lifelong	44	2	50	16205.246	16.205246	False	1	0.453
pro_lifelong	44	3	50	18687.052	18.687052	False	1	0.514
pro_lifelong	44	4	50	16098.457	16.098457	False	1	0.434
pro_lifelong	44	5	50	16331.544	16.331544	False	1	0.431
pro_lifelong	44	6	50	10173.478	10.173478	False	1	0.431
pro_lifelong	44	7	50	19541.218	19.541218	False	1	0.424
pro_lifelong	44	8	50	12785.922	12.785922	False	1	0.424
pro_lifelong	45	1	50	14054.859	14.054859	False	1	0.133
pro_lifelong	45	2	50	15610.358	15.610358	False	1	0.133
pro_lifelong	45	3	50	13118.781	13.118781	False	1	0.133
pro_lifelong	45	4	50	8587.218	8.587218	False	1	0.133
pro_lifelong	46	1	50	8056.419	8.056419	False	1	0.412
pro_lifelong	46	2	50	2864.731	2.864731	False	1	0.412
pro_lifelong	46	3	50	20757.098	20.757098	False	1	0.407
pro_lifelong	46	4	50	4155.430	4.155430	False	1	0.412
pro_lifelong	46	5	50	13013.643	13.013643	False	1	0.412
pro_lifelong	46	6	50	11013.089	11.013089	False	1	0.412
pro_lifelong	47	1	50	43449.402	43.449402	False	1	0.424
pro_lifelong	47	2	50	7907.435	7.907435	False	1	0.401
pro_lifelong	47	3	50	19418.808	19.418808	False	1	0.417
pro_lifelong	47	4	50	20224.831	20.224831	False	1	0.406
pro_lifelong	47	5	50	20191.271	20.191271	False	1	0.418
pro_lifelong	47	6	50	16253.452	16.253452	False	1	0.133
pro_lifelong	48	1	50	15100.374	15.100374	False	1	0.133
pro_lifelong	48	2	50	18072.973	18.072973	False	1	0.448
pro_lifelong	48	3	50	8186.542	8.186542	False	1	0.416
pro_lifelong	48	4	50	18920.561	18.920561	False	1	0.443
pro_lifelong	48	5	50	21284.536	21.284536	False	1	0.451
pro_lifelong	48	6	50	26497.995	26.497995	False	1	0.428
pro_lifelong	48	7	50	16917.744	16.917744	True	1	0.758
pro_lifelong	49	1	50	5054.692	5.054692	False	1	0.133
pro_lifelong	49	2	50	9207.124	9.207124	False	1	0.133
pro_lifelong	49	3	50	19971.754	19.971754	False	1	0.505
pro_lifelong	49	4	50	16931.630	16.931630	False	1	0.454
pro_lifelong	49	5	50	27042.146	27.042146	True	1	0.758
pro_lifelong	50	1	50	4708.847	4.708847	False	1	0.133
pro_lifelong	50	2	50	2163.310	2.163310	False	1	0.133
pro_lifelong	50	3	50	13380.238	13.380238	False	1	0.454
pro_lifelong	50	4	50	19157.259	19.157259	False	1	0.408
pro_lifelong	50	5	50	18289.345	18.289345	False	1	0.463
pro_lifelong	50	6	50	19975.863	19.975863	False	1	0.133
pro_lifelong	50	7	50	11827.645	11.827645	False	1	0.133
pro_lifelong	50	8	50	4160.115	4.160115	False	1	0.133
pro_lifelong	51	1	50	14700.986	14.700986	False	1	0.133
pro_lifelong	51	2	50	17720.843	17.720843	False	1	0.392
pro_lifelong	51	3	50	18753.475	18.753475	False	1	0.403
pro_lifelong	51	4	50	4924.113	4.924113	False	1	0.133
pro_lifelong	51	5	50	12947.930	12.947930	False	1	0.133
pro_lifelong	51	6	50	3343.839	3.343839	False	1	0.133
pro_lifelong	51	7	50	2629.153	2.629153	False	1	0.133
pro_lifelong	52	1	50	18569.834	18.569834	False	1	0.44
pro_lifelong	52	2	50	7397.936	7.397936	False	1	0.41
pro_lifelong	52	3	50	13518.246	13.518246	False	1	0.41
pro_lifelong	52	4	50	2389.697	2.389697	False	1	0.41
pro_lifelong	52	5	50	17761.017	17.761017	False	1	0.395
pro_lifelong	52	6	50	24882.503	24.882503	False	1	0.413
pro_lifelong	53	1	50	7553.745	7.553745	False	1	0.499
pro_lifelong	53	2	50	26030.371	26.030371	True	1	0.735
pro_lifelong	54	1	50	8045.525	8.045525	False	1	0.417
pro_lifelong	54	2	50	21482.435	21.482435	False	1	0.411
pro_lifelong	54	3	50	18520.919	18.520919	False	1	0.133
pro_lifelong	54	4	50	4294.941	4.294941	False	1	0.417
pro_lifelong	54	5	50	19005.863	19.005863	True	1	0.734
pro_lifelong	55	1	50	10043.642	10.043642	False	1	0.133
pro_lifelong	55	2	50	11911.207	11.911207	False	1	0.499
pro_lifelong	55	3	50	2160.502	2.160502	False	1	0.133
pro_lifelong	55	4	50	14163.770	14.163770	False	1	0.133
pro_lifelong	55	5	50	17780.094	17.780094	False	1	0.5
pro_lifelong	55	6	50	14305.801	14.305801	True	1	0.754
pro_lifelong	56	1	50	7323.522	7.323522	False	1	0.52
pro_lifelong	56	2	50	17948.662	17.948662	False	1	0.537
pro_lifelong	56	3	50	2525.855	2.525855	False	1	0.52
pro_lifelong	56	4	50	16827.403	16.827403	True	1	0.915
pro_lifelong	57	1	50	18189.671	18.189671	False	1	0.304
pro_lifelong	57	2	50	24158.697	24.158697	False	1	0.334
pro_lifelong	57	3	50	10879.955	10.879955	False	1	0.133
pro_lifelong	57	4	50	13901.551	13.901551	False	1	0.133
pro_lifelong	57	5	50	16460.470	16.460470	False	1	0.387
pro_lifelong	57	6	50	9612.180	9.612180	False	1	0.499
pro_lifelong	57	7	50	15669.103	15.669103	False	1	0.425
pro_lifelong	57	8	50	20043.875	20.043875	False	1	0.42
pro_lifelong	57	9	50	14905.401	14.905401	False	1	0.36
pro_lifelong	57	10	50	13753.333	13.753333	False	1	0.133
pro_lifelong	57	11	50	16522.435	16.522435	False	1	0.383
pro_lifelong	58	1	50	8453.771	8.453771	False	1	0.513
pro_lifelong	58	2	50	2692.481	2.692481	False	1	0.513
pro_lifelong	58	3	50	11077.336	11.077336	False	1	0.513
pro_lifelong	58	4	50	3759.030	3.759030	False	1	0.513
pro_lifelong	58	5	50	15457.787	15.457787	False	1	0.513
pro_lifelong	58	6	50	1977.362	1.977362	False	1	0.513
pro_lifelong	59	1	50	25533.840	25.533840	False	1	0.133
pro_lifelong	59	2	50	33404.507	33.404507	True	1	0.957
pro_lifelong	60	1	50	18462.571	18.462571	False	1	0.404
pro_lifelong	60	2	50	26744.031	26.744031	False	1	0.564
pro_lifelong	60	3	50	21801.730	21.801730	False	1	0.444
pro_lifelong	60	4	50	22064.672	22.064672	False	1	0.507
pro_lifelong	60	5	50	12451.139	12.451139	False	1	0.564
pro_lifelong	60	6	50	18335.838	18.335838	False	1	0.413
pro_lifelong	60	7	50	9071.563	9.071563	False	1	0.499
pro_lifelong	61	1	50	25716.753	25.716753	False	1	0.551
pro_lifelong	61	2	50	14271.828	14.271828	False	1	0.133
pro_lifelong	61	3	50	15784.815	15.784815	False	1	0.451
pro_lifelong	61	4	50	1981.180	1.981180	False	1	0.133
pro_lifelong	61	5	50	16537.559	16.537559	False	1	0.48
pro_lifelong	61	6	50	15190.796	15.190796	False	1	0.133
pro_lifelong	62	1	50	21483.432	21.483432	False	1	0.484
pro_lifelong	62	2	50	27390.734	27.390734	False	1	0.133
pro_lifelong	62	3	50	12205.741	12.205741	False	1	0.133
pro_lifelong	62	4	50	19385.683	19.385683	False	1	0.436
pro_lifelong	62	5	50	17025.370	17.025370	False	1	0.133
pro_lifelong	62	6	50	4309.187	4.309187	False	1	0.133
pro_lifelong	63	1	50	17606.239	17.606239	False	1	0.133
pro_lifelong	63	2	50	3779.145	3.779145	False	1	0.133
pro_lifelong	63	3	50	19169.044	19.169044	False	1	0.424
pro_lifelong	63	4	50	3678.896	3.678896	False	1	0.133
pro_lifelong	63	5	50	2573.163	2.573163	False	1	0.133
pro_lifelong	63	6	50	19256.986	19.256986	False	1	0.422
pro_lifelong	63	7	50	12594.725	12.594725	False	1	0.427
pro_lifelong	63	8	50	18261.894	18.261894	False	1	0.405
pro_lifelong	64	1	50	5506.930	5.506930	False	1	0.133
pro_lifelong	64	2	50	18659.823	18.659823	False	1	0.465
pro_lifelong	64	3	50	3029.720	3.029720	False	1	0.133
pro_lifelong	64	4	50	20740.826	20.740826	False	1	0.432
pro_lifelong	64	5	50	1641.217	1.641217	False	1	0.133
pro_lifelong	64	6	50	14391.563	14.391563	False	1	0.133
pro_lifelong	64	7	50	2494.224	2.494224	False	1	0.133
pro_lifelong	65	1	50	23524.261	23.524261	False	1	0.133
pro_lifelong	65	2	50	25496.223	25.496223	False	1	0.468
pro_lifelong	65	3	50	17106.156	17.106156	False	1	0.461
pro_lifelong	65	4	50	26214.227	26.214227	False	1	0.487
pro_lifelong	65	5	50	16421.606	16.421606	False	1	0.447
pro_lifelong	65	6	50	5053.413	5.053413	False	1	0.133
pro_lifelong	65	7	50	26764.850	26.764850	False	1	0.521
pro_lifelong	65	8	50	4214.542	4.214542	False	1	0.133
pro_lifelong	65	9	50	2390.723	2.390723	False	1	0.133
pro_lifelong	65	10	50	14330.520	14.330520	False	1	0.468
pro_lifelong	65	11	50	2544.337	2.544337	False	1	0.133
pro_lifelong	65	12	50	2706.272	2.706272	False	1	0.133
pro_lifelong	66	1	50	22757.511	22.757511	False	1	0.481
pro_lifelong	66	2	50	15987.008	15.987008	False	1	0.133
pro_lifelong	66	3	50	3669.905	3.669905	False	1	0.133
pro_lifelong	66	4	50	20920.766	20.920766	False	1	0.48
pro_lifelong	66	5	50	20253.051	20.253051	False	1	0.48
pro_lifelong	66	6	50	17547.875	17.547875	False	1	0.484
pro_lifelong	67	1	50	17112.782	17.112782	False	1	0.557
pro_lifelong	67	2	50	26522.677	26.522677	False	1	0.133
pro_lifelong	67	3	50	39010.586	39.010586	False	1	0.559
pro_lifelong	67	4	50	8070.757	8.070757	False	1	0.562
pro_lifelong	67	5	50	26384.979	26.384979	False	1	0.536
pro_lifelong	67	6	50	19777.711	19.777711	False	1	0.557
pro_lifelong	68	1	50	16461.999	16.461999	False	1	0.429
pro_lifelong	68	2	50	3334.444	3.334444	False	1	0.429
pro_lifelong	68	3	50	14867.011	14.867011	False	1	0.429
pro_lifelong	68	4	50	2778.279	2.778279	False	1	0.429
pro_lifelong	68	5	50	3176.065	3.176065	False	1	0.429
pro_lifelong	68	6	50	14423.749	14.423749	False	1	0.439
pro_lifelong	68	7	50	19235.825	19.235825	False	1	0.522
pro_lifelong	68	8	50	3836.957	3.836957	False	1	0.429
pro_lifelong	68	9	50	4065.805	4.065805	False	1	0.429
pro_lifelong	68	10	50	12271.691	12.271691	False	1	0.429
pro_lifelong	68	11	50	12035.870	12.035870	False	1	0.133
pro_lifelong	68	12	50	18038.696	18.038696	False	1	0.436
pro_lifelong	69	1	50	9233.421	9.233421	False	1	0.411
pro_lifelong	69	2	50	18904.841	18.904841	False	1	0.411
pro_lifelong	69	3	50	3757.330	3.757330	False	1	0.411
pro_lifelong	69	4	50	16423.331	16.423331	False	1	0.133
pro_lifelong	69	5	50	16195.817	16.195817	False	1	0.427
pro_lifelong	69	6	50	2469.767	2.469767	False	1	0.411
pro_lifelong	69	7	50	13153.078	13.153078	False	1	0.408
pro_lifelong	69	8	50	12503.418	12.503418	False	1	0.468
pro_lifelong	69	9	50	27066.063	27.066063	True	1	0.787
pro_lifelong	70	1	50	4732.017	4.732017	False	1	0.133
pro_lifelong	70	2	50	17941.170	17.941170	False	1	0.403
pro_lifelong	70	3	50	19403.906	19.403906	False	1	0.442
pro_lifelong	70	4	50	16419.550	16.419550	False	1	0.382
pro_lifelong	70	5	50	19753.393	19.753393	False	1	0.429
pro_lifelong	70	6	50	16618.069	16.618069	False	1	0.433
pro_lifelong	70	7	50	4592.040	4.592040	False	1	0.133
pro_lifelong	70	8	50	17190.700	17.190700	False	1	0.422
pro_lifelong	71	1	50	9618.724	9.618724	False	1	0.423
pro_lifelong	71	2	50	11718.952	11.718952	False	1	0.423
pro_lifelong	71	3	50	16817.557	16.817557	False	1	0.463
pro_lifelong	71	4	50	30515.546	30.515546	False	1	0.454
pro_lifelong	71	5	50	16570.833	16.570833	False	1	0.422
pro_lifelong	71	6	50	20758.324	20.758324	False	1	0.453
pro_lifelong	71	7	50	17762.778	17.762778	False	1	0.478
pro_lifelong	71	8	50	32479.470	32.479470	False	1	0.423
pro_lifelong	71	9	50	18036.138	18.036138	False	1	0.447
pro_lifelong	71	10	50	22853.898	22.853898	False	1	0.423
pro_lifelong	71	11	50	13911.918	13.911918	False	1	0.423
pro_lifelong	71	12	50	12423.251	12.423251	False	1	0.133
pro_lifelong	72	1	50	16619.135	16.619135	False	1	0.483
pro_lifelong	72	2	50	14827.402	14.827402	False	1	0.354
pro_lifelong	72	3	50	33754.843	33.754843	False	1	0.478
pro_lifelong	72	4	50	23362.676	23.362676	False	1	0.442
pro_lifelong	72	5	50	8741.758	8.741758	False	1	0.4
pro_lifelong	72	6	50	16363.346	16.363346	False	1	0.133
pro_lifelong	73	1	50	27178.577	27.178577	False	1	0.485
pro_lifelong	73	2	50	18255.081	18.255081	False	1	0.466
pro_lifelong	73	3	50	9770.632	9.770632	False	1	0.133
pro_lifelong	73	4	50	28015.380	28.015380	False	1	0.489
pro_lifelong	73	5	50	14776.025	14.776025	False	1	0.133
pro_lifelong	73	6	50	19542.646	19.542646	False	1	0.397
pro_lifelong	74	1	50	16150.673	16.150673	False	1	0.489
pro_lifelong	74	2	50	15945.748	15.945748	False	1	0.456
pro_lifelong	74	3	50	12517.306	12.517306	False	1	0.133
pro_lifelong	74	4	50	13779.459	13.779459	True	1	0.803
pro_lifelong	75	1	50	17604.389	17.604389	False	1	0.133
pro_lifelong	75	2	50	25344.388	25.344388	False	1	0.558
pro_lifelong	75	3	50	2067.169	2.067169	False	1	0.558
pro_lifelong	75	4	50	2367.917	2.367917	False	1	0.558
pro_lifelong	75	5	50	15866.451	15.866451	False	1	0.558
pro_lifelong	75	6	50	14065.784	14.065784	False	1	0.558
pro_lifelong	75	7	50	4626.324	4.626324	False	1	0.558
pro_lifelong	76	1	50	17825.447	17.825447	False	1	0.527
pro_lifelong	76	2	50	15133.497	15.133497	False	1	0.133
pro_lifelong	76	3	50	17130.569	17.130569	False	1	0.396
pro_lifelong	76	4	50	12200.706	12.200706	False	1	0.133
pro_lifelong	76	5	50	12625.542	12.625542	False	1	0.133
pro_lifelong	76	6	50	22007.551	22.007551	False	1	0.133
pro_lifelong	77	1	50	17041.035	17.041035	False	1	0.503
pro_lifelong	77	2	50	11695.007	11.695007	False	1	0.133
pro_lifelong	77	3	50	5973.396	5.973396	False	1	0.133
pro_lifelong	77	4	50	2708.022	2.708022	False	1	0.133
pro_lifelong	77	5	50	13402.230	13.402230	False	1	0.133
pro_lifelong	78	1	50	22176.744	22.176744	False	1	0.38
pro_lifelong	78	2	50	8979.618	8.979618	False	1	0.468
pro_lifelong	78	3	50	21105.331	21.105331	False	1	0.133
pro_lifelong	78	4	50	18575.443	18.575443	False	1	0.133
pro_lifelong	78	5	50	11288.935	11.288935	False	1	0.468
pro_lifelong	78	6	50	2612.614	2.612614	False	1	0.468
pro_lifelong	78	7	50	3108.270	3.108270	False	1	0.468
pro_lifelong	79	1	50	11104.455	11.104455	False	1	0.466
pro_lifelong	79	2	50	12359.614	12.359614	False	1	0.466
pro_lifelong	79	3	50	21088.383	21.088383	False	1	0.469
pro_lifelong	79	4	50	17092.558	17.092558	False	1	0.503
pro_lifelong	79	5	50	4841.661	4.841661	False	1	0.466
pro_lifelong	79	6	50	11712.193	11.712193	False	1	0.466
pro_lifelong	79	7	50	13877.050	13.877050	False	1	0.133
pro_lifelong	79	8	50	21936.833	21.936833	False	1	0.511
pro_lifelong	79	9	50	20370.595	20.370595	False	1	0.372
pro_lifelong	80	1	50	14597.073	14.597073	False	1	0.455
pro_lifelong	80	2	50	17208.123	17.208123	False	1	0.453
pro_lifelong	80	3	50	19029.960	19.029960	False	1	0.447
pro_lifelong	80	4	50	13418.706	13.418706	False	1	0.133
pro_lifelong	80	5	50	31841.492	31.841492	True	1	0.813
pro_lifelong	81	1	50	13630.985	13.630985	False	1	0.133
pro_lifelong	81	2	50	17857.136	17.857136	False	1	0.411
pro_lifelong	81	3	50	11890.055	11.890055	False	1	0.133
pro_lifelong	81	4	50	14428.494	14.428494	False	1	0.133
pro_lifelong	81	5	50	13504.661	13.504661	False	1	0.133
pro_lifelong	81	6	50	13205.357	13.205357	False	1	0.133
pro_lifelong	82	1	50	17833.064	17.833064	False	1	0.404
pro_lifelong	82	2	50	15081.338	15.081338	False	1	0.133
pro_lifelong	82	3	50	15338.469	15.338469	False	1	0.347
pro_lifelong	82	4	50	18306.647	18.306647	False	1	0.32
pro_lifelong	82	5	50	18037.841	18.037841	False	1	0.446
pro_lifelong	82	6	50	12359.774	12.359774	False	1	0.416
pro_lifelong	82	7	50	11103.565	11.103565	False	1	0.133
pro_lifelong	82	8	50	15689.642	15.689642	False	1	0.456
pro_lifelong	82	9	50	1733.015	1.733015	False	1	0.133
pro_lifelong	82	10	50	10188.586	10.188586	False	1	0.133
pro_lifelong	82	11	50	2346.026	2.346026	False	1	0.133
pro_lifelong	82	12	50	16207.937	16.207937	False	1	0.455
pro_lifelong	82	13	50	11824.224	11.824224	False	1	0.133
pro_lifelong	83	1	50	13884.950	13.884950	False	1	0.133
pro_lifelong	83	2	50	18668.946	18.668946	False	1	0.408
pro_lifelong	83	3	50	13324.261	13.324261	False	1	0.133
pro_lifelong	83	4	50	15082.559	15.082559	False	1	0.449
pro_lifelong	83	5	50	15200.696	15.200696	False	1	0.449
pro_lifelong	83	6	50	12167.565	12.167565	False	1	0.133
pro_lifelong	83	7	50	24589.101	24.589101	False	1	0.133
pro_lifelong	83	8	50	4497.720	4.497720	False	1	0.133
pro_lifelong	83	9	50	18736.860	18.736860	False	1	0.512
pro_lifelong	83	10	50	15048.594	15.048594	False	1	0.133
pro_lifelong	83	11	50	12285.623	12.285623	False	1	0.133
pro_lifelong	83	12	50	13320.542	13.320542	False	1	0.133
pro_lifelong	83	13	50	17932.963	17.932963	False	1	0.493
pro_lifelong	83	14	50	10341.483	10.341483	False	1	0.444
pro_lifelong	84	1	50	7899.810	7.899810	False	1	0.43
pro_lifelong	84	2	50	34633.538	34.633538	False	1	0.49
pro_lifelong	84	3	50	2704.344	2.704344	False	1	0.43
pro_lifelong	84	4	50	3502.481	3.502481	False	1	0.43
pro_lifelong	84	5	50	4809.364	4.809364	False	1	0.43
pro_lifelong	84	6	50	5122.694	5.122694	False	1	0.43
pro_lifelong	84	7	50	25585.738	25.585738	False	1	0.43
pro_lifelong	85	1	50	21329.316	21.329316	False	1	0.133
pro_lifelong	85	2	50	14768.570	14.768570	False	1	0.535
pro_lifelong	85	3	50	29042.000	29.042000	False	1	0.133
pro_lifelong	85	4	50	18802.048	18.802048	False	1	0.561
pro_lifelong	85	5	50	17797.059	17.797059	False	1	0.483
pro_lifelong	85	6	50	13961.471	13.961471	False	1	0.534
pro_lifelong	85	7	50	2614.627	2.614627	False	1	0.133
pro_lifelong	85	8	50	30685.858	30.685858	False	1	0.133
pro_lifelong	85	9	50	14690.594	14.690594	False	1	0.133
pro_lifelong	86	1	50	15296.157	15.296157	False	1	0.133
pro_lifelong	86	2	50	15213.741	15.213741	False	1	0.382
pro_lifelong	86	3	50	9167.166	9.167166	False	1	0.499
pro_lifelong	86	4	50	14278.206	14.278206	False	1	0.133
pro_lifelong	86	5	50	10842.646	10.842646	False	1	0.499
pro_lifelong	86	6	50	12878.656	12.878656	False	1	0.484
pro_lifelong	86	7	50	11331.537	11.331537	False	1	0.133
pro_lifelong	86	8	50	13122.080	13.122080	False	1	0.133
pro_lifelong	87	1	50	3209.116	3.209116	False	1	0.133
pro_lifelong	87	2	50	13068.059	13.068059	False	1	0.133
pro_lifelong	87	3	50	17516.111	17.516111	False	1	0.423
pro_lifelong	87	4	50	18648.547	18.648547	False	1	0.133
pro_lifelong	87	5	50	3218.607	3.218607	False	1	0.133
pro_lifelong	87	6	50	12524.710	12.524710	False	1	0.133
pro_lifelong	87	7	50	2062.627	2.062627	False	1	0.133
pro_lifelong	88	1	50	4037.366	4.037366	False	1	0.133
pro_lifelong	88	2	50	18995.896	18.995896	False	1	0.415
pro_lifelong	88	3	50	10395.553	10.395553	False	1	0.133
pro_lifelong	88	4	50	12955.278	12.955278	False	1	0.133
pro_lifelong	88	5	50	17247.961	17.247961	False	1	0.133
pro_lifelong	88	6	50	17828.060	17.828060	False	1	0.426
pro_lifelong	88	7	50	25012.725	25.012725	False	1	0.133
pro_lifelong	88	8	50	25602.382	25.602382	False	1	0.526
pro_lifelong	88	9	50	3785.886	3.785886	False	1	0.133
pro_lifelong	88	10	50	23523.436	23.523436	False	1	0.133
pro_lifelong	88	11	50	31132.970	31.132970	False	1	0.471
pro_lifelong	88	12	50	18722.353	18.722353	False	1	0.411
pro_lifelong	88	13	50	13124.480	13.124480	False	1	0.133
pro_lifelong	89	1	50	15073.290	15.073290	False	1	0.468
pro_lifelong	89	2	50	15594.768	15.594768	False	1	0.441
pro_lifelong	89	3	50	12307.481	12.307481	False	1	0.133
pro_lifelong	89	4	50	18460.686	18.460686	False	1	0.133
pro_lifelong	89	5	50	35182.485	35.182485	False	1	0.412
pro_lifelong	89	6	50	16280.706	16.280706	False	1	0.348
pro_lifelong	90	1	50	7897.397	7.897397	False	1	0.133
pro_lifelong	90	2	50	5763.173	5.763173	False	1	0.133
pro_lifelong	90	3	50	2101.343	2.101343	False	1	0.133
pro_lifelong	90	4	50	18229.213	18.229213	False	1	0.397
pro_lifelong	90	5	50	16699.665	16.699665	False	1	0.466
pro_lifelong	90	6	50	16038.626	16.038626	False	1	0.133
pro_lifelong	90	7	50	21294.347	21.294347	False	1	0.133
pro_lifelong	90	8	50	17813.450	17.813450	False	1	0.465
pro_lifelong	90	9	50	1974.196	1.974196	False	1	0.133
pro_lifelong	90	10	50	16152.101	16.152101	False	1	0.49
pro_lifelong	90	11	50	2337.304	2.337304	False	1	0.133
pro_lifelong	90	12	50	25484.013	25.484013	False	1	0.133
pro_lifelong	90	13	50	17412.111	17.412111	False	1	0.49
pro_lifelong	90	14	50	16228.225	16.228225	False	1	0.513
pro_lifelong	90	15	50	9925.924	9.925924	False	1	0.133
pro_lifelong	90	16	50	2365.745	2.365745	False	1	0.133
pro_lifelong	90	17	50	16473.659	16.473659	False	1	0.133
pro_lifelong	90	18	50	16908.238	16.908238	False	1	0.541
pro_lifelong	90	19	50	16755.450	16.755450	False	1	0.133
pro_lifelong	90	20	50	11970.893	11.970893	False	1	0.133
pro_lifelong	90	21	50	14696.049	14.696049	False	1	0.425
pro_lifelong	90	22	50	2343.843	2.343843	False	1	0.133
pro_lifelong	90	23	50	13105.413	13.105413	False	1	0.133
pro_lifelong	91	1	50	16225.028	16.225028	False	1	0.133
pro_lifelong	91	2	50	16933.026	16.933026	False	1	0.427
pro_lifelong	91	3	50	17415.011	17.415011	False	1	0.429
pro_lifelong	91	4	50	13119.635	13.119635	False	1	0.429
pro_lifelong	91	5	50	18657.616	18.657616	False	1	0.133
pro_lifelong	91	6	50	48175.959	48.175959	True	1	0.751
pro_lifelong	92	1	50	20149.067	20.149067	False	1	0.423
pro_lifelong	92	2	50	12001.330	12.001330	False	1	0.133
pro_lifelong	92	3	50	12437.910	12.437910	False	1	0.133
pro_lifelong	92	4	50	3475.399	3.475399	False	1	0.133
pro_lifelong	92	5	50	15259.265	15.259265	False	1	0.453
pro_lifelong	92	6	50	14358.466	14.358466	False	1	0.508
pro_lifelong	92	7	50	9849.908	9.849908	False	1	0.133
pro_lifelong	92	8	50	18583.676	18.583676	False	1	0.491
pro_lifelong	92	9	50	2296.924	2.296924	False	1	0.133
pro_lifelong	92	10	50	11964.572	11.964572	False	1	0.133
pro_lifelong	92	11	50	13082.010	13.082010	True	1	0.882
pro_lifelong	93	1	50	16390.438	16.390438	False	1	0.437
pro_lifelong	93	2	50	4681.612	4.681612	False	1	0.133
pro_lifelong	93	3	50	11089.610	11.089610	False	1	0.133
pro_lifelong	93	4	50	19708.849	19.708849	False	1	0.383
pro_lifelong	93	5	50	18109.161	18.109161	False	1	0.374
pro_lifelong	93	6	50	17628.669	17.628669	False	1	0.348
pro_lifelong	94	1	50	18257.326	18.257326	False	1	0.4
pro_lifelong	94	2	50	23066.341	23.066341	False	1	0.44
pro_lifelong	94	3	50	8210.744	8.210744	False	1	0.45
pro_lifelong	94	4	50	16550.698	16.550698	False	1	0.438
pro_lifelong	94	5	50	39985.549	39.985549	False	1	0.456
pro_lifelong	94	6	50	20639.422	20.639422	False	1	0.37
pro_lifelong	94	7	50	26351.710	26.351710	False	1	0.388
pro_lifelong	94	8	50	46167.973	46.167973	False	1	0.435
pro_lifelong	95	1	50	18990.063	18.990063	False	1	0.547
pro_lifelong	95	2	50	17273.587	17.273587	False	1	0.493
pro_lifelong	95	3	50	15085.871	15.085871	False	1	0.133
pro_lifelong	95	4	50	16781.686	16.781686	False	1	0.133
pro_lifelong	95	5	50	11977.539	11.977539	False	1	0.133
pro_lifelong	95	6	50	15025.247	15.025247	False	1	0.529
pro_lifelong	96	1	50	4086.951	4.086951	False	1	0.133
pro_lifelong	96	2	50	14390.885	14.390885	False	1	0.133
pro_lifelong	96	3	50	2029.849	2.029849	False	1	0.133
pro_lifelong	96	4	50	15842.921	15.842921	False	1	0.459
pro_lifelong	96	5	50	18725.858	18.725858	False	1	0.487
pro_lifelong	96	6	50	17400.206	17.400206	False	1	0.424
pro_lifelong	96	7	50	2634.103	2.634103	False	1	0.133
pro_lifelong	96	8	50	18811.190	18.811190	False	1	0.528
pro_lifelong	96	9	50	19124.959	19.124959	False	1	0.37
pro_lifelong	96	10	50	14391.714	14.391714	False	1	0.133
pro_lifelong	96	11	50	14867.561	14.867561	False	1	0.444
pro_lifelong	96	12	50	17276.597	17.276597	False	1	0.133
pro_lifelong	96	13	50	18979.388	18.979388	False	1	0.476
pro_lifelong	97	1	50	19794.198	19.794198	False	1	0.354
pro_lifelong	97	2	50	20367.804	20.367804	False	1	0.446
pro_lifelong	97	3	50	4123.219	4.123219	False	1	0.446
pro_lifelong	97	4	50	2717.737	2.717737	False	1	0.446
pro_lifelong	97	5	50	18631.366	18.631366	False	1	0.461
pro_lifelong	97	6	50	3097.588	3.097588	False	1	0.446
pro_lifelong	97	7	50	19478.728	19.478728	False	1	0.459
pro_lifelong	97	8	50	2950.544	2.950544	False	1	0.446
pro_lifelong	97	9	50	11316.336	11.316336	False	1	0.446
pro_lifelong	97	10	50	5523.527	5.523527	False	1	0.446
pro_lifelong	98	1	50	27154.710	27.154710	False	1	0.476
pro_lifelong	98	2	50	8223.207	8.223207	False	1	0.465
pro_lifelong	98	3	50	16356.373	16.356373	False	1	0.444
pro_lifelong	98	4	50	2222.677	2.222677	False	1	0.465
pro_lifelong	98	5	50	19628.317	19.628317	False	1	0.478
pro_lifelong	98	6	50	20194.954	20.194954	False	1	0.495
pro_lifelong	98	7	50	17619.685	17.619685	False	1	0.483
pro_lifelong	98	8	50	11748.203	11.748203	False	1	0.133
pro_lifelong	98	9	50	17722.145	17.722145	False	1	0.404
pro_lifelong	98	10	50	11231.500	11.231500	False	1	0.465
pro_lifelong	98	11	50	16659.154	16.659154	False	1	0.456
pro_lifelong	99	1	50	9361.247	9.361247	False	1	0.133
pro_lifelong	99	2	50	18719.676	18.719676	False	1	0.48
pro_lifelong	99	3	50	19386.145	19.386145	False	1	0.406
pro_lifelong	99	4	50	5060.135	5.060135	False	1	0.133
pro_lifelong	99	5	50	2843.929	2.843929	False	1	0.133
pro_lifelong	99	6	50	3560.256	3.560256	False	1	0.133
pro_lifelong	99	7	50	3731.559	3.731559	False	1	0.133
pro_lifelong	100	1	50	15791.240	15.791240	False	1	0.397
pro_lifelong	100	2	50	21460.193	21.460193	False	1	0.404
pro_lifelong	100	3	50	19779.327	19.779327	True	1	0.862
pro_lifelong	101	1	50	16981.283	16.981283	False	1	0.382
pro_lifelong	101	2	50	11231.579	11.231579	False	1	0.133
pro_lifelong	101	3	50	7865.520	7.865520	False	1	0.401
pro_lifelong	101	4	50	14914.642	14.914642	False	1	0.133
pro_lifelong	101	5	50	7344.884	7.344884	False	1	0.401
pro_lifelong	101	6	50	3702.335	3.702335	False	1	0.401
pro_lifelong	101	7	50	18838.647	18.838647	False	1	0.38
pro_lifelong	101	8	50	19252.211	19.252211	False	1	0.449
pro_lifelong	101	9	50	4462.851	4.462851	False	1	0.401
pro_lifelong	101	10	50	12756.316	12.756316	False	1	0.399
pro_lifelong	101	11	50	14656.164	14.656164	False	1	0.42
pro_lifelong	101	12	50	20886.199	20.886199	False	1	0.488
pro_lifelong	101	13	50	16520.646	16.520646	False	1	0.435
pro_lifelong	101	14	50	22670.274	22.670274	False	1	0.417
pro_lifelong	101	15	50	18028.652	18.028652	False	1	0.491
pro_lifelong	101	16	50	18431.135	18.431135	False	1	0.386
pro_lifelong	101	17	50	1859.002	1.859002	False	1	0.401
pro_lifelong	102	1	50	27941.107	27.941107	False	1	0.414
pro_lifelong	102	2	50	32450.635	32.450635	False	1	0.41
pro_lifelong	102	3	50	4759.936	4.759936	False	1	0.133
pro_lifelong	102	4	50	22856.778	22.856778	False	1	0.412
pro_lifelong	102	5	50	15480.956	15.480956	False	1	0.459
pro_lifelong	102	6	50	17961.347	17.961347	False	1	0.464
pro_lifelong	102	7	50	16706.578	16.706578	False	1	0.389
pro_lifelong	102	8	50	22848.765	22.848765	False	1	0.391
pro_lifelong	102	9	50	20364.983	20.364983	False	1	0.46
pro_lifelong	102	10	50	2201.457	2.201457	False	1	0.133
pro_lifelong	103	1	50	4277.304	4.277304	False	1	0.133
pro_lifelong	103	2	50	17966.534	17.966534	False	1	0.46
pro_lifelong	103	3	50	10074.249	10.074249	False	1	0.133
pro_lifelong	103	4	50	25382.194	25.382194	False	1	0.508
pro_lifelong	103	5	50	8603.422	8.603422	False	1	0.133
pro_lifelong	103	6	50	17904.169	17.904169	False	1	0.469
pro_lifelong	103	7	50	18389.394	18.389394	False	1	0.424
pro_lifelong	103	8	50	1934.726	1.934726	False	1	0.133
pro_lifelong	103	9	50	15536.856	15.536856	False	1	0.133
pro_lifelong	104	1	50	9653.846	9.653846	False	1	0.133
pro_lifelong	104	2	50	26859.248	26.859248	False	1	0.51
pro_lifelong	104	3	50	6826.296	6.826296	False	1	0.411
pro_lifelong	104	4	50	8063.029	8.063029	False	1	0.411
pro_lifelong	104	5	50	22033.815	22.033815	False	1	0.437
pro_lifelong	104	6	50	22825.210	22.825210	False	1	0.48
pro_lifelong	104	7	50	19429.775	19.429775	True	1	0.815
pro_lifelong	105	1	50	4377.200	4.377200	False	1	0.133
pro_lifelong	105	2	50	14259.263	14.259263	False	1	0.454
pro_lifelong	105	3	50	1629.832	1.629832	False	1	0.133
pro_lifelong	105	4	50	20019.898	20.019898	False	1	0.461
pro_lifelong	105	5	50	6820.043	6.820043	False	1	0.133
pro_lifelong	105	6	50	15968.554	15.968554	False	1	0.426
pro_lifelong	105	7	50	21457.822	21.457822	False	1	0.133
pro_lifelong	106	1	50	22022.354	22.022354	False	1	0.453
pro_lifelong	106	2	50	18463.941	18.463941	False	1	0.534
pro_lifelong	106	3	50	19182.661	19.182661	False	1	0.509
pro_lifelong	106	4	50	9856.851	9.856851	False	1	0.133
pro_lifelong	106	5	50	17513.911	17.513911	False	1	0.133
pro_lifelong	106	6	50	1495.423	1.495423	False	1	0.133
pro_lifelong	106	7	50	17210.318	17.210318	False	1	0.133
pro_lifelong	107	1	50	18911.236	18.911236	False	1	0.412
pro_lifelong	107	2	50	16794.402	16.794402	False	1	0.133
pro_lifelong	107	3	50	18673.506	18.673506	False	1	0.377
pro_lifelong	107	4	50	17522.896	17.522896	False	1	0.402
pro_lifelong	107	5	50	19002.597	19.002597	False	1	0.434
pro_lifelong	107	6	50	13907.720	13.907720	False	1	0.133
pro_lifelong	107	7	50	15616.649	15.616649	False	1	0.443
pro_lifelong	107	8	50	3009.267	3.009267	False	1	0.133
pro_lifelong	107	9	50	13165.635	13.165635	False	1	0.133
pro_lifelong	107	10	50	2307.175	2.307175	False	1	0.133
pro_lifelong	108	1	50	17128.527	17.128527	False	1	0.403
pro_lifelong	108	2	50	16395.367	16.395367	False	1	0.421
pro_lifelong	108	3	50	14351.168	14.351168	False	1	0.133
pro_lifelong	108	4	50	18082.990	18.082990	False	1	0.413
pro_lifelong	108	5	50	17440.392	17.440392	False	1	0.447
pro_lifelong	108	6	50	17664.193	17.664193	False	1	0.446
pro_lifelong	108	7	50	19621.502	19.621502	False	1	0.47
pro_lifelong	108	8	50	15847.456	15.847456	False	1	0.422
pro_lifelong	108	9	50	8954.000	8.954000	False	1	0.423
pro_lifelong	108	10	50	2337.312	2.337312	False	1	0.423
pro_lifelong	108	11	50	14786.774	14.786774	False	1	0.426
pro_lifelong	108	12	50	25718.294	25.718294	False	1	0.414
pro_lifelong	109	1	50	18368.945	18.368945	False	1	0.451
pro_lifelong	109	2	50	19357.664	19.357664	False	1	0.407
pro_lifelong	109	3	50	14755.959	14.755959	False	1	0.42
pro_lifelong	109	4	50	17919.370	17.919370	False	1	0.419
pro_lifelong	109	5	50	4862.083	4.862083	False	1	0.133
pro_lifelong	109	6	50	12685.810	12.685810	False	1	0.133
pro_lifelong	110	1	50	19858.896	19.858896	False	1	0.4
pro_lifelong	110	2	50	22513.602	22.513602	False	1	0.437
pro_lifelong	110	3	50	17202.828	17.202828	False	1	0.478
pro_lifelong	110	4	50	18431.172	18.431172	False	1	0.492
pro_lifelong	110	5	50	3788.966	3.788966	False	1	0.133
pro_lifelong	110	6	50	16555.508	16.555508	False	1	0.398
pro_lifelong	110	7	50	14596.934	14.596934	False	1	0.133
pro_lifelong	110	8	50	17253.034	17.253034	False	1	0.442
pro_lifelong	110	9	50	28503.003	28.503003	False	1	0.443
pro_lifelong	111	1	50	19974.872	19.974872	False	1	0.442
pro_lifelong	111	2	50	23081.115	23.081115	False	1	0.364
pro_lifelong	111	3	50	16363.791	16.363791	False	1	0.49
pro_lifelong	111	4	50	19236.567	19.236567	False	1	0.427
pro_lifelong	111	5	50	18290.888	18.290888	False	1	0.441
pro_lifelong	111	6	50	4309.540	4.309540	False	1	0.133
pro_lifelong	111	7	50	16115.137	16.115137	False	1	0.512
pro_lifelong	111	8	50	17718.728	17.718728	False	1	0.478
pro_lifelong	111	9	50	21574.107	21.574107	False	1	0.493
pro_lifelong	111	10	50	21855.493	21.855493	False	1	0.475
pro_lifelong	111	11	50	2849.392	2.849392	False	1	0.133
pro_lifelong	111	12	50	2604.554	2.604554	False	1	0.133
pro_lifelong	112	1	50	3477.470	3.477470	False	1	0.133
pro_lifelong	112	2	50	18661.761	18.661761	False	1	0.133
pro_lifelong	112	3	50	15637.985	15.637985	False	1	0.446
pro_lifelong	112	4	50	19273.775	19.273775	False	1	0.45
pro_lifelong	112	5	50	15913.841	15.913841	False	1	0.496
pro_lifelong	112	6	50	3006.952	3.006952	False	1	0.133
pro_lifelong	112	7	50	3330.056	3.330056	False	1	0.133
pro_lifelong	112	8	50	2633.006	2.633006	False	1	0.133
pro_lifelong	112	9	50	17599.543	17.599543	True	1	0.743
pro_lifelong	113	1	50	6273.238	6.273238	False	1	0.133
pro_lifelong	113	2	50	13718.158	13.718158	False	1	0.133
pro_lifelong	113	3	50	19192.532	19.192532	False	1	0.133
pro_lifelong	113	4	50	20723.020	20.723020	False	1	0.133
pro_lifelong	114	1	50	20925.646	20.925646	False	1	0.406
pro_lifelong	114	2	50	18995.283	18.995283	False	1	0.417
pro_lifelong	114	3	50	19067.286	19.067286	True	1	0.831
pro_lifelong	115	1	50	12744.032	12.744032	True	1	0.785
pro_lifelong	116	1	50	15865.753	15.865753	False	1	0.514
pro_lifelong	116	2	50	14776.181	14.776181	False	1	0.133
pro_lifelong	116	3	50	17058.554	17.058554	False	1	0.133
pro_lifelong	116	4	50	2274.309	2.274309	False	1	0.133
pro_lifelong	116	5	50	14885.087	14.885087	False	1	0.133
pro_lifelong	117	1	50	17545.643	17.545643	False	1	0.133
pro_lifelong	117	2	50	13357.406	13.357406	False	1	0.51
pro_lifelong	117	3	50	7570.051	7.570051	False	1	0.133
pro_lifelong	117	4	50	2454.387	2.454387	False	1	0.133
pro_lifelong	117	5	50	20249.680	20.249680	False	1	0.133
pro_lifelong	117	6	50	23579.803	23.579803	False	1	0.133
pro_lifelong	118	1	50	15663.692	15.663692	False	1	0.133
pro_lifelong	118	2	50	7905.319	7.905319	False	1	0.429
pro_lifelong	118	3	50	2785.455	2.785455	False	1	0.429
pro_lifelong	118	4	50	20534.090	20.534090	False	1	0.426
pro_lifelong	118	5	50	2631.769	2.631769	False	1	0.429
pro_lifelong	118	6	50	24245.170	24.245170	False	1	0.429
pro_lifelong	118	7	50	19728.214	19.728214	False	1	0.431
pro_lifelong	119	1	50	22227.967	22.227967	False	1	0.472
pro_lifelong	119	2	50	16075.662	16.075662	False	1	0.459
pro_lifelong	119	3	50	10361.463	10.361463	False	1	0.499
pro_lifelong	119	4	50	25757.729	25.757729	False	1	0.133
pro_lifelong	119	5	50	7721.708	7.721708	False	1	0.499
pro_lifelong	119	6	50	16606.566	16.606566	False	1	0.482
pro_lifelong	119	7	50	21163.852	21.163852	False	1	0.47
pro_lifelong	119	8	50	10458.370	10.458370	False	1	0.499
pro_lifelong	120	1	50	14730.569	14.730569	False	1	0.133
pro_lifelong	120	2	50	12153.893	12.153893	False	1	0.133
pro_lifelong	120	3	50	13079.320	13.079320	False	1	0.133
pro_lifelong	120	4	50	11276.771	11.276771	False	1	0.133
pro_lifelong	121	1	50	20685.085	20.685085	False	1	0.338
pro_lifelong	121	2	50	14638.303	14.638303	False	1	0.133
pro_lifelong	121	3	50	7816.147	7.816147	False	1	0.443
pro_lifelong	121	4	50	28280.927	28.280927	False	1	0.446
pro_lifelong	121	5	50	4679.692	4.679692	False	1	0.443
pro_lifelong	121	6	50	3099.239	3.099239	False	1	0.443
pro_lifelong	121	7	50	18088.098	18.088098	False	1	0.441
pro_lifelong	121	8	50	13299.957	13.299957	False	1	0.133
pro_lifelong	122	1	50	5918.506	5.918506	False	1	0.133
pro_lifelong	122	2	50	1755.927	1.755927	False	1	0.133
pro_lifelong	122	3	50	14653.789	14.653789	False	1	0.133
pro_lifelong	122	4	50	19013.787	19.013787	False	1	0.454
pro_lifelong	122	5	50	11980.008	11.980008	False	1	0.133
pro_lifelong	122	6	50	16299.865	16.299865	True	1	0.858
pro_lifelong	123	1	50	2378.225	2.378225	False	1	0.133
pro_lifelong	123	2	50	11491.084	11.491084	False	1	0.133
pro_lifelong	123	3	50	12862.380	12.862380	False	1	0.133
pro_lifelong	123	4	50	12726.003	12.726003	False	1	0.133
pro_lifelong	124	1	50	17209.279	17.209279	False	1	0.407
pro_lifelong	124	2	50	4280.114	4.280114	False	1	0.133
pro_lifelong	124	3	50	18622.387	18.622387	False	1	0.418
pro_lifelong	124	4	50	12801.287	12.801287	False	1	0.133
pro_lifelong	124	5	50	8225.787	8.225787	False	1	0.133
pro_lifelong	124	6	50	2379.164	2.379164	False	1	0.133
pro_lifelong	124	7	50	1765.937	1.765937	False	1	0.133
pro_lifelong	125	1	50	1898.242	1.898242	False	1	0.133
pro_lifelong	125	2	50	16387.424	16.387424	False	1	0.133
pro_lifelong	125	3	50	16260.618	16.260618	False	1	0.133
pro_lifelong	125	4	50	20496.121	20.496121	False	1	0.417
pro_lifelong	125	5	50	16598.980	16.598980	False	1	0.382
pro_lifelong	125	6	50	22555.251	22.555251	False	1	0.432
pro_lifelong	125	7	50	16293.066	16.293066	False	1	0.516
pro_lifelong	125	8	50	13227.723	13.227723	False	1	0.424
pro_lifelong	125	9	50	23155.447	23.155447	False	1	0.434
pro_lifelong	125	10	50	15224.622	15.224622	False	1	0.133
pro_lifelong	125	11	50	9647.058	9.647058	False	1	0.133
pro_lifelong	125	12	50	14985.652	14.985652	False	1	0.133
pro_lifelong	126	1	50	4350.582	4.350582	False	1	0.133
pro_lifelong	126	2	50	17703.206	17.703206	False	1	0.454
pro_lifelong	126	3	50	13540.126	13.540126	False	1	0.133
pro_lifelong	126	4	50	15372.377	15.372377	False	1	0.133
pro_lifelong	126	5	50	16924.950	16.924950	False	1	0.435
pro_lifelong	126	6	50	4280.969	4.280969	False	1	0.133
pro_lifelong	126	7	50	16219.663	16.219663	False	1	0.459
pro_lifelong	127	1	50	7226.856	7.226856	False	1	0.499
pro_lifelong	127	2	50	13564.400	13.564400	True	1	0.795
pro_lifelong	128	1	50	2790.401	2.790401	False	1	0.133
pro_lifelong	128	2	50	2281.828	2.281828	False	1	0.133
pro_lifelong	128	3	50	18253.107	18.253107	False	1	0.316
pro_lifelong	128	4	50	11982.557	11.982557	False	1	0.133
pro_lifelong	128	5	50	12736.860	12.736860	False	1	0.133
pro_lifelong	128	6	50	24456.867	24.456867	False	1	0.505
pro_lifelong	128	7	50	9700.146	9.700146	False	1	0.133
pro_lifelong	128	8	50	16229.443	16.229443	False	1	0.444
pro_lifelong	128	9	50	10113.347	10.113347	False	1	0.458
pro_lifelong	128	10	50	12508.216	12.508216	False	1	0.133
pro_lifelong	128	11	50	10761.803	10.761803	False	1	0.133
pro_lifelong	129	1	50	13182.565	13.182565	False	1	0.499
pro_lifelong	129	2	50	10370.138	10.370138	False	1	0.412
pro_lifelong	129	3	50	14422.272	14.422272	False	1	0.133
pro_lifelong	129	4	50	17642.303	17.642303	False	1	0.418
pro_lifelong	129	5	50	12323.026	12.323026	False	1	0.133
pro_lifelong	129	6	50	16452.981	16.452981	False	1	0.133
pro_lifelong	130	1	50	17383.338	17.383338	False	1	0.416
pro_lifelong	130	2	50	16752.222	16.752222	False	1	0.54
pro_lifelong	130	3	50	3160.105	3.160105	False	1	0.133
pro_lifelong	130	4	50	2433.709	2.433709	False	1	0.133
pro_lifelong	130	5	50	2832.831	2.832831	False	1	0.133
pro_lifelong	130	6	50	20807.066	20.807066	False	1	0.133
pro_lifelong	131	1	50	14073.766	14.073766	False	1	0.471
pro_lifelong	131	2	50	10926.998	10.926998	False	1	0.133
pro_lifelong	131	3	50	17461.762	17.461762	False	1	0.574
pro_lifelong	131	4	50	11714.849	11.714849	False	1	0.133
pro_lifelong	131	5	50	5647.525	5.647525	False	1	0.133
pro_lifelong	131	6	50	35733.958	35.733958	False	1	0.133
pro_lifelong	131	7	50	16192.360	16.192360	False	1	0.133
pro_lifelong	132	1	50	17011.155	17.011155	False	1	0.407
pro_lifelong	132	2	50	11773.062	11.773062	False	1	0.133
pro_lifelong	132	3	50	18931.992	18.931992	False	1	0.421
pro_lifelong	132	4	50	15167.077	15.167077	False	1	0.457
pro_lifelong	132	5	50	11421.910	11.421910	False	1	0.133
pro_lifelong	132	6	50	12968.209	12.968209	False	1	0.133
pro_lifelong	132	7	50	11392.211	11.392211	False	1	0.133
pro_lifelong	132	8	50	12430.096	12.430096	False	1	0.417
pro_lifelong	132	9	50	2819.941	2.819941	False	1	0.133
pro_lifelong	133	1	50	18123.725	18.123725	False	1	0.462
pro_lifelong	133	2	50	22723.803	22.723803	False	1	0.576
pro_lifelong	133	3	50	11182.729	11.182729	False	1	0.133
pro_lifelong	133	4	50	13245.680	13.245680	False	1	0.133
pro_lifelong	133	5	50	11931.035	11.931035	False	1	0.133
pro_lifelong	133	6	50	11819.421	11.819421	False	1	0.133
pro_lifelong	134	1	50	12124.093	12.124093	False	1	0.133
pro_lifelong	134	2	50	16285.713	16.285713	False	1	0.133
pro_lifelong	134	3	50	3043.188	3.043188	False	1	0.133
pro_lifelong	134	4	50	17138.601	17.138601	False	1	0.446
pro_lifelong	134	5	50	3881.841	3.881841	False	1	0.133
pro_lifelong	134	6	50	16035.917	16.035917	False	1	0.528
pro_lifelong	134	7	50	19904.384	19.904384	True	1	0.689
pro_lifelong	135	1	50	12244.699	12.244699	False	1	0.448
pro_lifelong	135	2	50	7820.803	7.820803	False	1	0.522
pro_lifelong	135	3	50	19716.737	19.716737	False	1	0.547
pro_lifelong	135	4	50	15674.974	15.674974	False	1	0.414
pro_lifelong	135	5	50	16590.292	16.590292	False	1	0.465
pro_lifelong	135	6	50	16953.743	16.953743	False	1	0.477
pro_lifelong	135	7	50	15266.159	15.266159	False	1	0.133
pro_lifelong	135	8	50	2473.238	2.473238	False	1	0.522
pro_lifelong	136	1	50	16363.565	16.363565	False	1	0.487
pro_lifelong	136	2	50	10048.850	10.048850	False	1	0.554
pro_lifelong	136	3	50	1854.052	1.854052	False	1	0.554
pro_lifelong	136	4	50	1792.161	1.792161	False	1	0.554
pro_lifelong	136	5	50	15328.830	15.328830	False	1	0.133
pro_lifelong	136	6	50	13830.631	13.830631	False	1	0.133
pro_lifelong	136	7	50	8815.662	8.815662	False	1	0.133
pro_lifelong	137	1	50	15575.056	15.575056	False	1	0.133
pro_lifelong	137	2	50	18899.448	18.899448	False	1	0.483
pro_lifelong	137	3	50	11448.779	11.448779	False	1	0.133
pro_lifelong	137	4	50	15401.073	15.401073	False	1	0.447
pro_lifelong	137	5	50	1879.508	1.879508	False	1	0.133
pro_lifelong	137	6	50	1713.587	1.713587	False	1	0.133
pro_lifelong	137	7	50	12359.423	12.359423	False	1	0.133
pro_lifelong	138	1	50	15860.689	15.860689	False	1	0.434
pro_lifelong	138	2	50	6896.572	6.896572	False	1	0.448
pro_lifelong	138	3	50	15089.373	15.089373	False	1	0.448
pro_lifelong	138	4	50	3646.519	3.646519	False	1	0.448
pro_lifelong	138	5	50	2604.885	2.604885	False	1	0.448
pro_lifelong	138	6	50	17374.291	17.374291	True	1	0.779
pro_lifelong	139	1	50	15223.797	15.223797	False	1	0.444
pro_lifelong	139	2	50	18023.044	18.023044	False	1	0.459
pro_lifelong	139	3	50	15907.401	15.907401	False	1	0.133
pro_lifelong	139	4	50	35481.840	35.481840	False	1	0.426
pro_lifelong	139	5	50	16281.734	16.281734	False	1	0.133
pro_lifelong	139	6	50	19359.593	19.359593	False	1	0.497
pro_lifelong	139	7	50	21091.213	21.091213	False	1	0.415
pro_lifelong	139	8	50	2391.268	2.391268	False	1	0.133
pro_lifelong	139	9	50	14619.976	14.619976	False	1	0.133
pro_lifelong	139	10	50	18496.805	18.496805	False	1	0.44
pro_lifelong	139	11	50	15145.251	15.145251	False	1	0.377
pro_lifelong	140	1	50	10438.265	10.438265	False	1	0.133
pro_lifelong	140	2	50	9700.944	9.700944	False	1	0.133
pro_lifelong	140	3	50	14659.617	14.659617	False	1	0.133
pro_lifelong	140	4	50	16176.912	16.176912	False	1	0.49
pro_lifelong	140	5	50	18424.108	18.424108	False	1	0.451
pro_lifelong	140	6	50	17272.115	17.272115	False	1	0.515
pro_lifelong	140	7	50	18401.675	18.401675	False	1	0.384
pro_lifelong	140	8	50	26959.589	26.959589	False	1	0.462
pro_lifelong	140	9	50	19566.226	19.566226	False	1	0.443
pro_lifelong	140	10	50	15920.423	15.920423	False	1	0.133
pro_lifelong	140	11	50	2519.160	2.519160	False	1	0.133
pro_lifelong	141	1	50	9630.755	9.630755	False	1	0.133
pro_lifelong	141	2	50	17718.769	17.718769	False	1	0.446
pro_lifelong	141	3	50	16418.775	16.418775	False	1	0.414
pro_lifelong	141	4	50	16493.156	16.493156	False	1	0.414
pro_lifelong	141	5	50	14312.376	14.312376	False	1	0.133
pro_lifelong	141	6	50	20886.206	20.886206	False	1	0.486
pro_lifelong	141	7	50	15777.002	15.777002	False	1	0.457
pro_lifelong	141	8	50	13748.344	13.748344	False	1	0.133
pro_lifelong	141	9	50	19106.151	19.106151	False	1	0.449
pro_lifelong	141	10	50	30244.656	30.244656	True	1	0.841
pro_lifelong	142	1	50	13240.405	13.240405	True	1	0.783
pro_lifelong	143	1	50	34470.696	34.470696	False	1	0.133
pro_lifelong	143	2	50	2049.956	2.049956	False	1	0.133
pro_lifelong	143	3	50	16265.368	16.265368	False	1	0.472
pro_lifelong	143	4	50	19077.815	19.077815	False	1	0.439
pro_lifelong	143	5	50	2598.940	2.598940	False	1	0.133
pro_lifelong	143	6	50	15950.040	15.950040	False	1	0.459
pro_lifelong	143	7	50	19279.252	19.279252	False	1	0.47
pro_lifelong	143	8	50	14148.327	14.148327	False	1	0.133
pro_lifelong	144	1	50	10600.621	10.600621	False	1	0.133
pro_lifelong	144	2	50	17433.220	17.433220	False	1	0.444
pro_lifelong	144	3	50	13269.778	13.269778	False	1	0.133
pro_lifelong	144	4	50	18209.737	18.209737	False	1	0.506
pro_lifelong	144	5	50	3180.287	3.180287	False	1	0.133
pro_lifelong	144	6	50	12757.934	12.757934	False	1	0.133
pro_lifelong	144	7	50	3233.486	3.233486	False	1	0.133
pro_lifelong	144	8	50	2194.803	2.194803	False	1	0.133
pro_lifelong	145	1	50	16956.868	16.956868	False	1	0.403
pro_lifelong	145	2	50	14381.826	14.381826	False	1	0.133
pro_lifelong	145	3	50	10543.239	10.543239	False	1	0.133
pro_lifelong	145	4	50	14373.239	14.373239	False	1	0.133
pro_lifelong	145	5	50	35217.565	35.217565	False	1	0.133
pro_lifelong	146	1	50	2827.752	2.827752	False	1	0.133
pro_lifelong	146	2	50	8299.423	8.299423	False	1	0.133
pro_lifelong	146	3	50	16918.577	16.918577	False	1	0.435
pro_lifelong	146	4	50	13161.592	13.161592	False	1	0.133
pro_lifelong	146	5	50	15324.696	15.324696	False	1	0.368
pro_lifelong	146	6	50	27154.111	27.154111	False	1	0.133
pro_lifelong	146	7	50	17048.769	17.048769	False	1	0.133
pro_lifelong	146	8	50	16387.443	16.387443	False	1	0.133
pro_lifelong	147	1	50	18335.031	18.335031	False	1	0.434
pro_lifelong	147	2	50	2644.701	2.644701	False	1	0.434
pro_lifelong	147	3	50	2928.968	2.928968	False	1	0.434
pro_lifelong	147	4	50	18579.917	18.579917	False	1	0.432
pro_lifelong	147	5	50	12895.814	12.895814	False	1	0.133
pro_lifelong	147	6	50	14717.820	14.717820	False	1	0.407
pro_lifelong	148	1	50	17752.832	17.752832	False	1	0.343
pro_lifelong	148	2	50	19328.966	19.328966	False	1	0.415
pro_lifelong	148	3	50	4583.244	4.583244	False	1	0.133
pro_lifelong	148	4	50	13608.451	13.608451	False	1	0.133
pro_lifelong	148	5	50	18932.429	18.932429	False	1	0.378
pro_lifelong	148	6	50	17842.317	17.842317	False	1	0.401
pro_lifelong	148	7	50	15398.271	15.398271	False	1	0.133
pro_lifelong	149	1	50	7031.811	7.031811	False	1	0.433
pro_lifelong	149	2	50	17620.205	17.620205	False	1	0.448
pro_lifelong	149	3	50	3548.842	3.548842	False	1	0.433
pro_lifelong	149	4	50	2191.984	2.191984	False	1	0.433
pro_lifelong	149	5	50	18739.757	18.739757	False	1	0.458
pro_lifelong	149	6	50	17868.959	17.868959	False	1	0.463
pro_lifelong	149	7	50	17568.337	17.568337	False	1	0.435
pro_lifelong	149	8	50	14417.860	14.417860	False	1	0.428
pro_lifelong	149	9	50	10897.052	10.897052	False	1	0.428
pro_lifelong	149	10	50	17776.554	17.776554	True	1	0.78
pro_lifelong	150	1	50	22123.485	22.123485	False	1	0.462
pro_lifelong	150	2	50	16771.014	16.771014	False	1	0.413
pro_lifelong	150	3	50	27299.708	27.299708	False	1	0.445
pro_lifelong	150	4	50	17120.877	17.120877	False	1	0.422
pro_lifelong	150	5	50	21442.299	21.442299	False	1	0.448
pro_lifelong	150	6	50	13408.998	13.408998	False	1	0.133
pro_lifelong	151	1	50	4179.717	4.179717	False	1	0.133
pro_lifelong	151	2	50	19164.889	19.164889	False	1	0.427
pro_lifelong	151	3	50	15018.075	15.018075	False	1	0.459
pro_lifelong	151	4	50	11371.830	11.371830	False	1	0.133
pro_lifelong	151	5	50	13980.750	13.980750	False	1	0.416
pro_lifelong	151	6	50	13550.887	13.550887	False	1	0.133
pro_lifelong	151	7	50	15173.019	15.173019	False	1	0.133
pro_lifelong	151	8	50	11978.855	11.978855	False	1	0.133
pro_lifelong	152	1	50	7401.434	7.401434	False	1	0.133
pro_lifelong	152	2	50	17889.177	17.889177	False	1	0.413
pro_lifelong	152	3	50	2822.713	2.822713	False	1	0.133
pro_lifelong	152	4	50	16084.090	16.084090	False	1	0.433
pro_lifelong	152	5	50	9640.041	9.640041	False	1	0.133
pro_lifelong	152	6	50	14176.883	14.176883	False	1	0.133
pro_lifelong	152	7	50	22417.523	22.417523	False	1	0.417
pro_lifelong	152	8	50	18082.959	18.082959	False	1	0.414
pro_lifelong	152	9	50	10946.024	10.946024	False	1	0.133
pro_lifelong	153	1	50	16031.074	16.031074	False	1	0.28
pro_lifelong	153	2	50	8939.206	8.939206	False	1	0.415
pro_lifelong	153	3	50	3475.338	3.475338	False	1	0.415
pro_lifelong	153	4	50	17903.172	17.903172	False	1	0.388
pro_lifelong	153	5	50	14431.631	14.431631	False	1	0.406
pro_lifelong	153	6	50	17220.320	17.220320	False	1	0.424
pro_lifelong	153	7	50	17986.673	17.986673	False	1	0.442
pro_lifelong	153	8	50	19031.741	19.031741	False	1	0.47
pro_lifelong	153	9	50	16915.628	16.915628	False	1	0.417
pro_lifelong	153	10	50	16847.247	16.847247	False	1	0.487
pro_lifelong	153	11	50	3972.300	3.972300	False	1	0.415
pro_lifelong	153	12	50	14938.197	14.938197	False	1	0.422
pro_lifelong	153	13	50	18928.492	18.928492	False	1	0.448
pro_lifelong	153	14	50	17058.313	17.058313	False	1	0.466
pro_lifelong	153	15	50	2938.271	2.938271	False	1	0.415
pro_lifelong	154	1	50	3339.969	3.339969	False	1	0.133
pro_lifelong	154	2	50	16494.161	16.494161	False	1	0.455
pro_lifelong	154	3	50	12057.756	12.057756	False	1	0.133
pro_lifelong	154	4	50	17430.226	17.430226	False	1	0.397
pro_lifelong	154	5	50	18447.087	18.447087	False	1	0.461
pro_lifelong	154	6	50	10507.826	10.507826	True	1	0.795
pro_lifelong	155	1	50	9634.026	9.634026	False	1	0.133
pro_lifelong	155	2	50	11236.239	11.236239	False	1	0.133
pro_lifelong	155	3	50	23221.763	23.221763	False	1	0.425
pro_lifelong	155	4	50	2204.963	2.204963	False	1	0.133
pro_lifelong	155	5	50	2096.439	2.096439	False	1	0.133
pro_lifelong	155	6	50	15890.680	15.890680	False	1	0.133
pro_lifelong	155	7	50	15179.784	15.179784	False	1	0.133
pro_lifelong	156	1	50	20431.578	20.431578	False	1	0.589
pro_lifelong	156	2	50	22016.807	22.016807	False	1	0.452
pro_lifelong	156	3	50	16569.658	16.569658	False	1	0.53
pro_lifelong	156	4	50	12995.778	12.995778	False	1	0.501
pro_lifelong	156	5	50	14133.711	14.133711	False	1	0.133
pro_lifelong	156	6	50	12367.835	12.367835	False	1	0.133
pro_lifelong	157	1	50	12936.560	12.936560	False	1	0.462
pro_lifelong	157	2	50	14308.916	14.308916	False	1	0.133
pro_lifelong	157	3	50	16556.710	16.556710	False	1	0.467
pro_lifelong	157	4	50	9074.271	9.074271	False	1	0.133
pro_lifelong	157	5	50	2124.134	2.124134	False	1	0.133
pro_lifelong	157	6	50	16595.977	16.595977	False	1	0.133
pro_lifelong	158	1	50	14505.634	14.505634	False	1	0.408
pro_lifelong	158	2	50	21209.508	21.209508	False	1	0.481
pro_lifelong	158	3	50	22392.964	22.392964	False	1	0.395
pro_lifelong	158	4	50	7803.555	7.803555	False	1	0.418
pro_lifelong	158	5	50	12710.549	12.710549	False	1	0.394
pro_lifelong	158	6	50	20879.020	20.879020	False	1	0.436
pro_lifelong	158	7	50	15904.800	15.904800	False	1	0.401
pro_lifelong	159	1	50	11239.706	11.239706	False	1	0.133
pro_lifelong	159	2	50	14631.370	14.631370	False	1	0.413
pro_lifelong	159	3	50	22053.167	22.053167	False	1	0.465
pro_lifelong	159	4	50	17348.569	17.348569	False	1	0.449
pro_lifelong	159	5	50	2216.064	2.216064	False	1	0.413
pro_lifelong	159	6	50	18989.095	18.989095	False	1	0.373
pro_lifelong	159	7	50	15256.880	15.256880	False	1	0.397
pro_lifelong	159	8	50	13922.712	13.922712	False	1	0.133
pro_lifelong	160	1	50	9982.528	9.982528	False	1	0.133
pro_lifelong	160	2	50	12316.444	12.316444	False	1	0.133
pro_lifelong	160	3	50	18288.865	18.288865	False	1	0.133
pro_lifelong	160	4	50	14355.521	14.355521	False	1	0.133
pro_lifelong	161	1	50	5199.881	5.199881	False	1	0.133
pro_lifelong	161	2	50	22231.979	22.231979	False	1	0.512
pro_lifelong	161	3	50	26486.103	26.486103	False	1	0.133
pro_lifelong	161	4	50	19528.096	19.528096	False	1	0.133
pro_lifelong	161	5	50	17444.888	17.444888	False	1	0.462
pro_lifelong	161	6	50	10175.935	10.175935	False	1	0.133
pro_lifelong	161	7	50	14235.977	14.235977	False	1	0.579
pro_lifelong	161	8	50	4766.183	4.766183	False	1	0.133
pro_lifelong	161	9	50	1739.386	1.739386	False	1	0.133
pro_lifelong	161	10	50	12915.304	12.915304	False	1	0.133
pro_lifelong	161	11	50	12234.582	12.234582	True	1	0.851
pro_lifelong	162	1	50	12591.112	12.591112	False	1	0.133
pro_lifelong	162	2	50	17179.514	17.179514	False	1	0.454
pro_lifelong	162	3	50	15362.189	15.362189	False	1	0.48
pro_lifelong	162	4	50	5788.054	5.788054	False	1	0.133
pro_lifelong	162	5	50	17140.504	17.140504	False	1	0.403
pro_lifelong	162	6	50	10532.213	10.532213	False	1	0.133
pro_lifelong	162	7	50	17685.771	17.685771	False	1	0.372
pro_lifelong	162	8	50	10763.816	10.763816	False	1	0.133
pro_lifelong	163	1	50	15041.442	15.041442	False	1	0.133
pro_lifelong	163	2	50	17479.872	17.479872	True	1	0.892
pro_lifelong	164	1	50	16613.710	16.613710	False	1	0.422
pro_lifelong	164	2	50	46822.823	46.822823	False	1	0.457
pro_lifelong	164	3	50	4559.306	4.559306	False	1	0.133
pro_lifelong	164	4	50	16919.428	16.919428	False	1	0.133
pro_lifelong	164	5	50	24236.303	24.236303	False	1	0.416
pro_lifelong	164	6	50	1969.632	1.969632	False	1	0.133
pro_lifelong	164	7	50	3552.343	3.552343	False	1	0.133
pro_lifelong	165	1	50	20980.952	20.980952	False	1	0.566
pro_lifelong	165	2	50	17887.395	17.887395	False	1	0.58
pro_lifelong	165	3	50	10567.685	10.567685	False	1	0.133
pro_lifelong	165	4	50	14304.613	14.304613	False	1	0.133
pro_lifelong	165	5	50	13855.661	13.855661	False	1	0.133
pro_lifelong	165	6	50	1260.019	1.260019	False	1	0.133
pro_lifelong	166	1	50	2727.429	2.727429	False	1	0.133
pro_lifelong	166	2	50	14462.801	14.462801	False	1	0.133
pro_lifelong	166	3	50	15586.785	15.586785	True	1	0.78
pro_lifelong	167	1	50	16287.695	16.287695	False	1	0.394
pro_lifelong	167	2	50	17113.796	17.113796	False	1	0.395
pro_lifelong	167	3	50	12551.077	12.551077	False	1	0.133
pro_lifelong	167	4	50	24370.045	24.370045	False	1	0.499
pro_lifelong	167	5	50	24940.886	24.940886	False	1	0.353
pro_lifelong	167	6	50	16614.283	16.614283	False	1	0.421
pro_lifelong	167	7	50	17825.590	17.825590	False	1	0.419
pro_lifelong	167	8	50	15669.115	15.669115	True	1	0.759
pro_lifelong	168	1	50	17346.935	17.346935	False	1	0.446
pro_lifelong	168	2	50	15962.474	15.962474	False	1	0.384
pro_lifelong	168	3	50	18315.603	18.315603	False	1	0.372
pro_lifelong	168	4	50	15781.311	15.781311	False	1	0.133
pro_lifelong	168	5	50	16410.884	16.410884	False	1	0.349
pro_lifelong	168	6	50	20828.763	20.828763	False	1	0.416
pro_lifelong	169	1	50	27971.461	27.971461	False	1	0.454
pro_lifelong	169	2	50	15768.646	15.768646	False	1	0.445
pro_lifelong	169	3	50	14213.034	14.213034	True	1	0.662
pro_lifelong	170	1	50	16462.636	16.462636	True	1	0.827
pro_lifelong	171	1	50	9640.176	9.640176	False	1	0.133
pro_lifelong	171	2	50	14271.796	14.271796	True	1	0.721
pro_lifelong	172	1	50	15141.930	15.141930	False	1	0.613
pro_lifelong	172	2	50	11676.470	11.676470	False	1	0.133
pro_lifelong	172	3	50	20315.035	20.315035	False	1	0.133
pro_lifelong	172	4	50	28363.066	28.363066	False	1	0.533
pro_lifelong	172	5	50	13538.739	13.538739	True	1	0.789
pro_lifelong	173	1	50	16147.565	16.147565	False	1	0.426
pro_lifelong	173	2	50	33220.350	33.220350	False	1	0.133
pro_lifelong	173	3	50	17003.685	17.003685	False	1	0.133
pro_lifelong	173	4	50	9815.423	9.815423	False	1	0.133
pro_lifelong	173	5	50	11979.158	11.979158	False	1	0.133
pro_lifelong	174	1	50	17887.024	17.887024	False	1	0.133
pro_lifelong	174	2	50	14386.516	14.386516	False	1	0.133
pro_lifelong	174	3	50	14486.634	14.486634	False	1	0.133
pro_lifelong	174	4	50	19528.609	19.528609	False	1	0.55
pro_lifelong	174	5	50	12549.179	12.549179	False	1	0.133
pro_lifelong	174	6	50	13524.102	13.524102	False	1	0.133
pro_lifelong	174	7	50	2639.031	2.639031	False	1	0.133
pro_lifelong	174	8	50	3085.030	3.085030	False	1	0.133
pro_lifelong	175	1	50	20138.998	20.138998	False	1	0.451
pro_lifelong	175	2	50	14650.283	14.650283	False	1	0.133
pro_lifelong	175	3	50	23034.144	23.034144	False	1	0.485
pro_lifelong	175	4	50	18095.179	18.095179	False	1	0.51
pro_lifelong	175	5	50	5076.285	5.076285	True	1	0.756
pro_lifelong	176	1	50	14832.956	14.832956	False	1	0.133
pro_lifelong	176	2	50	3745.732	3.745732	False	1	0.133
pro_lifelong	176	3	50	19313.620	19.313620	False	1	0.448
pro_lifelong	176	4	50	17057.999	17.057999	False	1	0.396
pro_lifelong	176	5	50	11821.458	11.821458	False	1	0.133
pro_lifelong	176	6	50	3819.045	3.819045	False	1	0.133
pro_lifelong	176	7	50	20511.512	20.511512	False	1	0.517
pro_lifelong	176	8	50	21353.294	21.353294	False	1	0.415
pro_lifelong	176	9	50	13465.951	13.465951	False	1	0.133
pro_lifelong	176	10	50	16029.380	16.029380	False	1	0.512
pro_lifelong	176	11	50	19351.959	19.351959	False	1	0.482
pro_lifelong	176	12	50	12912.267	12.912267	False	1	0.133
pro_lifelong	177	1	50	19917.789	19.917789	False	1	0.418
pro_lifelong	177	2	50	11809.639	11.809639	False	1	0.133
pro_lifelong	177	3	50	9542.650	9.542650	False	1	0.133
pro_lifelong	177	4	50	10295.277	10.295277	False	1	0.133
pro_lifelong	177	5	50	18816.527	18.816527	False	1	0.446
pro_lifelong	177	6	50	13176.869	13.176869	False	1	0.133
pro_lifelong	177	7	50	16776.965	16.776965	False	1	0.506
pro_lifelong	177	8	50	15836.601	15.836601	False	1	0.133
pro_lifelong	177	9	50	3178.711	3.178711	False	1	0.133
pro_lifelong	177	10	50	10595.185	10.595185	False	1	0.133
pro_lifelong	177	11	50	9740.830	9.740830	False	1	0.133
pro_lifelong	178	1	50	14378.032	14.378032	False	1	0.133
pro_lifelong	178	2	50	5651.439	5.651439	False	1	0.42
pro_lifelong	178	3	50	16774.830	16.774830	False	1	0.449
pro_lifelong	178	4	50	10610.321	10.610321	False	1	0.133
pro_lifelong	178	5	50	20019.927	20.019927	False	1	0.461
pro_lifelong	178	6	50	2770.848	2.770848	False	1	0.42
pro_lifelong	178	7	50	19574.149	19.574149	False	1	0.48
pro_lifelong	178	8	50	17749.211	17.749211	True	1	0.768
pro_lifelong	179	1	50	18920.709	18.920709	False	1	0.446
pro_lifelong	179	2	50	26036.986	26.036986	False	1	0.432
pro_lifelong	179	3	50	18328.646	18.328646	False	1	0.439
pro_lifelong	179	4	50	21135.200	21.135200	False	1	0.444
pro_lifelong	179	5	50	18245.762	18.245762	False	1	0.459
pro_lifelong	179	6	50	43647.080	43.647080	False	1	0.133
pro_lifelong	179	7	50	21128.399	21.128399	False	1	0.433
pro_lifelong	179	8	50	3909.831	3.909831	True	1	0.769
pro_lifelong	180	1	50	9222.546	9.222546	False	1	0.524
pro_lifelong	180	2	50	19661.291	19.661291	True	1	0.806
pro_lifelong	181	1	50	17445.798	17.445798	False	1	0.433
pro_lifelong	181	2	50	16865.595	16.865595	False	1	0.547
pro_lifelong	181	3	50	18040.292	18.040292	False	1	0.557
pro_lifelong	181	4	50	13617.802	13.617802	True	1	0.946
pro_lifelong	182	1	50	16398.317	16.398317	False	1	0.629
pro_lifelong	182	2	50	19609.979	19.609979	False	1	0.46
pro_lifelong	182	3	50	16715.145	16.715145	False	1	0.5
pro_lifelong	182	4	50	4475.577	4.475577	True	1	0.945
pro_lifelong	183	1	50	18671.514	18.671514	False	1	0.431
pro_lifelong	183	2	50	20767.772	20.767772	False	1	0.452
pro_lifelong	183	3	50	13644.723	13.644723	False	1	0.38
pro_lifelong	183	4	50	15639.802	15.639802	False	1	0.133
pro_lifelong	183	5	50	8339.804	8.339804	False	1	0.444
pro_lifelong	183	6	50	2121.771	2.121771	False	1	0.444
pro_lifelong	183	7	50	3740.530	3.740530	False	1	0.444
pro_lifelong	184	1	50	15512.137	15.512137	False	1	0.486
pro_lifelong	184	2	50	17069.992	17.069992	False	1	0.438
pro_lifelong	184	3	50	17671.534	17.671534	False	1	0.459
pro_lifelong	184	4	50	18526.897	18.526897	False	1	0.427
pro_lifelong	184	5	50	19000.072	19.000072	False	1	0.427
pro_lifelong	184	6	50	19666.760	19.666760	False	1	0.457
pro_lifelong	185	1	50	18238.785	18.238785	False	1	0.44
pro_lifelong	185	2	50	9166.561	9.166561	False	1	0.463
pro_lifelong	185	3	50	4518.470	4.518470	False	1	0.463
pro_lifelong	185	4	50	18402.893	18.402893	False	1	0.433
pro_lifelong	185	5	50	21742.588	21.742588	False	1	0.439
pro_lifelong	185	6	50	18833.420	18.833420	False	1	0.453
pro_lifelong	185	7	50	15322.868	15.322868	False	1	0.133
pro_lifelong	186	1	50	22186.221	22.186221	False	1	0.471
pro_lifelong	186	2	50	8441.714	8.441714	False	1	0.499
pro_lifelong	186	3	50	14187.245	14.187245	False	1	0.471
pro_lifelong	186	4	50	13252.667	13.252667	True	1	0.852
pro_lifelong	187	1	50	9874.236	9.874236	False	1	0.133
pro_lifelong	187	2	50	15013.474	15.013474	False	1	0.43
pro_lifelong	187	3	50	16079.873	16.079873	False	1	0.465
pro_lifelong	187	4	50	11332.252	11.332252	False	1	0.133
pro_lifelong	187	5	50	1811.234	1.811234	False	1	0.43
pro_lifelong	187	6	50	1969.075	1.969075	False	1	0.43
pro_lifelong	187	7	50	4362.217	4.362217	False	1	0.43
pro_lifelong	187	8	50	3224.378	3.224378	False	1	0.43
pro_lifelong	188	1	50	17476.541	17.476541	False	1	0.133
pro_lifelong	188	2	50	11006.605	11.006605	False	1	0.42
pro_lifelong	188	3	50	16645.359	16.645359	True	1	0.724
pro_lifelong	189	1	50	7271.769	7.271769	False	1	0.405
pro_lifelong	189	2	50	20569.306	20.569306	False	1	0.497
pro_lifelong	189	3	50	28045.539	28.045539	False	1	0.51
pro_lifelong	189	4	50	17003.558	17.003558	False	1	0.457
pro_lifelong	189	5	50	16381.133	16.381133	False	1	0.395
pro_lifelong	189	6	50	18955.629	18.955629	False	1	0.491
pro_lifelong	189	7	50	16794.460	16.794460	False	1	0.429
pro_lifelong	189	8	50	17638.714	17.638714	False	1	0.394
pro_lifelong	190	1	50	8870.612	8.870612	False	1	0.133
pro_lifelong	190	2	50	19317.947	19.317947	False	1	0.491
pro_lifelong	190	3	50	14986.547	14.986547	False	1	0.426
pro_lifelong	190	4	50	2582.436	2.582436	False	1	0.133
pro_lifelong	190	5	50	17967.623	17.967623	False	1	0.133
pro_lifelong	190	6	50	10438.746	10.438746	False	1	0.133
pro_lifelong	190	7	50	13720.329	13.720329	False	1	0.133
pro_lifelong	191	1	50	16664.460	16.664460	False	1	0.404
pro_lifelong	191	2	50	17163.909	17.163909	False	1	0.379
pro_lifelong	191	3	50	18583.728	18.583728	False	1	0.395
pro_lifelong	191	4	50	2293.817	2.293817	False	1	0.404
pro_lifelong	191	5	50	16950.076	16.950076	False	1	0.133
pro_lifelong	191	6	50	13375.589	13.375589	False	1	0.404
pro_lifelong	192	1	50	19010.457	19.010457	False	1	0.605
pro_lifelong	192	2	50	17084.159	17.084159	False	1	0.544
pro_lifelong	192	3	50	12824.834	12.824834	False	1	0.133
pro_lifelong	192	4	50	20725.435	20.725435	False	1	0.455
pro_lifelong	192	5	50	13367.821	13.367821	False	1	0.133
pro_lifelong	192	6	50	11785.537	11.785537	False	1	0.544
pro_lifelong	193	1	50	16453.056	16.453056	False	1	0.496
pro_lifelong	193	2	50	13911.603	13.911603	True	1	0.899
pro_lifelong	194	1	50	11270.385	11.270385	False	1	0.133
pro_lifelong	194	2	50	18206.073	18.206073	False	1	0.492
pro_lifelong	194	3	50	13889.047	13.889047	False	1	0.133
pro_lifelong	194	4	50	16090.890	16.090890	False	1	0.133
pro_lifelong	194	5	50	11994.258	11.994258	False	1	0.133
pro_lifelong	194	6	50	11005.151	11.005151	False	1	0.133
pro_lifelong	195	1	50	16477.028	16.477028	False	1	0.133
pro_lifelong	195	2	50	16720.276	16.720276	True	1	0.85
pro_lifelong	196	1	50	18675.440	18.675440	False	1	0.579
pro_lifelong	196	2	50	13333.624	13.333624	True	1	0.909
pro_lifelong	197	1	50	16132.376	16.132376	False	1	0.133
pro_lifelong	197	2	50	20513.034	20.513034	True	1	0.726
pro_lifelong	198	1	50	20388.172	20.388172	False	1	0.133
pro_lifelong	198	2	50	11588.368	11.588368	False	1	0.133
pro_lifelong	198	3	50	17873.343	17.873343	False	1	0.492
pro_lifelong	198	4	50	3546.634	3.546634	False	1	0.133
pro_lifelong	198	5	50	17539.159	17.539159	False	1	0.528
pro_lifelong	198	6	50	22437.466	22.437466	False	1	0.133
pro_lifelong	198	7	50	22305.804	22.305804	False	1	0.133
pro_lifelong	198	8	50	4003.216	4.003216	False	1	0.133
pro_lifelong	198	9	50	21624.778	21.624778	False	1	0.469
pro_lifelong	198	10	50	22169.583	22.169583	False	1	0.514
pro_lifelong	199	1	50	8152.522	8.152522	False	1	0.414
pro_lifelong	199	2	50	19749.692	19.749692	False	1	0.439
pro_lifelong	199	3	50	18179.711	18.179711	False	1	0.439
pro_lifelong	199	4	50	2703.575	2.703575	False	1	0.414
pro_lifelong	199	5	50	5085.753	5.085753	False	1	0.414
pro_lifelong	199	6	50	32519.118	32.519118	False	1	0.438
pro_lifelong	199	7	50	19278.931	19.278931	False	1	0.466
pro_lifelong	199	8	50	11686.563	11.686563	False	1	0.133
pro_lifelong	199	9	50	8842.668	8.842668	False	1	0.499
pro_lifelong	199	10	50	2215.604	2.215604	False	1	0.414
pro_lifelong	199	11	50	14530.407	14.530407	False	1	0.42
pro_lifelong	199	12	50	1737.059	1.737059	False	1	0.414
pro_lifelong	199	13	50	18275.836	18.275836	False	1	0.43
pro_lifelong	199	14	50	17813.180	17.813180	False	1	0.382
pro_lifelong	200	1	50	18094.753	18.094753	False	1	0.465
pro_lifelong	200	2	50	27092.910	27.092910	False	1	0.446
pro_lifelong	200	3	50	20646.386	20.646386	False	1	0.451
pro_lifelong	200	4	50	17425.852	17.425852	False	1	0.363
pro_lifelong	200	5	50	17678.306	17.678306	False	1	0.447
pro_lifelong	200	6	50	14279.946	14.279946	False	1	0.447
pro_lifelong	201	1	50	3980.443	3.980443	False	1	0.133
pro_lifelong	201	2	50	18065.533	18.065533	False	1	0.415
pro_lifelong	201	3	50	19749.351	19.749351	False	1	0.419
pro_lifelong	201	4	50	2458.592	2.458592	False	1	0.133
pro_lifelong	201	5	50	17364.288	17.364288	False	1	0.498
pro_lifelong	201	6	50	17978.635	17.978635	False	1	0.484
pro_lifelong	201	7	50	2764.840	2.764840	False	1	0.133
pro_lifelong	201	8	50	4055.303	4.055303	False	1	0.133
pro_lifelong	201	9	50	14724.218	14.724218	False	1	0.133
pro_lifelong	201	10	50	2769.028	2.769028	False	1	0.133
pro_lifelong	202	1	50	13476.320	13.476320	False	1	0.133
pro_lifelong	202	2	50	16634.616	16.634616	False	1	0.133
pro_lifelong	202	3	50	20294.774	20.294774	False	1	0.465
pro_lifelong	202	4	50	16175.454	16.175454	False	1	0.133
pro_lifelong	202	5	50	11444.711	11.444711	False	1	0.133
pro_lifelong	202	6	50	2929.050	2.929050	False	1	0.133
pro_lifelong	202	7	50	20503.936	20.503936	False	1	0.387
pro_lifelong	202	8	50	2449.059	2.449059	False	1	0.133
pro_lifelong	203	1	50	8421.128	8.421128	False	1	0.441
pro_lifelong	203	2	50	2943.189	2.943189	False	1	0.441
pro_lifelong	203	3	50	16098.939	16.098939	False	1	0.431
pro_lifelong	203	4	50	18709.681	18.709681	False	1	0.458
pro_lifelong	203	5	50	3100.981	3.100981	False	1	0.441
pro_lifelong	203	6	50	3105.579	3.105579	False	1	0.441
pro_lifelong	203	7	50	13516.976	13.516976	False	1	0.133
pro_lifelong	203	8	50	11506.627	11.506627	False	1	0.133
pro_lifelong	203	9	50	9549.251	9.549251	False	1	0.133
pro_lifelong	204	1	50	11842.627	11.842627	False	1	0.133
pro_lifelong	204	2	50	8841.280	8.841280	False	1	0.133
pro_lifelong	204	3	50	17479.149	17.479149	False	1	0.464
pro_lifelong	204	4	50	16317.439	16.317439	False	1	0.476
pro_lifelong	204	5	50	15544.841	15.544841	False	1	0.439
pro_lifelong	204	6	50	7387.383	7.387383	False	1	0.44
pro_lifelong	204	7	50	16287.511	16.287511	False	1	0.368
pro_lifelong	204	8	50	13276.888	13.276888	False	1	0.133
pro_lifelong	204	9	50	10596.179	10.596179	False	1	0.133
pro_lifelong	205	1	50	7791.207	7.791207	False	1	0.436
pro_lifelong	205	2	50	3082.615	3.082615	False	1	0.436
pro_lifelong	205	3	50	13522.742	13.522742	False	1	0.133
pro_lifelong	205	4	50	2689.929	2.689929	False	1	0.436
pro_lifelong	205	5	50	14609.758	14.609758	False	1	0.421
pro_lifelong	205	6	50	9549.815	9.549815	False	1	0.436
pro_lifelong	206	1	50	17220.411	17.220411	False	1	0.133
pro_lifelong	206	2	50	20163.950	20.163950	False	1	0.442
pro_lifelong	206	3	50	8535.892	8.535892	False	1	0.437
pro_lifelong	206	4	50	2924.252	2.924252	False	1	0.437
pro_lifelong	206	5	50	18669.594	18.669594	False	1	0.437
pro_lifelong	206	6	50	14873.677	14.873677	False	1	0.133
pro_lifelong	206	7	50	13227.273	13.227273	False	1	0.133
pro_lifelong	207	1	50	19283.814	19.283814	False	1	0.433
pro_lifelong	207	2	50	19473.802	19.473802	False	1	0.421
pro_lifelong	207	3	50	8664.773	8.664773	False	1	0.44
pro_lifelong	207	4	50	17737.917	17.737917	False	1	0.446
pro_lifelong	207	5	50	18897.107	18.897107	False	1	0.466
pro_lifelong	207	6	50	17182.082	17.182082	False	1	0.462
pro_lifelong	207	7	50	3070.763	3.070763	False	1	0.44
pro_lifelong	207	8	50	2594.052	2.594052	False	1	0.44
pro_lifelong	207	9	50	19253.253	19.253253	False	1	0.451
pro_lifelong	207	10	50	15042.848	15.042848	False	1	0.133
pro_lifelong	208	1	50	9799.982	9.799982	False	1	0.133
pro_lifelong	208	2	50	14658.228	14.658228	False	1	0.428
pro_lifelong	208	3	50	9010.143	9.010143	False	1	0.435
pro_lifelong	208	4	50	3469.768	3.469768	False	1	0.435
pro_lifelong	208	5	50	16222.967	16.222967	False	1	0.442
pro_lifelong	208	6	50	12785.186	12.785186	False	1	0.133
pro_lifelong	208	7	50	11269.967	11.269967	False	1	0.133
pro_lifelong	208	8	50	10816.431	10.816431	False	1	0.133
pro_lifelong	208	9	50	12907.212	12.907212	False	1	0.133
pro_lifelong	209	1	50	29188.853	29.188853	False	1	0.439
pro_lifelong	209	2	50	12293.129	12.293129	False	1	0.133
pro_lifelong	209	3	50	17395.913	17.395913	False	1	0.44
pro_lifelong	209	4	50	6188.919	6.188919	False	1	0.447
pro_lifelong	209	5	50	27346.171	27.346171	False	1	0.42
pro_lifelong	209	6	50	9395.788	9.395788	False	1	0.133
pro_lifelong	210	1	50	16644.286	16.644286	False	1	0.442
pro_lifelong	210	2	50	6653.640	6.653640	False	1	0.133
pro_lifelong	210	3	50	17019.261	17.019261	False	1	0.443
pro_lifelong	210	4	50	4190.325	4.190325	False	1	0.133
pro_lifelong	210	5	50	16631.405	16.631405	False	1	0.471
pro_lifelong	210	6	50	17113.624	17.113624	False	1	0.409
pro_lifelong	210	7	50	2437.398	2.437398	False	1	0.133
pro_lifelong	210	8	50	2135.846	2.135846	False	1	0.133
pro_lifelong	210	9	50	12585.102	12.585102	False	1	0.133
pro_lifelong	210	10	50	2434.986	2.434986	False	1	0.133
pro_lifelong	211	1	50	9186.220	9.186220	False	1	0.444
pro_lifelong	211	2	50	10976.284	10.976284	False	1	0.444
pro_lifelong	211	3	50	18257.216	18.257216	False	1	0.133
pro_lifelong	211	4	50	20427.922	20.427922	False	1	0.435
pro_lifelong	211	5	50	24072.545	24.072545	False	1	0.45
pro_lifelong	211	6	50	2925.259	2.925259	False	1	0.444
pro_lifelong	212	1	50	11300.937	11.300937	False	1	0.133
pro_lifelong	212	2	50	22702.749	22.702749	False	1	0.547
pro_lifelong	212	3	50	12633.402	12.633402	False	1	0.466
pro_lifelong	212	4	50	22279.854	22.279854	True	1	0.801
pro_lifelong	213	1	50	19881.085	19.881085	False	1	0.481
pro_lifelong	213	2	50	8632.519	8.632519	False	1	0.433
pro_lifelong	213	3	50	22468.774	22.468774	False	1	0.415
pro_lifelong	213	4	50	22313.602	22.313602	False	1	0.45
pro_lifelong	213	5	50	10608.405	10.608405	False	1	0.133
pro_lifelong	213	6	50	45098.275	45.098275	False	1	0.476
pro_lifelong	214	1	50	16065.130	16.065130	False	1	0.441
pro_lifelong	214	2	50	11474.063	11.474063	False	1	0.133
pro_lifelong	214	3	50	11394.596	11.394596	False	1	0.133
pro_lifelong	214	4	50	9854.225	9.854225	False	1	0.133
pro_lifelong	214	5	50	5059.091	5.059091	False	1	0.133
pro_lifelong	215	1	50	16934.349	16.934349	False	1	0.439
pro_lifelong	215	2	50	16963.133	16.963133	True	1	0.778
pro_lifelong	216	1	50	15418.347	15.418347	False	1	0.442
pro_lifelong	216	2	50	12767.486	12.767486	False	1	0.133
pro_lifelong	216	3	50	2686.460	2.686460	False	1	0.133
pro_lifelong	216	4	50	3091.227	3.091227	False	1	0.133
pro_lifelong	216	5	50	16217.240	16.217240	False	1	0.133
pro_lifelong	217	1	50	15668.028	15.668028	False	1	0.133
pro_lifelong	217	2	50	14479.428	14.479428	False	1	0.422
pro_lifelong	217	3	50	17127.114	17.127114	False	1	0.436
pro_lifelong	217	4	50	15428.254	15.428254	False	1	0.414
pro_lifelong	217	5	50	20370.289	20.370289	False	1	0.456
pro_lifelong	217	6	50	13171.644	13.171644	False	1	0.133
pro_lifelong	217	7	50	17210.906	17.210906	False	1	0.436
pro_lifelong	217	8	50	16507.901	16.507901	False	1	0.487
pro_lifelong	217	9	50	18587.142	18.587142	False	1	0.464
pro_lifelong	217	10	50	11475.888	11.475888	False	1	0.436
pro_lifelong	217	11	50	18577.631	18.577631	False	1	0.454
pro_lifelong	217	12	50	18355.128	18.355128	False	1	0.478
pro_lifelong	217	13	50	17762.715	17.762715	False	1	0.48
pro_lifelong	218	1	50	11653.251	11.653251	False	1	0.133
pro_lifelong	218	2	50	19715.013	19.715013	False	1	0.47
pro_lifelong	218	3	50	21008.165	21.008165	False	1	0.527
pro_lifelong	218	4	50	12520.517	12.520517	False	1	0.133
pro_lifelong	218	5	50	7692.679	7.692679	False	1	0.133
pro_lifelong	218	6	50	4542.191	4.542191	False	1	0.133
pro_lifelong	218	7	50	4979.398	4.979398	False	1	0.133
pro_lifelong	219	1	50	14167.405	14.167405	False	1	0.133
pro_lifelong	219	2	50	16669.543	16.669543	False	1	0.444
pro_lifelong	219	3	50	16449.933	16.449933	False	1	0.133
pro_lifelong	219	4	50	18542.401	18.542401	False	1	0.426
pro_lifelong	219	5	50	12848.700	12.848700	False	1	0.133
pro_lifelong	219	6	50	19555.775	19.555775	False	1	0.451
pro_lifelong	219	7	50	12173.986	12.173986	False	1	0.133
pro_lifelong	220	1	50	9745.804	9.745804	False	1	0.133
pro_lifelong	220	2	50	13446.987	13.446987	False	1	0.133
pro_lifelong	220	3	50	10471.527	10.471527	False	1	0.133
pro_lifelong	220	4	50	4298.491	4.298491	False	1	0.133
pro_lifelong	221	1	50	13094.685	13.094685	False	1	0.133
pro_lifelong	221	2	50	16677.809	16.677809	False	1	0.446
pro_lifelong	221	3	50	3180.221	3.180221	False	1	0.446
pro_lifelong	221	4	50	3661.949	3.661949	False	1	0.446
pro_lifelong	221	5	50	4910.324	4.910324	False	1	0.446
pro_lifelong	221	6	50	12051.393	12.051393	False	1	0.133
pro_lifelong	221	7	50	16317.974	16.317974	False	1	0.426
pro_lifelong	222	1	50	17039.640	17.039640	False	1	0.133
pro_lifelong	222	2	50	4287.672	4.287672	False	1	0.133
pro_lifelong	222	3	50	3378.422	3.378422	False	1	0.133
pro_lifelong	222	4	50	29034.672	29.034672	False	1	0.511
pro_lifelong	222	5	50	15805.584	15.805584	False	1	0.133
pro_lifelong	222	6	50	16728.026	16.728026	False	1	0.383
pro_lifelong	222	7	50	11784.121	11.784121	False	1	0.455
pro_lifelong	222	8	50	3718.761	3.718761	False	1	0.133
pro_lifelong	222	9	50	19876.634	19.876634	False	1	0.394
pro_lifelong	223	1	50	15464.094	15.464094	False	1	0.443
pro_lifelong	223	2	50	15816.081	15.816081	False	1	0.468
pro_lifelong	223	3	50	16013.792	16.013792	False	1	0.446
pro_lifelong	223	4	50	12023.603	12.023603	False	1	0.458
pro_lifelong	223	5	50	15644.629	15.644629	False	1	0.133
pro_lifelong	223	6	50	5120.213	5.120213	False	1	0.133
pro_lifelong	223	7	50	11876.347	11.876347	False	1	0.443
pro_lifelong	224	1	50	13766.436	13.766436	False	1	0.133
pro_lifelong	224	2	50	11412.827	11.412827	False	1	0.133
pro_lifelong	224	3	50	11252.864	11.252864	False	1	0.133
pro_lifelong	224	4	50	5031.243	5.031243	False	1	0.133
pro_lifelong	225	1	50	4132.955	4.132955	False	1	0.133
pro_lifelong	225	2	50	18671.134	18.671134	False	1	0.424
pro_lifelong	225	3	50	18941.086	18.941086	False	1	0.393
pro_lifelong	225	4	50	16033.075	16.033075	False	1	0.436
pro_lifelong	225	5	50	19857.275	19.857275	False	1	0.449
pro_lifelong	225	6	50	13700.773	13.700773	False	1	0.424
pro_lifelong	225	7	50	11394.586	11.394586	False	1	0.133
pro_lifelong	225	8	50	3162.267	3.162267	False	1	0.133
pro_lifelong	225	9	50	23706.411	23.706411	False	1	0.354
pro_lifelong	225	10	50	21609.117	21.609117	False	1	0.412
pro_lifelong	226	1	50	16364.316	16.364316	False	1	0.526
pro_lifelong	226	2	50	15345.604	15.345604	False	1	0.454
pro_lifelong	226	3	50	8108.147	8.108147	False	1	0.438
pro_lifelong	226	4	50	20507.174	20.507174	False	1	0.44
pro_lifelong	226	5	50	15022.233	15.022233	False	1	0.429
pro_lifelong	226	6	50	16713.804	16.713804	False	1	0.438
pro_lifelong	227	1	50	15182.273	15.182273	False	1	0.459
pro_lifelong	227	2	50	12201.195	12.201195	False	1	0.133
pro_lifelong	227	3	50	18965.123	18.965123	False	1	0.411
pro_lifelong	227	4	50	6681.133	6.681133	False	1	0.133
pro_lifelong	227	5	50	18345.105	18.345105	False	1	0.43
pro_lifelong	227	6	50	15640.885	15.640885	False	1	0.133
pro_lifelong	228	1	50	3916.911	3.916911	False	1	0.133
pro_lifelong	228	2	50	19630.420	19.630420	False	1	0.449
pro_lifelong	228	3	50	2780.347	2.780347	False	1	0.133
pro_lifelong	228	4	50	13561.395	13.561395	False	1	0.133
pro_lifelong	228	5	50	15372.822	15.372822	False	1	0.481
pro_lifelong	228	6	50	20937.132	20.937132	False	1	0.587
pro_lifelong	228	7	50	2941.157	2.941157	False	1	0.133
pro_lifelong	228	8	50	16270.204	16.270204	False	1	0.389
pro_lifelong	228	9	50	2433.656	2.433656	False	1	0.133
pro_lifelong	228	10	50	15008.861	15.008861	False	1	0.133
pro_lifelong	228	11	50	14457.506	14.457506	False	1	0.133
pro_lifelong	229	1	50	16937.294	16.937294	False	1	0.133
pro_lifelong	229	2	50	20531.056	20.531056	False	1	0.369
pro_lifelong	229	3	50	22805.166	22.805166	False	1	0.133
pro_lifelong	229	4	50	18433.292	18.433292	False	1	0.469
pro_lifelong	229	5	50	13165.153	13.165153	False	1	0.133
pro_lifelong	229	6	50	4354.309	4.354309	False	1	0.133
pro_lifelong	229	7	50	3261.754	3.261754	False	1	0.133
pro_lifelong	229	8	50	2543.268	2.543268	False	1	0.133
pro_lifelong	230	1	50	11828.521	11.828521	False	1	0.133
pro_lifelong	230	2	50	16181.466	16.181466	False	1	0.427
pro_lifelong	230	3	50	21206.013	21.206013	False	1	0.133
pro_lifelong	230	4	50	3966.002	3.966002	False	1	0.133
pro_lifelong	230	5	50	2756.996	2.756996	False	1	0.133
pro_lifelong	230	6	50	11321.912	11.321912	False	1	0.133
pro_lifelong	231	1	50	11637.638	11.637638	False	1	0.133
pro_lifelong	231	2	50	17857.211	17.857211	False	1	0.447
pro_lifelong	231	3	50	9699.285	9.699285	False	1	0.133
pro_lifelong	231	4	50	11362.004	11.362004	False	1	0.133
pro_lifelong	231	5	50	6983.686	6.983686	False	1	0.133
pro_lifelong	231	6	50	13676.287	13.676287	False	1	0.435
pro_lifelong	231	7	50	13198.346	13.198346	False	1	0.133
pro_lifelong	232	1	50	12904.773	12.904773	False	1	0.457
pro_lifelong	232	2	50	14069.754	14.069754	False	1	0.133
pro_lifelong	232	3	50	17169.322	17.169322	False	1	0.541
pro_lifelong	232	4	50	8008.016	8.008016	False	1	0.444
pro_lifelong	232	5	50	17937.286	17.937286	False	1	0.443
pro_lifelong	232	6	50	13479.387	13.479387	False	1	0.133
pro_lifelong	232	7	50	13855.209	13.855209	False	1	0.133
pro_lifelong	232	8	50	16384.988	16.384988	False	1	0.498
pro_lifelong	233	1	50	34397.386	34.397386	False	1	0.494
pro_lifelong	233	2	50	15041.027	15.041027	False	1	0.437
pro_lifelong	233	3	50	14057.799	14.057799	True	1	0.831
pro_lifelong	234	1	50	14110.372	14.110372	False	1	0.133
pro_lifelong	234	2	50	7146.497	7.146497	False	1	0.444
pro_lifelong	234	3	50	20060.782	20.060782	False	1	0.522
pro_lifelong	234	4	50	15650.724	15.650724	False	1	0.448
pro_lifelong	234	5	50	2838.495	2.838495	False	1	0.444
pro_lifelong	234	6	50	14192.971	14.192971	False	1	0.456
pro_lifelong	234	7	50	11223.173	11.223173	False	1	0.448
pro_lifelong	234	8	50	3796.075	3.796075	False	1	0.444
pro_lifelong	235	1	50	7704.366	7.704366	False	1	0.447
pro_lifelong	235	2	50	11388.109	11.388109	False	1	0.133
pro_lifelong	235	3	50	19529.677	19.529677	False	1	0.133
pro_lifelong	235	4	50	20444.653	20.444653	False	1	0.403
pro_lifelong	235	5	50	13368.643	13.368643	True	1	0.817
pro_lifelong	236	1	50	3885.010	3.885010	False	1	0.133
pro_lifelong	236	2	50	15767.212	15.767212	False	1	0.133
pro_lifelong	236	3	50	17620.637	17.620637	False	1	0.133
pro_lifelong	236	4	50	2764.163	2.764163	False	1	0.133
pro_lifelong	237	1	50	13767.127	13.767127	False	1	0.133
pro_lifelong	237	2	50	7134.434	7.134434	False	1	0.447
pro_lifelong	237	3	50	2358.506	2.358506	False	1	0.447
pro_lifelong	237	4	50	2921.906	2.921906	False	1	0.447
pro_lifelong	237	5	50	2259.339	2.259339	False	1	0.447
pro_lifelong	237	6	50	2186.127	2.186127	False	1	0.447
pro_lifelong	237	7	50	2352.973	2.352973	False	1	0.447
pro_lifelong	238	1	50	11898.136	11.898136	False	1	0.133
pro_lifelong	238	2	50	13786.074	13.786074	False	1	0.133
pro_lifelong	238	3	50	17476.924	17.476924	False	1	0.382
pro_lifelong	238	4	50	11848.833	11.848833	False	1	0.133
pro_lifelong	238	5	50	14736.668	14.736668	False	1	0.372
pro_lifelong	238	6	50	18358.303	18.358303	False	1	0.397
pro_lifelong	238	7	50	13908.133	13.908133	False	1	0.432
pro_lifelong	238	8	50	17329.581	17.329581	False	1	0.443
pro_lifelong	238	9	50	13673.177	13.673177	False	1	0.133
pro_lifelong	238	10	50	3973.875	3.973875	False	1	0.133
pro_lifelong	238	11	50	15276.253	15.276253	False	1	0.38
pro_lifelong	238	12	50	12856.029	12.856029	False	1	0.133
pro_lifelong	238	13	50	15077.087	15.077087	False	1	0.429
pro_lifelong	239	1	50	14814.579	14.814579	False	1	0.133
pro_lifelong	239	2	50	18886.902	18.886902	False	1	0.431
pro_lifelong	239	3	50	9964.779	9.964779	False	1	0.133
pro_lifelong	239	4	50	15998.939	15.998939	False	1	0.133
pro_lifelong	239	5	50	29334.086	29.334086	False	1	0.459
pro_lifelong	239	6	50	19806.107	19.806107	False	1	0.133
pro_lifelong	239	7	50	2378.293	2.378293	False	1	0.133
pro_lifelong	239	8	50	8919.049	8.919049	False	1	0.133
pro_lifelong	239	9	50	3886.330	3.886330	False	1	0.133
pro_lifelong	240	1	50	18240.054	18.240054	False	1	0.435
pro_lifelong	240	2	50	6885.006	6.885006	False	1	0.432
pro_lifelong	240	3	50	8751.204	8.751204	False	1	0.133
pro_lifelong	240	4	50	11878.311	11.878311	False	1	0.133
pro_lifelong	240	5	50	1738.092	1.738092	False	1	0.432
pro_lifelong	240	6	50	11240.073	11.240073	False	1	0.133
pro_lifelong	241	1	50	18866.798	18.866798	False	1	0.453
pro_lifelong	241	2	50	11695.505	11.695505	False	1	0.133
pro_lifelong	241	3	50	4592.079	4.592079	False	1	0.133
pro_lifelong	241	4	50	2607.035	2.607035	False	1	0.133
pro_lifelong	241	5	50	19214.432	19.214432	False	1	0.449
pro_lifelong	241	6	50	20375.875	20.375875	True	1	0.852
pro_lifelong	242	1	50	6691.102	6.691102	False	1	0.431
pro_lifelong	242	2	50	3184.716	3.184716	False	1	0.431
pro_lifelong	242	3	50	13291.335	13.291335	False	1	0.133
pro_lifelong	242	4	50	5793.717	5.793717	False	1	0.431
pro_lifelong	242	5	50	10121.104	10.121104	False	1	0.133
pro_lifelong	242	6	50	3093.429	3.093429	False	1	0.431
pro_lifelong	243	1	50	10133.173	10.133173	False	1	0.133
pro_lifelong	243	2	50	14156.693	14.156693	False	1	0.133
pro_lifelong	243	3	50	3888.275	3.888275	False	1	0.133
pro_lifelong	243	4	50	11941.081	11.941081	False	1	0.439
pro_lifelong	243	5	50	11621.944	11.621944	False	1	0.133
pro_lifelong	243	6	50	2440.287	2.440287	False	1	0.133
pro_lifelong	243	7	50	2521.793	2.521793	False	1	0.133
pro_lifelong	243	8	50	17816.222	17.816222	False	1	0.433
pro_lifelong	243	9	50	12921.896	12.921896	False	1	0.133
pro_lifelong	244	1	50	4591.591	4.591591	False	1	0.133
pro_lifelong	244	2	50	2289.888	2.289888	False	1	0.133
pro_lifelong	244	3	50	13732.427	13.732427	False	1	0.133
pro_lifelong	244	4	50	18533.061	18.533061	False	1	0.437
pro_lifelong	244	5	50	21173.171	21.173171	False	1	0.447
pro_lifelong	244	6	50	24005.164	24.005164	False	1	0.459
pro_lifelong	244	7	50	17412.273	17.412273	False	1	0.342
pro_lifelong	244	8	50	19099.550	19.099550	False	1	0.324
pro_lifelong	244	9	50	17432.868	17.432868	False	1	0.419
pro_lifelong	244	10	50	16235.497	16.235497	False	1	0.492
pro_lifelong	244	11	50	14266.543	14.266543	False	1	0.133
pro_lifelong	244	12	50	22941.053	22.941053	False	1	0.422
pro_lifelong	244	13	50	22454.875	22.454875	False	1	0.499
pro_lifelong	244	14	50	18469.615	18.469615	False	1	0.403
pro_lifelong	244	15	50	18101.111	18.101111	False	1	0.423
pro_lifelong	245	1	50	14496.474	14.496474	False	1	0.472
pro_lifelong	245	2	50	15738.967	15.738967	False	1	0.133
pro_lifelong	245	3	50	18497.777	18.497777	False	1	0.486
pro_lifelong	245	4	50	14349.482	14.349482	False	1	0.133
pro_lifelong	245	5	50	22360.444	22.360444	False	1	0.407
pro_lifelong	245	6	50	17858.298	17.858298	False	1	0.443
pro_lifelong	245	7	50	5122.424	5.122424	False	1	0.133
pro_lifelong	245	8	50	21226.183	21.226183	False	1	0.511
pro_lifelong	245	9	50	8424.732	8.424732	False	1	0.133
pro_lifelong	245	10	50	15942.684	15.942684	False	1	0.133
pro_lifelong	245	11	50	12561.704	12.561704	False	1	0.133
pro_lifelong	245	12	50	13688.629	13.688629	False	1	0.133
pro_lifelong	246	1	50	10355.839	10.355839	False	1	0.133
pro_lifelong	246	2	50	15342.484	15.342484	False	1	0.427
pro_lifelong	246	3	50	13570.339	13.570339	False	1	0.415
pro_lifelong	246	4	50	12305.257	12.305257	False	1	0.528
pro_lifelong	246	5	50	17558.989	17.558989	False	1	0.44
pro_lifelong	246	6	50	12303.204	12.303204	False	1	0.133
pro_lifelong	246	7	50	29335.046	29.335046	False	1	0.547
pro_lifelong	246	8	50	14999.219	14.999219	False	1	0.133
pro_lifelong	246	9	50	16897.375	16.897375	False	1	0.447
pro_lifelong	246	10	50	20338.497	20.338497	False	1	0.425
pro_lifelong	246	11	50	17583.803	17.583803	False	1	0.432
pro_lifelong	246	12	50	12748.447	12.748447	False	1	0.133
pro_lifelong	247	1	50	9872.015	9.872015	False	1	0.133
pro_lifelong	247	2	50	6859.095	6.859095	False	1	0.438
pro_lifelong	247	3	50	17108.953	17.108953	False	1	0.466
pro_lifelong	247	4	50	19577.071	19.577071	False	1	0.445
pro_lifelong	247	5	50	2108.168	2.108168	False	1	0.438
pro_lifelong	247	6	50	12268.131	12.268131	False	1	0.133
pro_lifelong	247	7	50	15637.054	15.637054	False	1	0.438
pro_lifelong	247	8	50	16722.342	16.722342	False	1	0.468
pro_lifelong	248	1	50	7360.037	7.360037	False	1	0.44
pro_lifelong	248	2	50	15618.761	15.618761	False	1	0.133
pro_lifelong	248	3	50	10753.158	10.753158	False	1	0.133
pro_lifelong	248	4	50	15013.500	15.013500	False	1	0.441
pro_lifelong	248	5	50	18048.791	18.048791	False	1	0.401
pro_lifelong	248	6	50	21371.813	21.371813	False	1	0.469
pro_lifelong	248	7	50	14267.493	14.267493	False	1	0.44
pro_lifelong	248	8	50	17684.688	17.684688	False	1	0.444
pro_lifelong	248	9	50	2663.308	2.663308	False	1	0.44
pro_lifelong	248	10	50	81565.205	81.565205	False	1	0.44
pro_lifelong	248	11	50	20945.135	20.945135	False	1	0.378
pro_lifelong	249	1	50	16137.431	16.137431	False	1	0.133
pro_lifelong	249	2	50	12510.275	12.510275	False	1	0.133
pro_lifelong	249	3	50	15664.545	15.664545	False	1	0.491
pro_lifelong	249	4	50	12901.449	12.901449	False	1	0.133
pro_lifelong	249	5	50	20485.309	20.485309	False	1	0.414
pro_lifelong	249	6	50	15735.898	15.735898	False	1	0.133
pro_lifelong	249	7	50	12280.893	12.280893	False	1	0.133
pro_lifelong	249	8	50	14901.066	14.901066	False	1	0.372
pro_lifelong	250	1	50	15541.845	15.541845	False	1	0.476
pro_lifelong	250	2	50	20980.996	20.980996	False	1	0.446
pro_lifelong	250	3	50	16660.490	16.660490	False	1	0.481
pro_lifelong	250	4	50	11828.540	11.828540	False	1	0.133
pro_lifelong	250	5	50	7475.316	7.475316	False	1	0.424
pro_lifelong	250	6	50	2284.378	2.284378	False	1	0.424
pro_lifelong	251	1	50	11416.294	11.416294	False	1	0.133
pro_lifelong	251	2	50	20561.564	20.561564	False	1	0.497
pro_lifelong	251	3	50	15151.986	15.151986	False	1	0.422
pro_lifelong	251	4	50	10057.525	10.057525	False	1	0.133
pro_lifelong	251	5	50	16213.549	16.213549	False	1	0.422
pro_lifelong	251	6	50	22369.581	22.369581	False	1	0.403
pro_lifelong	251	7	50	12269.197	12.269197	False	1	0.133
pro_lifelong	252	1	50	15525.266	15.525266	False	1	0.486
pro_lifelong	252	2	50	15186.776	15.186776	False	1	0.133
pro_lifelong	252	3	50	10034.287	10.034287	False	1	0.133
pro_lifelong	252	4	50	9807.572	9.807572	False	1	0.427
pro_lifelong	252	5	50	17117.154	17.117154	False	1	0.4
pro_lifelong	252	6	50	20329.235	20.329235	False	1	0.472
pro_lifelong	253	1	50	16812.379	16.812379	False	1	0.436
pro_lifelong	253	2	50	16119.100	16.119100	True	1	0.807
pro_lifelong	254	1	50	16459.899	16.459899	False	1	0.455
pro_lifelong	254	2	50	20033.009	20.033009	False	1	0.464
pro_lifelong	254	3	50	17191.090	17.191090	False	1	0.428
pro_lifelong	254	4	50	11973.462	11.973462	False	1	0.133
pro_lifelong	254	5	50	20954.142	20.954142	False	1	0.396
pro_lifelong	254	6	50	18186.185	18.186185	False	1	0.459
pro_lifelong	255	1	50	26818.448	26.818448	False	1	0.411
pro_lifelong	255	2	50	6723.136	6.723136	False	1	0.425
pro_lifelong	255	3	50	3345.324	3.345324	False	1	0.425
pro_lifelong	255	4	50	15719.994	15.719994	False	1	0.44
pro_lifelong	255	5	50	15535.934	15.535934	False	1	0.133
pro_lifelong	255	6	50	1735.107	1.735107	False	1	0.425
pro_lifelong	255	7	50	11235.677	11.235677	False	1	0.425
pro_lifelong	255	8	50	13784.493	13.784493	False	1	0.457
pro_lifelong	255	9	50	3093.023	3.093023	False	1	0.425
pro_lifelong	255	10	50	11467.258	11.467258	False	1	0.133
pro_lifelong	255	11	50	25426.755	25.426755	False	1	0.402
pro_lifelong	255	12	50	18433.692	18.433692	False	1	0.404
pro_lifelong	255	13	50	10694.534	10.694534	False	1	0.133
pro_lifelong	256	1	50	19074.831	19.074831	False	1	0.446
pro_lifelong	256	2	50	7856.535	7.856535	False	1	0.431
pro_lifelong	256	3	50	17459.398	17.459398	False	1	0.395
pro_lifelong	256	4	50	16490.287	16.490287	False	1	0.459
pro_lifelong	256	5	50	18423.221	18.423221	False	1	0.443
pro_lifelong	256	6	50	25061.700	25.061700	False	1	0.394
pro_lifelong	256	7	50	3025.259	3.025259	False	1	0.431
pro_lifelong	256	8	50	18380.130	18.380130	False	1	0.467
pro_lifelong	256	9	50	17044.003	17.044003	False	1	0.401
pro_lifelong	257	1	50	11324.766	11.324766	False	1	0.133
pro_lifelong	257	2	50	20734.873	20.734873	False	1	0.404
pro_lifelong	257	3	50	14094.578	14.094578	False	1	0.133
pro_lifelong	257	4	50	22522.944	22.522944	False	1	0.431
pro_lifelong	257	5	50	14335.924	14.335924	False	1	0.133
pro_lifelong	257	6	50	14075.120	14.075120	False	1	0.133
pro_lifelong	257	7	50	2305.512	2.305512	False	1	0.133
pro_lifelong	257	8	50	13437.382	13.437382	False	1	0.404
pro_lifelong	257	9	50	17601.446	17.601446	False	1	0.438
pro_lifelong	258	1	50	5643.567	5.643567	False	1	0.133
pro_lifelong	258	2	50	2344.799	2.344799	False	1	0.133
pro_lifelong	258	3	50	2369.980	2.369980	False	1	0.133
pro_lifelong	258	4	50	11393.361	11.393361	False	1	0.133
pro_lifelong	259	1	50	8888.685	8.888685	False	1	0.433
pro_lifelong	259	2	50	15130.430	15.130430	False	1	0.433
pro_lifelong	259	3	50	4061.197	4.061197	False	1	0.433
pro_lifelong	259	4	50	10797.635	10.797635	False	1	0.133
pro_lifelong	259	5	50	10990.740	10.990740	False	1	0.133
pro_lifelong	259	6	50	2360.356	2.360356	False	1	0.433
pro_lifelong	260	1	50	23002.427	23.002427	False	1	0.47
pro_lifelong	260	2	50	7719.701	7.719701	False	1	0.424
pro_lifelong	260	3	50	11559.586	11.559586	False	1	0.133
pro_lifelong	260	4	50	2714.533	2.714533	False	1	0.424
pro_lifelong	260	5	50	15491.517	15.491517	False	1	0.433
pro_lifelong	260	6	50	21556.715	21.556715	False	1	0.464
pro_lifelong	261	1	50	10062.191	10.062191	False	1	0.133
pro_lifelong	261	2	50	23076.905	23.076905	True	1	0.809
pro_lifelong	262	1	50	19243.416	19.243416	False	1	0.429
pro_lifelong	262	2	50	14041.774	14.041774	False	1	0.435
pro_lifelong	262	3	50	18787.391	18.787391	False	1	0.44
pro_lifelong	262	4	50	10776.118	10.776118	False	1	0.133
pro_lifelong	262	5	50	3011.189	3.011189	False	1	0.435
pro_lifelong	262	6	50	2854.425	2.854425	False	1	0.435
pro_lifelong	262	7	50	2376.967	2.376967	False	1	0.435
pro_lifelong	262	8	50	13020.980	13.020980	False	1	0.435
pro_lifelong	263	1	50	7288.878	7.288878	False	1	0.426
pro_lifelong	263	2	50	4464.115	4.464115	False	1	0.426
pro_lifelong	263	3	50	19661.816	19.661816	False	1	0.43
pro_lifelong	263	4	50	2461.262	2.461262	False	1	0.426
pro_lifelong	263	5	50	14305.173	14.305173	False	1	0.133
pro_lifelong	263	6	50	2627.790	2.627790	False	1	0.426
pro_lifelong	264	1	50	11970.114	11.970114	False	1	0.133
pro_lifelong	264	2	50	19704.418	19.704418	False	1	0.351
pro_lifelong	264	3	50	13385.743	13.385743	False	1	0.458
pro_lifelong	264	4	50	11802.475	11.802475	False	1	0.133
pro_lifelong	264	5	50	6190.189	6.190189	False	1	0.133
pro_lifelong	264	6	50	18898.784	18.898784	False	1	0.43
pro_lifelong	264	7	50	11083.977	11.083977	False	1	0.133
pro_lifelong	264	8	50	17768.922	17.768922	False	1	0.448
pro_lifelong	265	1	50	11598.977	11.598977	False	1	0.133
pro_lifelong	265	2	50	10376.290	10.376290	False	1	0.133
pro_lifelong	265	3	50	9707.989	9.707989	False	1	0.133
pro_lifelong	265	4	50	19387.987	19.387987	False	1	0.432
pro_lifelong	265	5	50	18839.005	18.839005	False	1	0.366
pro_lifelong	265	6	50	14086.393	14.086393	False	1	0.133
pro_lifelong	265	7	50	11849.421	11.849421	False	1	0.133
pro_lifelong	265	8	50	17339.299	17.339299	False	1	0.426
pro_lifelong	265	9	50	12552.846	12.552846	False	1	0.133
pro_lifelong	266	1	50	18505.183	18.505183	False	1	0.478
pro_lifelong	266	2	50	17904.784	17.904784	False	1	0.426
pro_lifelong	266	3	50	10838.838	10.838838	False	1	0.429
pro_lifelong	266	4	50	17363.997	17.363997	False	1	0.457
pro_lifelong	266	5	50	14923.728	14.923728	False	1	0.133
pro_lifelong	266	6	50	14041.296	14.041296	False	1	0.133
pro_lifelong	267	1	50	19763.644	19.763644	False	1	0.427
pro_lifelong	267	2	50	21691.378	21.691378	False	1	0.448
pro_lifelong	267	3	50	19840.505	19.840505	False	1	0.442
pro_lifelong	267	4	50	16498.364	16.498364	False	1	0.439
pro_lifelong	267	5	50	19269.638	19.269638	False	1	0.496
pro_lifelong	267	6	50	13540.297	13.540297	False	1	0.468
pro_lifelong	267	7	50	20161.968	20.161968	False	1	0.461
pro_lifelong	267	8	50	11650.070	11.650070	False	1	0.133
pro_lifelong	267	9	50	14706.213	14.706213	False	1	0.396
pro_lifelong	267	10	50	16094.055	16.094055	False	1	0.435
pro_lifelong	268	1	50	16883.933	16.883933	False	1	0.425
pro_lifelong	268	2	50	13797.182	13.797182	False	1	0.133
pro_lifelong	268	3	50	18122.542	18.122542	False	1	0.396
pro_lifelong	268	4	50	21986.429	21.986429	False	1	0.45
pro_lifelong	268	5	50	17783.741	17.783741	False	1	0.422
pro_lifelong	268	6	50	17200.540	17.200540	False	1	0.422
pro_lifelong	268	7	50	16312.753	16.312753	False	1	0.4
pro_lifelong	268	8	50	15029.835	15.029835	False	1	0.421
pro_lifelong	268	9	50	17630.835	17.630835	False	1	0.436
pro_lifelong	269	1	50	41257.770	41.257770	True	1	0.785
pro_lifelong	270	1	50	10449.817	10.449817	False	1	0.133
pro_lifelong	270	2	50	8024.393	8.024393	False	1	0.416
pro_lifelong	270	3	50	18455.889	18.455889	False	1	0.441
pro_lifelong	270	4	50	15168.450	15.168450	False	1	0.462
pro_lifelong	270	5	50	9075.623	9.075623	False	1	0.133
pro_lifelong	270	6	50	13587.612	13.587612	False	1	0.423
pro_lifelong	270	7	50	16161.062	16.161062	False	1	0.387
pro_lifelong	270	8	50	17599.712	17.599712	False	1	0.43
pro_lifelong	270	9	50	19567.306	19.567306	False	1	0.423
pro_lifelong	271	1	50	15455.618	15.455618	False	1	0.428
pro_lifelong	271	2	50	8094.100	8.094100	False	1	0.418
pro_lifelong	271	3	50	19903.521	19.903521	False	1	0.39
pro_lifelong	271	4	50	17397.969	17.397969	False	1	0.474
pro_lifelong	271	5	50	4876.040	4.876040	False	1	0.418
pro_lifelong	271	6	50	3114.737	3.114737	False	1	0.418
pro_lifelong	271	7	50	23297.962	23.297962	False	1	0.396
pro_lifelong	271	8	50	21511.182	21.511182	False	1	0.404
pro_lifelong	271	9	50	23549.743	23.549743	False	1	0.454
pro_lifelong	272	1	50	13812.732	13.812732	False	1	0.133
pro_lifelong	272	2	50	16381.037	16.381037	False	1	0.478
pro_lifelong	272	3	50	18577.098	18.577098	False	1	0.422
pro_lifelong	272	4	50	18327.543	18.327543	False	1	0.402
pro_lifelong	272	5	50	16451.427	16.451427	False	1	0.431
pro_lifelong	272	6	50	9616.474	9.616474	False	1	0.419
pro_lifelong	272	7	50	8868.600	8.868600	False	1	0.419
pro_lifelong	273	1	50	12980.201	12.980201	False	1	0.432
pro_lifelong	273	2	50	18735.655	18.735655	False	1	0.431
pro_lifelong	273	3	50	24618.993	24.618993	False	1	0.495
pro_lifelong	273	4	50	13882.700	13.882700	False	1	0.429
pro_lifelong	273	5	50	17831.871	17.831871	False	1	0.385
pro_lifelong	273	6	50	7838.244	7.838244	False	1	0.422
pro_lifelong	273	7	50	16764.774	16.764774	False	1	0.133
pro_lifelong	273	8	50	17615.630	17.615630	False	1	0.547
pro_lifelong	273	9	50	3108.845	3.108845	False	1	0.422
pro_lifelong	273	10	50	15949.847	15.949847	False	1	0.447
pro_lifelong	273	11	50	14155.794	14.155794	False	1	0.133
pro_lifelong	273	12	50	16582.854	16.582854	False	1	0.455
pro_lifelong	273	13	50	17058.980	17.058980	False	1	0.431
pro_lifelong	274	1	50	19915.283	19.915283	False	1	0.462
pro_lifelong	274	2	50	18343.937	18.343937	False	1	0.458
pro_lifelong	274	3	50	14962.792	14.962792	False	1	0.421
pro_lifelong	274	4	50	15212.183	15.212183	False	1	0.464
pro_lifelong	274	5	50	16559.035	16.559035	False	1	0.481
pro_lifelong	274	6	50	8484.049	8.484049	False	1	0.426
pro_lifelong	274	7	50	14342.955	14.342955	False	1	0.431
pro_lifelong	274	8	50	12900.772	12.900772	False	1	0.133
pro_lifelong	274	9	50	21650.901	21.650901	False	1	0.459
pro_lifelong	274	10	50	5815.291	5.815291	False	1	0.426
pro_lifelong	275	1	50	19511.852	19.511852	False	1	0.458
pro_lifelong	275	2	50	9694.632	9.694632	False	1	0.133
pro_lifelong	275	3	50	14593.225	14.593225	False	1	0.439
pro_lifelong	275	4	50	8083.156	8.083156	False	1	0.451
pro_lifelong	275	5	50	17374.181	17.374181	False	1	0.491
pro_lifelong	275	6	50	15386.849	15.386849	False	1	0.467
pro_lifelong	275	7	50	10544.848	10.544848	False	1	0.451
pro_lifelong	275	8	50	17180.165	17.180165	False	1	0.472
pro_lifelong	275	9	50	30067.081	30.067081	False	1	0.472
pro_lifelong	275	10	50	3012.740	3.012740	False	1	0.451
pro_lifelong	276	1	50	8524.103	8.524103	False	1	0.441
pro_lifelong	276	2	50	16498.603	16.498603	False	1	0.441
pro_lifelong	276	3	50	12452.290	12.452290	False	1	0.441
pro_lifelong	276	4	50	14124.648	14.124648	False	1	0.446
pro_lifelong	276	5	50	25182.533	25.182533	False	1	0.485
pro_lifelong	276	6	50	11993.665	11.993665	False	1	0.454
pro_lifelong	276	7	50	17668.183	17.668183	False	1	0.471
pro_lifelong	276	8	50	16977.574	16.977574	False	1	0.466
pro_lifelong	276	9	50	21249.267	21.249267	False	1	0.436
pro_lifelong	276	10	50	3876.074	3.876074	False	1	0.441
pro_lifelong	277	1	50	9651.498	9.651498	False	1	0.433
pro_lifelong	277	2	50	19775.769	19.775769	False	1	0.44
pro_lifelong	277	3	50	13646.654	13.646654	False	1	0.44
pro_lifelong	277	4	50	17411.999	17.411999	False	1	0.478
pro_lifelong	277	5	50	20463.300	20.463300	False	1	0.448
pro_lifelong	277	6	50	17602.718	17.602718	False	1	0.405
pro_lifelong	277	7	50	3239.524	3.239524	False	1	0.433
pro_lifelong	277	8	50	2680.907	2.680907	False	1	0.433
pro_lifelong	277	9	50	15666.051	15.666051	False	1	0.458
pro_lifelong	278	1	50	6842.102	6.842102	False	1	0.429
pro_lifelong	278	2	50	21077.741	21.077741	False	1	0.45
pro_lifelong	278	3	50	18131.196	18.131196	False	1	0.461
pro_lifelong	278	4	50	4140.188	4.140188	False	1	0.429
pro_lifelong	278	5	50	3259.397	3.259397	False	1	0.429
pro_lifelong	278	6	50	25827.054	25.827054	False	1	0.498
pro_lifelong	278	7	50	2237.591	2.237591	False	1	0.429
pro_lifelong	278	8	50	18519.114	18.519114	False	1	0.439
pro_lifelong	278	9	50	17681.655	17.681655	False	1	0.429
pro_lifelong	278	10	50	8911.472	8.911472	False	1	0.429
pro_lifelong	278	11	50	2696.847	2.696847	False	1	0.429
pro_lifelong	279	1	50	8536.580	8.536580	False	1	0.428
pro_lifelong	279	2	50	11932.172	11.932172	False	1	0.133
pro_lifelong	279	3	50	17465.491	17.465491	False	1	0.434
pro_lifelong	279	4	50	12127.083	12.127083	False	1	0.418
pro_lifelong	279	5	50	21603.635	21.603635	False	1	0.463
pro_lifelong	279	6	50	13496.159	13.496159	False	1	0.434
pro_lifelong	279	7	50	16650.428	16.650428	False	1	0.425
pro_lifelong	279	8	50	11980.548	11.980548	False	1	0.133
pro_lifelong	279	9	50	28657.332	28.657332	False	1	0.455
pro_lifelong	279	10	50	21356.600	21.356600	False	1	0.454
pro_lifelong	280	1	50	16304.433	16.304433	False	1	0.429
pro_lifelong	280	2	50	8553.755	8.553755	False	1	0.42
pro_lifelong	280	3	50	2867.516	2.867516	False	1	0.42
pro_lifelong	280	4	50	19176.991	19.176991	False	1	0.432
pro_lifelong	280	5	50	17896.998	17.896998	False	1	0.41
pro_lifelong	280	6	50	2464.633	2.464633	False	1	0.42
pro_lifelong	281	1	50	21793.883	21.793883	False	1	0.469
pro_lifelong	281	2	50	13189.407	13.189407	False	1	0.133
pro_lifelong	281	3	50	18261.611	18.261611	False	1	0.489
pro_lifelong	281	4	50	9335.298	9.335298	False	1	0.133
pro_lifelong	281	5	50	18027.335	18.027335	False	1	0.412
pro_lifelong	281	6	50	8743.445	8.743445	False	1	0.434
pro_lifelong	281	7	50	18406.140	18.406140	False	1	0.337
pro_lifelong	281	8	50	24854.789	24.854789	False	1	0.518
pro_lifelong	281	9	50	2859.297	2.859297	False	1	0.434
pro_lifelong	281	10	50	16238.790	16.238790	False	1	0.388
pro_lifelong	281	11	50	14790.382	14.790382	False	1	0.133
pro_lifelong	281	12	50	14846.518	14.846518	False	1	0.525
pro_lifelong	281	13	50	15361.638	15.361638	False	1	0.437
pro_lifelong	282	1	50	19602.820	19.602820	False	1	0.412
pro_lifelong	282	2	50	16084.815	16.084815	False	1	0.43
pro_lifelong	282	3	50	19210.410	19.210410	False	1	0.425
pro_lifelong	282	4	50	15102.129	15.102129	False	1	0.418
pro_lifelong	282	5	50	11128.075	11.128075	False	1	0.133
pro_lifelong	282	6	50	21596.658	21.596658	False	1	0.444
pro_lifelong	282	7	50	16872.047	16.872047	False	1	0.39
pro_lifelong	282	8	50	17250.468	17.250468	False	1	0.488
pro_lifelong	282	9	50	17374.467	17.374467	False	1	0.472
pro_lifelong	282	10	50	17673.075	17.673075	False	1	0.43
pro_lifelong	282	11	50	17748.638	17.748638	False	1	0.472
pro_lifelong	282	12	50	17338.679	17.338679	False	1	0.389
pro_lifelong	282	13	50	24534.262	24.534262	False	1	0.428
pro_lifelong	283	1	50	16325.446	16.325446	False	1	0.433
pro_lifelong	283	2	50	4809.283	4.809283	False	1	0.433
pro_lifelong	283	3	50	12483.142	12.483142	False	1	0.133
pro_lifelong	283	4	50	11671.452	11.671452	False	1	0.433
pro_lifelong	283	5	50	10934.300	10.934300	False	1	0.133
pro_lifelong	283	6	50	9095.542	9.095542	False	1	0.133
pro_lifelong	284	1	50	17677.346	17.677346	False	1	0.433
pro_lifelong	284	2	50	20304.905	20.304905	False	1	0.391
pro_lifelong	284	3	50	13990.684	13.990684	False	1	0.133
pro_lifelong	284	4	50	12989.334	12.989334	False	1	0.133
pro_lifelong	284	5	50	7814.843	7.814843	False	1	0.439
pro_lifelong	284	6	50	20498.788	20.498788	True	1	0.853
pro_lifelong	285	1	50	16848.536	16.848536	False	1	0.359
pro_lifelong	285	2	50	23341.223	23.341223	False	1	0.511
pro_lifelong	285	3	50	18005.481	18.005481	True	1	0.791
pro_lifelong	286	1	50	19498.895	19.498895	False	1	0.395
pro_lifelong	286	2	50	16641.074	16.641074	False	1	0.43
pro_lifelong	286	3	50	16536.350	16.536350	False	1	0.426
pro_lifelong	286	4	50	19008.528	19.008528	False	1	0.358
pro_lifelong	286	5	50	15285.658	15.285658	False	1	0.43
pro_lifelong	286	6	50	2529.660	2.529660	False	1	0.43
pro_lifelong	286	7	50	19215.441	19.215441	False	1	0.435
pro_lifelong	287	1	50	17648.994	17.648994	False	1	0.454
pro_lifelong	287	2	50	16877.646	16.877646	False	1	0.457
pro_lifelong	287	3	50	27986.208	27.986208	True	1	0.789
pro_lifelong	288	1	50	8699.849	8.699849	False	1	0.441
pro_lifelong	288	2	50	10416.306	10.416306	False	1	0.133
pro_lifelong	288	3	50	16593.679	16.593679	False	1	0.391
pro_lifelong	288	4	50	4149.718	4.149718	False	1	0.441
pro_lifelong	288	5	50	2712.515	2.712515	False	1	0.441
pro_lifelong	288	6	50	4959.574	4.959574	False	1	0.441
pro_lifelong	289	1	50	19901.415	19.901415	False	1	0.449
pro_lifelong	289	2	50	10724.037	10.724037	False	1	0.44
pro_lifelong	289	3	50	9434.198	9.434198	False	1	0.133
pro_lifelong	289	4	50	15010.942	15.010942	False	1	0.496
pro_lifelong	289	5	50	2698.034	2.698034	False	1	0.44
pro_lifelong	289	6	50	13124.139	13.124139	False	1	0.133
pro_lifelong	289	7	50	25297.916	25.297916	False	1	0.496
pro_lifelong	289	8	50	15374.194	15.374194	False	1	0.133
pro_lifelong	289	9	50	3040.422	3.040422	False	1	0.44
pro_lifelong	290	1	50	16554.096	16.554096	False	1	0.473
pro_lifelong	290	2	50	9411.100	9.411100	False	1	0.133
pro_lifelong	290	3	50	11871.270	11.871270	False	1	0.433
pro_lifelong	290	4	50	10390.391	10.390391	False	1	0.436
pro_lifelong	290	5	50	2614.297	2.614297	False	1	0.436
pro_lifelong	290	6	50	17891.601	17.891601	False	1	0.458
pro_lifelong	291	1	50	13324.784	13.324784	False	1	0.133
pro_lifelong	291	2	50	10653.537	10.653537	False	1	0.133
pro_lifelong	291	3	50	16939.154	16.939154	False	1	0.477
pro_lifelong	291	4	50	13217.203	13.217203	False	1	0.436
pro_lifelong	291	5	50	13082.497	13.082497	True	1	0.805
pro_lifelong	292	1	50	20661.337	20.661337	False	1	0.498
pro_lifelong	292	2	50	17697.801	17.697801	False	1	0.423
pro_lifelong	292	3	50	9200.918	9.200918	False	1	0.438
pro_lifelong	292	4	50	2963.170	2.963170	False	1	0.438
pro_lifelong	292	5	50	16678.559	16.678559	False	1	0.446
pro_lifelong	292	6	50	2929.742	2.929742	False	1	0.438
pro_lifelong	293	1	50	10918.215	10.918215	False	1	0.435
pro_lifelong	293	2	50	17368.927	17.368927	False	1	0.451
pro_lifelong	293	3	50	15686.455	15.686455	False	1	0.457
pro_lifelong	293	4	50	17999.900	17.999900	False	1	0.461
pro_lifelong	293	5	50	15743.160	15.743160	False	1	0.468
pro_lifelong	293	6	50	14856.701	14.856701	False	1	0.435
pro_lifelong	293	7	50	2488.443	2.488443	False	1	0.435
pro_lifelong	293	8	50	28432.794	28.432794	False	1	0.469
pro_lifelong	293	9	50	14748.669	14.748669	False	1	0.475
pro_lifelong	293	10	50	19397.298	19.397298	False	1	0.486
pro_lifelong	293	11	50	17623.967	17.623967	False	1	0.446
pro_lifelong	293	12	50	14069.356	14.069356	False	1	0.462
pro_lifelong	293	13	50	19812.829	19.812829	False	1	0.453
pro_lifelong	293	14	50	16575.237	16.575237	False	1	0.442
pro_lifelong	293	15	50	2688.742	2.688742	False	1	0.435
pro_lifelong	294	1	50	16980.211	16.980211	False	1	0.429
pro_lifelong	294	2	50	12680.831	12.680831	False	1	0.133
pro_lifelong	294	3	50	3241.706	3.241706	False	1	0.429
pro_lifelong	294	4	50	18996.268	18.996268	False	1	0.479
pro_lifelong	294	5	50	17871.554	17.871554	False	1	0.436
pro_lifelong	294	6	50	21393.788	21.393788	False	1	0.42
pro_lifelong	294	7	50	16873.980	16.873980	False	1	0.443
pro_lifelong	294	8	50	20708.188	20.708188	False	1	0.462
pro_lifelong	294	9	50	19545.166	19.545166	False	1	0.405
pro_lifelong	295	1	50	14373.740	14.373740	False	1	0.133
pro_lifelong	295	2	50	17218.879	17.218879	False	1	0.442
pro_lifelong	295	3	50	17220.268	17.220268	False	1	0.426
pro_lifelong	295	4	50	15479.605	15.479605	False	1	0.133
pro_lifelong	295	5	50	19737.775	19.737775	False	1	0.417
pro_lifelong	295	6	50	20905.547	20.905547	False	1	0.453
pro_lifelong	295	7	50	13373.305	13.373305	False	1	0.426
pro_lifelong	295	8	50	13796.793	13.796793	False	1	0.442
pro_lifelong	295	9	50	17684.660	17.684660	False	1	0.462
pro_lifelong	295	10	50	16378.543	16.378543	False	1	0.396
pro_lifelong	295	11	50	16661.593	16.661593	False	1	0.36
pro_lifelong	296	1	50	18711.338	18.711338	False	1	0.473
pro_lifelong	296	2	50	19147.453	19.147453	False	1	0.432
pro_lifelong	296	3	50	7754.455	7.754455	False	1	0.426
pro_lifelong	296	4	50	18710.970	18.710970	False	1	0.466
pro_lifelong	296	5	50	21745.186	21.745186	False	1	0.498
pro_lifelong	296	6	50	17725.276	17.725276	False	1	0.446
pro_lifelong	296	7	50	16310.620	16.310620	False	1	0.436
pro_lifelong	296	8	50	4718.508	4.718508	False	1	0.426
pro_lifelong	296	9	50	10467.019	10.467019	False	1	0.133
pro_lifelong	296	10	50	2551.214	2.551214	False	1	0.426
pro_lifelong	297	1	50	18253.157	18.253157	False	1	0.416
pro_lifelong	297	2	50	7595.475	7.595475	False	1	0.421
pro_lifelong	297	3	50	2301.109	2.301109	False	1	0.421
pro_lifelong	297	4	50	10377.670	10.377670	False	1	0.133
pro_lifelong	297	5	50	16740.719	16.740719	False	1	0.428
pro_lifelong	297	6	50	20750.534	20.750534	False	1	0.45
pro_lifelong	297	7	50	11941.157	11.941157	False	1	0.133
pro_lifelong	297	8	50	15311.996	15.311996	False	1	0.408
pro_lifelong	297	9	50	2460.800	2.460800	False	1	0.421
pro_lifelong	297	10	50	17224.824	17.224824	False	1	0.455
pro_lifelong	297	11	50	11883.103	11.883103	False	1	0.421
pro_lifelong	298	1	50	15627.899	15.627899	False	1	0.437
pro_lifelong	298	2	50	20607.753	20.607753	False	1	0.43
pro_lifelong	298	3	50	20621.995	20.621995	False	1	0.44
pro_lifelong	298	4	50	8889.375	8.889375	False	1	0.43
pro_lifelong	298	5	50	15283.793	15.283793	False	1	0.374
pro_lifelong	298	6	50	20254.533	20.254533	False	1	0.513
pro_lifelong	298	7	50	2801.569	2.801569	False	1	0.43
pro_lifelong	298	8	50	2748.904	2.748904	False	1	0.43
pro_lifelong	298	9	50	26452.274	26.452274	False	1	0.422
pro_lifelong	298	10	50	9430.535	9.430535	False	1	0.133
pro_lifelong	298	11	50	2715.649	2.715649	False	1	0.43
pro_lifelong	299	1	50	19732.198	19.732198	False	1	0.381
pro_lifelong	299	2	50	17348.764	17.348764	False	1	0.432
pro_lifelong	299	3	50	17952.603	17.952603	False	1	0.411
pro_lifelong	299	4	50	17275.449	17.275449	False	1	0.133
pro_lifelong	299	5	50	25136.273	25.136273	False	1	0.424
pro_lifelong	299	6	50	20551.624	20.551624	False	1	0.424
pro_lifelong	299	7	50	9009.338	9.009338	False	1	0.133
pro_lifelong	300	1	50	25137.370	25.137370	True	1	0.867
pro_lifelong	301	1	50	8651.289	8.651289	False	1	0.546
pro_lifelong	301	2	50	54816.626	54.816626	False	1	0.507
pro_lifelong	301	3	50	18188.529	18.188529	True	1	0.802
pro_lifelong	302	1	50	14467.189	14.467189	False	1	0.133
pro_lifelong	302	2	50	17601.745	17.601745	False	1	0.5
pro_lifelong	302	3	50	18583.526	18.583526	False	1	0.459
pro_lifelong	302	4	50	3897.150	3.897150	False	1	0.133
pro_lifelong	302	5	50	18951.710	18.951710	False	1	0.45
pro_lifelong	302	6	50	30709.646	30.709646	False	1	0.494
pro_lifelong	302	7	50	16027.181	16.027181	False	1	0.505
pro_lifelong	303	1	50	16637.123	16.637123	True	1	0.824
pro_lifelong	304	1	50	24358.792	24.358792	False	1	0.386
pro_lifelong	304	2	50	6941.925	6.941925	False	1	0.42
pro_lifelong	304	3	50	30637.660	30.637660	False	1	0.413
pro_lifelong	304	4	50	30534.258	30.534258	False	1	0.463
pro_lifelong	304	5	50	19030.112	19.030112	False	1	0.396
pro_lifelong	304	6	50	14179.248	14.179248	False	1	0.42
pro_lifelong	304	7	50	25609.781	25.609781	False	1	0.569
pro_lifelong	304	8	50	23570.347	23.570347	False	1	0.469
pro_lifelong	304	9	50	1747.011	1.747011	False	1	0.42
pro_lifelong	304	10	50	21228.835	21.228835	False	1	0.565
pro_lifelong	304	11	50	3897.555	3.897555	False	1	0.42
pro_lifelong	304	12	50	2544.894	2.544894	False	1	0.42
pro_lifelong	305	1	50	8458.658	8.458658	False	1	0.452
pro_lifelong	305	2	50	17060.592	17.060592	False	1	0.456
pro_lifelong	305	3	50	2703.956	2.703956	False	1	0.452
pro_lifelong	305	4	50	19379.516	19.379516	False	1	0.538
pro_lifelong	305	5	50	15586.431	15.586431	False	1	0.465
pro_lifelong	305	6	50	31738.243	31.738243	False	1	0.444
pro_lifelong	305	7	50	15275.110	15.275110	False	1	0.402
pro_lifelong	305	8	50	2796.742	2.796742	False	1	0.452
pro_lifelong	305	9	50	3036.088	3.036088	False	1	0.452
pro_lifelong	306	1	50	19344.046	19.344046	False	1	0.53
pro_lifelong	306	2	50	13863.671	13.863671	True	1	0.945
pro_lifelong	307	1	50	17435.846	17.435846	False	1	0.5
pro_lifelong	307	2	50	15711.837	15.711837	False	1	0.5
pro_lifelong	307	3	50	14996.295	14.996295	False	1	0.133
pro_lifelong	307	4	50	13179.744	13.179744	False	1	0.133
pro_lifelong	307	5	50	1599.059	1.599059	False	1	0.5
pro_lifelong	307	6	50	15283.170	15.283170	False	1	0.5
pro_lifelong	308	1	50	13463.312	13.463312	False	1	0.133
pro_lifelong	308	2	50	21528.017	21.528017	False	1	0.471
pro_lifelong	308	3	50	2590.021	2.590021	False	1	0.133
pro_lifelong	308	4	50	11711.543	11.711543	False	1	0.133
pro_lifelong	308	5	50	24247.141	24.247141	False	1	0.411
pro_lifelong	308	6	50	13482.587	13.482587	False	1	0.133
pro_lifelong	308	7	50	25831.156	25.831156	False	1	0.397
pro_lifelong	309	1	50	11878.902	11.878902	False	1	0.133
pro_lifelong	309	2	50	30011.569	30.011569	True	1	0.796
pro_lifelong	310	1	50	11635.066	11.635066	False	1	0.133
pro_lifelong	310	2	50	2179.211	2.179211	False	1	0.133
pro_lifelong	310	3	50	1966.201	1.966201	False	1	0.133
pro_lifelong	310	4	50	12634.784	12.634784	False	1	0.133
pro_lifelong	311	1	50	2984.362	2.984362	False	1	0.133
pro_lifelong	311	2	50	2738.379	2.738379	False	1	0.133
pro_lifelong	311	3	50	8686.559	8.686559	False	1	0.133
pro_lifelong	311	4	50	16395.766	16.395766	False	1	0.387
pro_lifelong	311	5	50	13841.948	13.841948	False	1	0.133
pro_lifelong	311	6	50	19007.571	19.007571	True	1	0.786
pro_lifelong	312	1	50	14896.288	14.896288	False	1	0.133
pro_lifelong	312	2	50	13598.134	13.598134	False	1	0.133
pro_lifelong	312	3	50	16101.694	16.101694	False	1	0.133
pro_lifelong	312	4	50	17588.718	17.588718	False	1	0.133
pro_lifelong	313	1	50	15304.187	15.304187	False	1	0.408
pro_lifelong	313	2	50	14335.428	14.335428	False	1	0.433
pro_lifelong	313	3	50	19912.609	19.912609	False	1	0.429
pro_lifelong	313	4	50	16055.238	16.055238	False	1	0.133
pro_lifelong	313	5	50	11452.570	11.452570	False	1	0.133
pro_lifelong	313	6	50	13933.474	13.933474	False	1	0.415
pro_lifelong	313	7	50	13771.258	13.771258	False	1	0.133
pro_lifelong	314	1	50	20443.729	20.443729	False	1	0.424
pro_lifelong	314	2	50	4782.759	4.782759	False	1	0.133
pro_lifelong	314	3	50	18779.041	18.779041	False	1	0.423
pro_lifelong	314	4	50	16215.639	16.215639	False	1	0.414
pro_lifelong	314	5	50	14608.379	14.608379	False	1	0.133
pro_lifelong	314	6	50	10678.960	10.678960	False	1	0.133
pro_lifelong	315	1	50	20277.453	20.277453	False	1	0.397
pro_lifelong	315	2	50	9885.608	9.885608	False	1	0.382
pro_lifelong	315	3	50	2650.074	2.650074	False	1	0.382
pro_lifelong	315	4	50	8812.075	8.812075	False	1	0.382
pro_lifelong	315	5	50	9931.384	9.931384	False	1	0.382
pro_lifelong	315	6	50	15705.177	15.705177	False	1	0.382
pro_lifelong	316	1	50	19644.449	19.644449	False	1	0.414
pro_lifelong	316	2	50	10840.580	10.840580	False	1	0.414
pro_lifelong	316	3	50	22929.777	22.929777	False	1	0.459
pro_lifelong	316	4	50	28390.607	28.390607	False	1	0.397
pro_lifelong	316	5	50	19428.804	19.428804	False	1	0.356
pro_lifelong	316	6	50	4546.773	4.546773	False	1	0.414
pro_lifelong	316	7	50	2261.004	2.261004	False	1	0.414
pro_lifelong	316	8	50	2224.511	2.224511	False	1	0.414
pro_lifelong	317	1	50	18565.375	18.565375	False	1	0.381
pro_lifelong	317	2	50	12892.948	12.892948	False	1	0.133
pro_lifelong	317	3	50	18848.118	18.848118	False	1	0.391
pro_lifelong	317	4	50	18775.020	18.775020	False	1	0.389
pro_lifelong	317	5	50	16007.072	16.007072	False	1	0.133
pro_lifelong	317	6	50	2331.182	2.331182	False	1	0.133
pro_lifelong	318	1	50	16455.348	16.455348	False	1	0.426
pro_lifelong	318	2	50	14324.375	14.324375	True	1	0.804
pro_lifelong	319	1	50	20704.665	20.704665	False	1	0.433
pro_lifelong	319	2	50	13279.192	13.279192	False	1	0.133
pro_lifelong	319	3	50	27459.452	27.459452	False	1	0.483
pro_lifelong	319	4	50	21337.049	21.337049	False	1	0.418
pro_lifelong	319	5	50	3065.086	3.065086	False	1	0.133
pro_lifelong	319	6	50	13682.538	13.682538	False	1	0.133
pro_lifelong	319	7	50	19773.227	19.773227	False	1	0.429
pro_lifelong	319	8	50	21213.330	21.213330	False	1	0.415
pro_lifelong	320	1	50	5028.127	5.028127	False	1	0.133
pro_lifelong	320	2	50	14702.860	14.702860	True	1	0.766
pro_lifelong	321	1	50	18579.700	18.579700	False	1	0.133
pro_lifelong	321	2	50	17766.907	17.766907	False	1	0.455
pro_lifelong	321	3	50	20758.304	20.758304	False	1	0.459
pro_lifelong	321	4	50	20597.748	20.597748	False	1	0.455
pro_lifelong	321	5	50	9988.303	9.988303	False	1	0.133
pro_lifelong	321	6	50	21947.644	21.947644	False	1	0.42
pro_lifelong	321	7	50	10902.813	10.902813	False	1	0.133
pro_lifelong	322	1	50	15288.717	15.288717	False	1	0.406
pro_lifelong	322	2	50	20469.271	20.469271	False	1	0.397
pro_lifelong	322	3	50	22330.529	22.330529	False	1	0.467
pro_lifelong	322	4	50	29266.883	29.266883	False	1	0.4
pro_lifelong	322	5	50	22077.143	22.077143	False	1	0.42
pro_lifelong	322	6	50	13022.505	13.022505	False	1	0.133
pro_lifelong	322	7	50	19195.332	19.195332	False	1	0.42
pro_lifelong	322	8	50	18073.570	18.073570	False	1	0.415
pro_lifelong	323	1	50	5951.570	5.951570	True	1	0.686
pro_lifelong	324	1	50	25047.588	25.047588	False	1	0.407
pro_lifelong	324	2	50	22257.241	22.257241	False	1	0.377
pro_lifelong	324	3	50	22101.114	22.101114	False	1	0.412
pro_lifelong	324	4	50	13154.533	13.154533	False	1	0.133
pro_lifelong	324	5	50	18157.930	18.157930	False	1	0.44
pro_lifelong	324	6	50	10689.309	10.689309	False	1	0.133
pro_lifelong	324	7	50	26292.071	26.292071	False	1	0.395
pro_lifelong	324	8	50	2589.022	2.589022	False	1	0.133
pro_lifelong	324	9	50	2649.492	2.649492	False	1	0.133
pro_lifelong	324	10	50	3204.702	3.204702	False	1	0.133
pro_lifelong	325	1	50	35495.218	35.495218	True	1	0.804
pro_lifelong	326	1	50	19975.908	19.975908	False	1	0.461
pro_lifelong	326	2	50	10616.514	10.616514	True	1	0.757
pro_lifelong	327	1	50	12884.128	12.884128	False	1	0.488
pro_lifelong	327	2	50	12117.965	12.117965	False	1	0.133
pro_lifelong	327	3	50	4949.859	4.949859	False	1	0.133
pro_lifelong	327	4	50	3675.616	3.675616	False	1	0.133
pro_lifelong	327	5	50	14375.064	14.375064	False	1	0.333
pro_lifelong	327	6	50	2602.348	2.602348	False	1	0.133
pro_lifelong	328	1	50	15162.121	15.162121	False	1	0.393
pro_lifelong	328	2	50	7305.934	7.305934	False	1	0.415
pro_lifelong	328	3	50	12944.045	12.944045	False	1	0.379
pro_lifelong	328	4	50	18400.360	18.400360	False	1	0.44
pro_lifelong	328	5	50	2737.288	2.737288	False	1	0.415
pro_lifelong	328	6	50	21472.126	21.472126	False	1	0.421
pro_lifelong	328	7	50	9877.780	9.877780	False	1	0.415
pro_lifelong	328	8	50	7704.871	7.704871	False	1	0.415
pro_lifelong	328	9	50	13506.622	13.506622	False	1	0.133
pro_lifelong	329	1	50	19770.773	19.770773	False	1	0.322
pro_lifelong	329	2	50	3888.506	3.888506	False	1	0.133
pro_lifelong	329	3	50	11678.902	11.678902	False	1	0.384
pro_lifelong	329	4	50	16687.138	16.687138	False	1	0.42
pro_lifelong	329	5	50	18129.880	18.129880	True	1	0.721
pro_lifelong	330	1	50	15480.375	15.480375	False	1	0.458
pro_lifelong	330	2	50	8103.772	8.103772	False	1	0.461
pro_lifelong	330	3	50	10919.673	10.919673	False	1	0.461
pro_lifelong	330	4	50	3908.151	3.908151	False	1	0.461
pro_lifelong	330	5	50	18450.356	18.450356	False	1	0.449
pro_lifelong	330	6	50	9329.714	9.329714	False	1	0.133
pro_lifelong	331	1	50	26293.958	26.293958	False	1	0.441
pro_lifelong	331	2	50	20404.347	20.404347	False	1	0.133
pro_lifelong	331	3	50	22749.040	22.749040	False	1	0.431
pro_lifelong	331	4	50	22852.492	22.852492	False	1	0.416
pro_lifelong	331	5	50	4165.059	4.165059	False	1	0.133
pro_lifelong	331	6	50	11847.067	11.847067	False	1	0.133
pro_lifelong	332	1	50	19948.663	19.948663	False	1	0.472
pro_lifelong	332	2	50	20227.777	20.227777	False	1	0.435
pro_lifelong	332	3	50	3434.095	3.434095	False	1	0.133
pro_lifelong	332	4	50	17753.229	17.753229	False	1	0.365
pro_lifelong	332	5	50	13710.604	13.710604	False	1	0.447
pro_lifelong	332	6	50	9734.026	9.734026	False	1	0.133
pro_lifelong	333	1	50	13870.888	13.870888	False	1	0.5
pro_lifelong	333	2	50	17174.070	17.174070	False	1	0.471
pro_lifelong	333	3	50	13161.328	13.161328	False	1	0.133
pro_lifelong	333	4	50	12785.974	12.785974	False	1	0.133
pro_lifelong	333	5	50	16973.990	16.973990	False	1	0.383
pro_lifelong	333	6	50	13864.527	13.864527	False	1	0.514
pro_lifelong	333	7	50	2237.491	2.237491	False	1	0.133
pro_lifelong	333	8	50	12705.686	12.705686	False	1	0.133
pro_lifelong	333	9	50	2240.018	2.240018	False	1	0.133
pro_lifelong	333	10	50	2477.797	2.477797	False	1	0.133
pro_lifelong	334	1	50	14948.296	14.948296	False	1	0.133
pro_lifelong	334	2	50	17492.974	17.492974	False	1	0.493
pro_lifelong	334	3	50	12657.304	12.657304	False	1	0.133
pro_lifelong	334	4	50	14816.932	14.816932	False	1	0.432
pro_lifelong	334	5	50	24493.375	24.493375	False	1	0.422
pro_lifelong	334	6	50	14578.459	14.578459	False	1	0.133
pro_lifelong	334	7	50	13603.025	13.603025	False	1	0.133
pro_lifelong	335	1	50	16687.495	16.687495	False	1	0.521
pro_lifelong	335	2	50	16579.330	16.579330	False	1	0.512
pro_lifelong	335	3	50	14611.001	14.611001	False	1	0.133
pro_lifelong	335	4	50	3826.225	3.826225	False	1	0.133
pro_lifelong	335	5	50	13609.463	13.609463	False	1	0.133
pro_lifelong	335	6	50	2866.399	2.866399	False	1	0.133
pro_lifelong	336	1	50	16104.137	16.104137	False	1	0.537
pro_lifelong	336	2	50	1997.869	1.997869	False	1	0.537
pro_lifelong	336	3	50	12397.600	12.397600	False	1	0.133
pro_lifelong	336	4	50	11107.471	11.107471	False	1	0.537
pro_lifelong	336	5	50	16233.519	16.233519	False	1	0.477
pro_lifelong	336	6	50	11483.359	11.483359	False	1	0.133
pro_lifelong	337	1	50	5658.408	5.658408	False	1	0.133
pro_lifelong	337	2	50	15001.157	15.001157	False	1	0.133
pro_lifelong	337	3	50	15032.970	15.032970	False	1	0.133
pro_lifelong	337	4	50	11956.016	11.956016	False	1	0.133
pro_lifelong	338	1	50	14777.965	14.777965	False	1	0.416
pro_lifelong	338	2	50	17871.663	17.871663	False	1	0.133
pro_lifelong	338	3	50	14191.875	14.191875	False	1	0.394
pro_lifelong	338	4	50	4866.838	4.866838	False	1	0.133
pro_lifelong	338	5	50	12661.151	12.661151	False	1	0.133
pro_lifelong	338	6	50	3127.984	3.127984	False	1	0.133
pro_lifelong	339	1	50	16095.409	16.095409	False	1	0.387
pro_lifelong	339	2	50	15080.873	15.080873	False	1	0.133
pro_lifelong	339	3	50	14553.796	14.553796	False	1	0.133
pro_lifelong	339	4	50	4063.981	4.063981	False	1	0.133
pro_lifelong	339	5	50	12563.401	12.563401	False	1	0.133
pro_lifelong	340	1	50	20099.752	20.099752	False	1	0.365
pro_lifelong	340	2	50	10779.090	10.779090	False	1	0.133
pro_lifelong	340	3	50	16919.660	16.919660	False	1	0.437
pro_lifelong	340	4	50	4322.565	4.322565	False	1	0.133
pro_lifelong	340	5	50	3180.898	3.180898	False	1	0.133
pro_lifelong	340	6	50	7427.687	7.427687	False	1	0.499
pro_lifelong	340	7	50	11242.564	11.242564	False	1	0.133
pro_lifelong	340	8	50	11058.529	11.058529	False	1	0.133
pro_lifelong	340	9	50	26606.310	26.606310	False	1	0.133
pro_lifelong	340	10	50	3937.107	3.937107	False	1	0.133
pro_lifelong	341	1	50	15963.993	15.963993	False	1	0.419
pro_lifelong	341	2	50	19394.060	19.394060	False	1	0.455
pro_lifelong	341	3	50	14893.618	14.893618	False	1	0.447
pro_lifelong	341	4	50	16807.459	16.807459	False	1	0.373
pro_lifelong	341	5	50	4965.270	4.965270	True	1	0.813
pro_lifelong	342	1	50	17516.272	17.516272	True	1	0.767
pro_lifelong	343	1	50	19109.147	19.109147	False	1	0.133
pro_lifelong	343	2	50	10727.838	10.727838	False	1	0.463
pro_lifelong	343	3	50	17659.448	17.659448	False	1	0.492
pro_lifelong	343	4	50	16399.287	16.399287	False	1	0.411
pro_lifelong	343	5	50	11045.925	11.045925	False	1	0.133
pro_lifelong	343	6	50	10939.760	10.939760	False	1	0.133
pro_lifelong	343	7	50	22308.949	22.308949	False	1	0.512
pro_lifelong	343	8	50	16469.639	16.469639	False	1	0.453
pro_lifelong	343	9	50	2739.902	2.739902	False	1	0.133
pro_lifelong	343	10	50	13181.143	13.181143	False	1	0.133
pro_lifelong	343	11	50	2128.216	2.128216	False	1	0.133
pro_lifelong	343	12	50	19604.024	19.604024	False	1	0.133
pro_lifelong	344	1	50	16432.995	16.432995	False	1	0.492
pro_lifelong	344	2	50	15081.233	15.081233	False	1	0.492
pro_lifelong	344	3	50	21910.905	21.910905	False	1	0.487
pro_lifelong	344	4	50	11666.935	11.666935	False	1	0.492
pro_lifelong	344	5	50	14694.409	14.694409	False	1	0.507
pro_lifelong	344	6	50	10659.200	10.659200	False	1	0.492
pro_lifelong	344	7	50	15279.062	15.279062	False	1	0.46
pro_lifelong	344	8	50	14069.375	14.069375	False	1	0.133
pro_lifelong	344	9	50	9879.850	9.879850	False	1	0.492
pro_lifelong	344	10	50	19481.422	19.481422	False	1	0.423
pro_lifelong	345	1	50	14585.827	14.585827	False	1	0.133
pro_lifelong	345	2	50	13510.638	13.510638	False	1	0.406
pro_lifelong	345	3	50	15188.497	15.188497	False	1	0.133
pro_lifelong	345	4	50	2899.967	2.899967	False	1	0.133
pro_lifelong	345	5	50	4458.807	4.458807	False	1	0.133
pro_lifelong	345	6	50	18115.295	18.115295	False	1	0.478
pro_lifelong	345	7	50	8842.547	8.842547	False	1	0.133
pro_lifelong	345	8	50	13820.741	13.820741	False	1	0.133
pro_lifelong	345	9	50	10593.864	10.593864	False	1	0.133
pro_lifelong	345	10	50	7486.012	7.486012	False	1	0.133
pro_lifelong	346	1	50	28166.742	28.166742	False	1	0.514
pro_lifelong	346	2	50	13924.719	13.924719	False	1	0.133
pro_lifelong	346	3	50	16660.208	16.660208	False	1	0.448
pro_lifelong	346	4	50	17950.192	17.950192	False	1	0.452
pro_lifelong	346	5	50	10107.887	10.107887	False	1	0.133
pro_lifelong	346	6	50	16651.888	16.651888	False	1	0.468
pro_lifelong	347	1	50	15922.709	15.922709	False	1	0.574
pro_lifelong	347	2	50	11700.530	11.700530	False	1	0.133
pro_lifelong	347	3	50	16356.883	16.356883	False	1	0.592
pro_lifelong	347	4	50	14698.438	14.698438	False	1	0.511
pro_lifelong	347	5	50	13523.559	13.523559	False	1	0.133
pro_lifelong	347	6	50	16835.684	16.835684	False	1	0.613
pro_lifelong	347	7	50	4946.074	4.946074	False	1	0.133
pro_lifelong	347	8	50	10747.403	10.747403	False	1	0.133
pro_lifelong	347	9	50	12723.007	12.723007	False	1	0.133
pro_lifelong	347	10	50	19415.649	19.415649	False	1	0.476
pro_lifelong	347	11	50	15973.379	15.973379	False	1	0.599
pro_lifelong	348	1	50	3068.426	3.068426	False	1	0.133
pro_lifelong	348	2	50	14262.782	14.262782	False	1	0.133
pro_lifelong	348	3	50	20903.363	20.903363	False	1	0.133
pro_lifelong	348	4	50	15563.167	15.563167	False	1	0.521
pro_lifelong	348	5	50	12476.815	12.476815	False	1	0.133
pro_lifelong	348	6	50	16637.993	16.637993	False	1	0.133
pro_lifelong	348	7	50	2637.175	2.637175	False	1	0.133
pro_lifelong	348	8	50	18988.553	18.988553	False	1	0.506
pro_lifelong	348	9	50	12118.427	12.118427	False	1	0.133
pro_lifelong	349	1	50	3698.522	3.698522	False	1	0.133
pro_lifelong	349	2	50	13806.079	13.806079	False	1	0.133
pro_lifelong	349	3	50	18154.947	18.154947	False	1	0.449
pro_lifelong	349	4	50	11862.988	11.862988	False	1	0.133
pro_lifelong	349	5	50	16063.570	16.063570	False	1	0.133
pro_lifelong	349	6	50	2723.525	2.723525	False	1	0.133
pro_lifelong	349	7	50	2457.945	2.457945	False	1	0.133
pro_lifelong	350	1	50	10321.683	10.321683	False	1	0.499
pro_lifelong	350	2	50	16875.913	16.875913	False	1	0.489
pro_lifelong	350	3	50	16743.824	16.743824	False	1	0.484
pro_lifelong	350	4	50	3988.560	3.988560	False	1	0.133
pro_lifelong	350	5	50	17247.632	17.247632	False	1	0.468
pro_lifelong	350	6	50	2911.553	2.911553	False	1	0.133
pro_lifelong	351	1	50	16522.115	16.522115	False	1	0.327
pro_lifelong	351	2	50	2137.258	2.137258	False	1	0.327
pro_lifelong	351	3	50	20246.777	20.246777	False	1	0.422
pro_lifelong	351	4	50	18750.971	18.750971	False	1	0.452
pro_lifelong	351	5	50	16878.636	16.878636	False	1	0.448
pro_lifelong	351	6	50	14444.032	14.444032	False	1	0.133
pro_lifelong	351	7	50	21246.283	21.246283	False	1	0.43
pro_lifelong	351	8	50	15485.817	15.485817	False	1	0.353
pro_lifelong	351	9	50	9520.248	9.520248	False	1	0.327
pro_lifelong	352	1	50	13698.136	13.698136	True	1	0.835
pro_lifelong	353	1	50	10217.541	10.217541	False	1	0.133
pro_lifelong	353	2	50	25242.505	25.242505	True	1	0.866
pro_lifelong	354	1	50	19163.758	19.163758	False	1	0.456
pro_lifelong	354	2	50	20666.808	20.666808	False	1	0.469
pro_lifelong	354	3	50	17148.430	17.148430	False	1	0.31
pro_lifelong	354	4	50	14063.980	14.063980	False	1	0.133
pro_lifelong	354	5	50	13915.135	13.915135	False	1	0.464
pro_lifelong	354	6	50	16078.271	16.078271	False	1	0.464
pro_lifelong	354	7	50	4622.278	4.622278	False	1	0.464
pro_lifelong	355	1	50	18049.126	18.049126	False	1	0.596
pro_lifelong	355	2	50	18764.415	18.764415	False	1	0.524
pro_lifelong	355	3	50	16568.144	16.568144	False	1	0.558
pro_lifelong	355	4	50	13650.757	13.650757	False	1	0.401
pro_lifelong	355	5	50	13692.398	13.692398	False	1	0.133
pro_lifelong	355	6	50	10909.802	10.909802	False	1	0.133
pro_lifelong	356	1	50	4083.652	4.083652	False	1	0.133
pro_lifelong	356	2	50	2292.880	2.292880	False	1	0.133
pro_lifelong	356	3	50	15645.382	15.645382	False	1	0.418
pro_lifelong	356	4	50	18742.393	18.742393	False	1	0.422
pro_lifelong	356	5	50	3165.049	3.165049	False	1	0.133
pro_lifelong	356	6	50	2208.760	2.208760	False	1	0.133
pro_lifelong	356	7	50	2608.394	2.608394	False	1	0.133
pro_lifelong	356	8	50	13952.718	13.952718	False	1	0.133
pro_lifelong	357	1	50	8389.741	8.389741	False	1	0.422
pro_lifelong	357	2	50	15389.328	15.389328	False	1	0.422
pro_lifelong	357	3	50	13747.595	13.747595	False	1	0.381
pro_lifelong	357	4	50	19362.785	19.362785	False	1	0.399
pro_lifelong	357	5	50	18948.663	18.948663	False	1	0.365
pro_lifelong	357	6	50	18818.990	18.818990	False	1	0.412
pro_lifelong	358	1	50	15754.052	15.754052	False	1	0.351
pro_lifelong	358	2	50	15582.953	15.582953	False	1	0.419
pro_lifelong	358	3	50	19715.308	19.715308	False	1	0.403
pro_lifelong	358	4	50	8723.164	8.723164	False	1	0.408
pro_lifelong	358	5	50	23427.765	23.427765	False	1	0.408
pro_lifelong	358	6	50	2574.632	2.574632	False	1	0.408
pro_lifelong	358	7	50	2490.824	2.490824	False	1	0.408
pro_lifelong	359	1	50	2833.032	2.833032	False	1	0.133
pro_lifelong	359	2	50	15248.973	15.248973	False	1	0.488
pro_lifelong	359	3	50	24919.317	24.919317	False	1	0.469
pro_lifelong	359	4	50	15121.885	15.121885	False	1	0.443
pro_lifelong	359	5	50	11059.038	11.059038	False	1	0.133
pro_lifelong	359	6	50	2442.521	2.442521	False	1	0.133
pro_lifelong	359	7	50	14323.952	14.323952	False	1	0.495
pro_lifelong	360	1	50	17996.244	17.996244	False	1	0.441
pro_lifelong	360	2	50	7676.835	7.676835	False	1	0.418
pro_lifelong	360	3	50	20380.950	20.380950	False	1	0.454
pro_lifelong	360	4	50	17339.885	17.339885	False	1	0.133
pro_lifelong	360	5	50	19710.001	19.710001	False	1	0.43
pro_lifelong	360	6	50	16314.933	16.314933	False	1	0.449
pro_lifelong	360	7	50	27044.384	27.044384	False	1	0.51
pro_lifelong	360	8	50	15797.391	15.797391	False	1	0.426
pro_lifelong	360	9	50	22987.499	22.987499	False	1	0.46
pro_lifelong	360	10	50	18035.523	18.035523	False	1	0.467
pro_lifelong	360	11	50	14186.596	14.186596	False	1	0.471
pro_lifelong	360	12	50	18218.504	18.218504	False	1	0.429
pro_lifelong	361	1	50	19165.373	19.165373	False	1	0.451
pro_lifelong	361	2	50	12709.656	12.709656	False	1	0.133
pro_lifelong	361	3	50	18527.824	18.527824	False	1	0.41
pro_lifelong	361	4	50	17401.159	17.401159	False	1	0.407
pro_lifelong	361	5	50	15634.424	15.634424	False	1	0.425
pro_lifelong	361	6	50	2571.391	2.571391	False	1	0.425
pro_lifelong	362	1	50	13934.838	13.934838	False	1	0.477
pro_lifelong	362	2	50	2758.459	2.758459	False	1	0.133
pro_lifelong	362	3	50	20980.829	20.980829	False	1	0.422
pro_lifelong	362	4	50	16847.904	16.847904	False	1	0.133
pro_lifelong	362	5	50	2248.262	2.248262	False	1	0.133
pro_lifelong	362	6	50	2054.731	2.054731	False	1	0.133
pro_lifelong	363	1	50	16411.999	16.411999	False	1	0.444
pro_lifelong	363	2	50	16795.165	16.795165	False	1	0.437
pro_lifelong	363	3	50	16826.304	16.826304	False	1	0.484
pro_lifelong	363	4	50	11415.661	11.415661	False	1	0.133
pro_lifelong	363	5	50	18637.316	18.637316	False	1	0.461
pro_lifelong	363	6	50	24266.630	24.266630	False	1	0.466
pro_lifelong	363	7	50	17664.981	17.664981	False	1	0.419
pro_lifelong	363	8	50	4335.571	4.335571	False	1	0.133
pro_lifelong	364	1	50	12270.099	12.270099	False	1	0.133
pro_lifelong	364	2	50	17557.812	17.557812	False	1	0.483
pro_lifelong	364	3	50	16539.581	16.539581	False	1	0.471
pro_lifelong	364	4	50	2710.591	2.710591	False	1	0.133
pro_lifelong	364	5	50	13096.987	13.096987	False	1	0.499
pro_lifelong	364	6	50	20571.551	20.571551	False	1	0.459
pro_lifelong	364	7	50	11535.316	11.535316	False	1	0.133
pro_lifelong	364	8	50	2107.420	2.107420	False	1	0.133
pro_lifelong	364	9	50	12312.835	12.312835	False	1	0.133
pro_lifelong	364	10	50	2777.127	2.777127	False	1	0.133
pro_lifelong	365	1	50	25004.051	25.004051	False	1	0.365
pro_lifelong	365	2	50	20175.026	20.175026	False	1	0.405
pro_lifelong	365	3	50	22725.547	22.725547	False	1	0.425
pro_lifelong	365	4	50	12775.921	12.775921	False	1	0.133
pro_lifelong	365	5	50	17040.361	17.040361	False	1	0.422
pro_lifelong	365	6	50	17642.134	17.642134	False	1	0.401
pro_lifelong	365	7	50	16367.514	16.367514	False	1	0.403
pro_lifelong	365	8	50	19066.781	19.066781	False	1	0.329
pro_lifelong	366	1	50	18238.659	18.238659	False	1	0.449
pro_lifelong	366	2	50	13564.631	13.564631	True	1	0.915
pro_lifelong	367	1	50	15193.575	15.193575	False	1	0.474
pro_lifelong	367	2	50	17962.964	17.962964	False	1	0.462
pro_lifelong	367	3	50	7910.689	7.910689	False	1	0.499
pro_lifelong	367	4	50	3041.277	3.041277	False	1	0.133
pro_lifelong	367	5	50	19125.066	19.125066	False	1	0.389
pro_lifelong	367	6	50	3672.753	3.672753	False	1	0.133
pro_lifelong	367	7	50	16135.714	16.135714	False	1	0.453
pro_lifelong	367	8	50	10266.304	10.266304	False	1	0.133
pro_lifelong	368	1	50	34770.065	34.770065	True	1	0.925
pro_lifelong	369	1	50	9514.200	9.514200	False	1	0.593
pro_lifelong	369	2	50	15392.836	15.392836	False	1	0.596
pro_lifelong	369	3	50	3005.107	3.005107	False	1	0.593
pro_lifelong	369	4	50	9316.575	9.316575	False	1	0.133
pro_lifelong	369	5	50	4216.417	4.216417	False	1	0.593
pro_lifelong	369	6	50	3554.679	3.554679	False	1	0.593
pro_lifelong	370	1	50	18214.873	18.214873	False	1	0.412
pro_lifelong	370	2	50	15536.949	15.536949	False	1	0.133
pro_lifelong	370	3	50	8463.082	8.463082	False	1	0.419
pro_lifelong	370	4	50	22988.096	22.988096	False	1	0.422
pro_lifelong	370	5	50	3042.897	3.042897	False	1	0.419
pro_lifelong	370	6	50	2795.243	2.795243	False	1	0.419
pro_lifelong	370	7	50	4080.441	4.080441	False	1	0.419
pro_lifelong	370	8	50	3596.747	3.596747	False	1	0.419
pro_lifelong	370	9	50	18809.014	18.809014	False	1	0.474
pro_lifelong	370	10	50	18777.996	18.777996	False	1	0.43
pro_lifelong	370	11	50	14683.046	14.683046	False	1	0.419
pro_lifelong	370	12	50	16424.429	16.424429	False	1	0.473
pro_lifelong	370	13	50	4724.651	4.724651	False	1	0.419
pro_lifelong	370	14	50	16457.442	16.457442	False	1	0.45
pro_lifelong	371	1	50	11528.782	11.528782	False	1	0.133
pro_lifelong	371	2	50	11250.925	11.250925	False	1	0.133
pro_lifelong	371	3	50	12564.071	12.564071	False	1	0.133
pro_lifelong	371	4	50	7893.300	7.893300	False	1	0.133
pro_lifelong	372	1	50	2889.368	2.889368	False	1	0.133
pro_lifelong	372	2	50	14482.486	14.482486	False	1	0.133
pro_lifelong	372	3	50	15359.097	15.359097	False	1	0.133
pro_lifelong	372	4	50	1841.815	1.841815	False	1	0.133
pro_lifelong	373	1	50	17741.189	17.741189	False	1	0.473
pro_lifelong	373	2	50	9029.029	9.029029	False	1	0.409
pro_lifelong	373	3	50	13224.407	13.224407	False	1	0.133
pro_lifelong	373	4	50	2693.775	2.693775	False	1	0.409
pro_lifelong	373	5	50	12292.602	12.292602	True	1	0.752
pro_lifelong	374	1	50	30371.274	30.371274	False	1	0.4
pro_lifelong	374	2	50	26915.117	26.915117	False	1	0.406
pro_lifelong	374	3	50	5491.407	5.491407	False	1	0.133
pro_lifelong	374	4	50	11593.029	11.593029	False	1	0.133
pro_lifelong	374	5	50	13171.668	13.171668	False	1	0.463
pro_lifelong	374	6	50	2297.367	2.297367	False	1	0.133
pro_lifelong	374	7	50	22067.167	22.067167	False	1	0.371
pro_lifelong	374	8	50	18924.327	18.924327	False	1	0.463
pro_lifelong	374	9	50	3832.897	3.832897	False	1	0.133
pro_lifelong	374	10	50	8705.101	8.705101	False	1	0.499
pro_lifelong	374	11	50	19306.132	19.306132	False	1	0.485
pro_lifelong	374	12	50	18510.722	18.510722	False	1	0.386
pro_lifelong	374	13	50	28710.744	28.710744	False	1	0.488
pro_lifelong	374	14	50	4251.468	4.251468	False	1	0.133
pro_lifelong	374	15	50	15840.818	15.840818	False	1	0.463
pro_lifelong	375	1	50	19106.302	19.106302	False	1	0.434
pro_lifelong	375	2	50	15602.859	15.602859	False	1	0.434
pro_lifelong	375	3	50	21283.817	21.283817	False	1	0.437
pro_lifelong	375	4	50	24416.629	24.416629	True	1	0.743
pro_lifelong	376	1	50	9681.179	9.681179	False	1	0.425
pro_lifelong	376	2	50	14887.809	14.887809	False	1	0.425
pro_lifelong	376	3	50	15357.058	15.357058	False	1	0.425
pro_lifelong	376	4	50	19584.002	19.584002	True	1	0.806
pro_lifelong	377	1	50	21804.363	21.804363	False	1	0.409
pro_lifelong	377	2	50	2490.752	2.490752	False	1	0.425
pro_lifelong	377	3	50	23557.620	23.557620	False	1	0.447
pro_lifelong	377	4	50	2389.157	2.389157	False	1	0.425
pro_lifelong	377	5	50	24666.525	24.666525	False	1	0.426
pro_lifelong	377	6	50	22565.784	22.565784	False	1	0.382
pro_lifelong	377	7	50	33095.854	33.095854	False	1	0.387
pro_lifelong	377	8	50	15023.074	15.023074	False	1	0.33
pro_lifelong	378	1	50	13414.736	13.414736	False	1	0.443
pro_lifelong	378	2	50	22075.453	22.075453	False	1	0.418
pro_lifelong	378	3	50	22634.453	22.634453	False	1	0.375
pro_lifelong	378	4	50	23366.643	23.366643	False	1	0.418
pro_lifelong	378	5	50	20159.239	20.159239	False	1	0.426
pro_lifelong	378	6	50	7199.786	7.199786	False	1	0.428
pro_lifelong	379	1	50	6976.473	6.976473	False	1	0.341
pro_lifelong	379	2	50	2694.903	2.694903	False	1	0.341
pro_lifelong	379	3	50	1940.724	1.940724	False	1	0.341
pro_lifelong	379	4	50	2748.671	2.748671	False	1	0.341
pro_lifelong	379	5	50	4482.041	4.482041	False	1	0.341
pro_lifelong	379	6	50	2257.751	2.257751	False	1	0.341
pro_lifelong	380	1	50	7662.142	7.662142	False	1	0.337
pro_lifelong	380	2	50	21494.822	21.494822	False	1	0.387
pro_lifelong	380	3	50	18581.226	18.581226	True	1	0.58
pro_lifelong	381	1	50	11405.076	11.405076	False	1	0.133
pro_lifelong	381	2	50	14979.386	14.979386	True	1	0.684
pro_lifelong	382	1	50	15702.006	15.702006	False	1	0.372
pro_lifelong	382	2	50	14450.639	14.450639	True	1	0.681
pro_lifelong	383	1	50	2942.306	2.942306	False	1	0.133
pro_lifelong	383	2	50	2078.245	2.078245	False	1	0.133
pro_lifelong	383	3	50	19475.407	19.475407	False	1	0.454
pro_lifelong	383	4	50	19499.563	19.499563	False	1	0.433
pro_lifelong	383	5	50	18563.461	18.563461	False	1	0.399
pro_lifelong	383	6	50	13917.027	13.917027	False	1	0.133
pro_lifelong	383	7	50	12180.679	12.180679	False	1	0.133
pro_lifelong	383	8	50	14305.591	14.305591	False	1	0.133
pro_lifelong	384	1	50	16486.662	16.486662	False	1	0.454
pro_lifelong	384	2	50	6181.144	6.181144	True	1	0.66
pro_lifelong	385	1	50	9801.570	9.801570	False	1	0.133
pro_lifelong	385	2	50	2448.004	2.448004	False	1	0.133
pro_lifelong	385	3	50	2404.717	2.404717	False	1	0.133
pro_lifelong	385	4	50	27307.916	27.307916	False	1	0.133
pro_lifelong	386	1	50	23554.234	23.554234	False	1	0.429
pro_lifelong	386	2	50	17316.818	17.316818	False	1	0.523
pro_lifelong	386	3	50	27126.560	27.126560	False	1	0.517
pro_lifelong	386	4	50	18981.735	18.981735	False	1	0.536
pro_lifelong	386	5	50	13006.871	13.006871	False	1	0.133
pro_lifelong	386	6	50	21260.902	21.260902	False	1	0.496
pro_lifelong	386	7	50	13601.484	13.601484	False	1	0.133
pro_lifelong	386	8	50	12300.434	12.300434	False	1	0.133
pro_lifelong	386	9	50	15304.408	15.304408	True	1	0.847
pro_lifelong	387	1	50	24395.978	24.395978	False	1	0.453
pro_lifelong	387	2	50	3254.446	3.254446	False	1	0.133
pro_lifelong	387	3	50	12439.026	12.439026	False	1	0.133
pro_lifelong	387	4	50	2042.905	2.042905	False	1	0.133
pro_lifelong	387	5	50	2524.853	2.524853	False	1	0.133
pro_lifelong	388	1	50	17100.070	17.100070	True	1	0.753
pro_lifelong	389	1	50	3029.058	3.029058	False	1	0.133
pro_lifelong	389	2	50	2671.183	2.671183	False	1	0.133
pro_lifelong	389	3	50	11448.883	11.448883	False	1	0.133
pro_lifelong	389	4	50	17805.539	17.805539	False	1	0.428
pro_lifelong	389	5	50	20140.277	20.140277	False	1	0.386
pro_lifelong	389	6	50	27294.235	27.294235	False	1	0.427
pro_lifelong	389	7	50	15902.106	15.902106	False	1	0.473
pro_lifelong	389	8	50	2954.404	2.954404	False	1	0.133
pro_lifelong	389	9	50	3517.442	3.517442	False	1	0.133
pro_lifelong	389	10	50	2200.131	2.200131	False	1	0.133
pro_lifelong	389	11	50	17675.850	17.675850	False	1	0.488
pro_lifelong	389	12	50	13702.248	13.702248	False	1	0.133
pro_lifelong	389	13	50	2440.474	2.440474	False	1	0.133
pro_lifelong	389	14	50	19476.762	19.476762	False	1	0.133
pro_lifelong	389	15	50	2571.597	2.571597	False	1	0.133
pro_lifelong	390	1	50	15852.423	15.852423	False	1	0.133
pro_lifelong	390	2	50	18361.065	18.361065	False	1	0.417
pro_lifelong	390	3	50	21935.994	21.935994	False	1	0.423
pro_lifelong	390	4	50	18327.997	18.327997	False	1	0.413
pro_lifelong	390	5	50	19349.703	19.349703	False	1	0.421
pro_lifelong	390	6	50	3399.305	3.399305	False	1	0.133
pro_lifelong	390	7	50	15821.311	15.821311	False	1	0.369
pro_lifelong	391	1	50	14873.961	14.873961	False	1	0.393
pro_lifelong	391	2	50	17216.535	17.216535	False	1	0.464
pro_lifelong	391	3	50	12032.245	12.032245	False	1	0.133
pro_lifelong	391	4	50	14832.239	14.832239	False	1	0.133
pro_lifelong	391	5	50	20682.561	20.682561	False	1	0.417
pro_lifelong	391	6	50	21301.172	21.301172	False	1	0.469
pro_lifelong	391	7	50	2216.487	2.216487	False	1	0.133
pro_lifelong	392	1	50	2050.369	2.050369	False	1	0.133
pro_lifelong	392	2	50	23905.446	23.905446	False	1	0.42
pro_lifelong	392	3	50	21198.503	21.198503	False	1	0.389
pro_lifelong	392	4	50	22332.144	22.332144	False	1	0.445
pro_lifelong	392	5	50	17039.859	17.039859	False	1	0.423
pro_lifelong	392	6	50	16955.878	16.955878	False	1	0.399
pro_lifelong	392	7	50	12143.223	12.143223	False	1	0.133
pro_lifelong	392	8	50	18658.744	18.658744	False	1	0.453
pro_lifelong	392	9	50	13687.577	13.687577	False	1	0.424
pro_lifelong	393	1	50	8871.707	8.871707	False	1	0.428
pro_lifelong	393	2	50	20676.525	20.676525	False	1	0.445
pro_lifelong	393	3	50	16080.025	16.080025	False	1	0.133
pro_lifelong	393	4	50	3410.338	3.410338	False	1	0.428
pro_lifelong	393	5	50	18259.827	18.259827	False	1	0.475
pro_lifelong	393	6	50	13087.861	13.087861	False	1	0.435
pro_lifelong	393	7	50	15537.436	15.537436	False	1	0.425
pro_lifelong	393	8	50	2649.892	2.649892	False	1	0.428
pro_lifelong	393	9	50	13014.293	13.014293	False	1	0.396
pro_lifelong	393	10	50	24952.424	24.952424	False	1	0.395
pro_lifelong	394	1	50	5513.460	5.513460	False	1	0.133
pro_lifelong	394	2	50	4607.333	4.607333	False	1	0.133
pro_lifelong	394	3	50	42860.900	42.860900	True	1	0.63
pro_lifelong	395	1	50	17071.052	17.071052	False	1	0.41
pro_lifelong	395	2	50	8040.212	8.040212	False	1	0.438
pro_lifelong	395	3	50	17978.245	17.978245	False	1	0.419
pro_lifelong	395	4	50	2835.637	2.835637	False	1	0.438
pro_lifelong	395	5	50	1751.087	1.751087	False	1	0.438
pro_lifelong	395	6	50	15136.392	15.136392	False	1	0.42
pro_lifelong	395	7	50	3501.666	3.501666	False	1	0.438
pro_lifelong	396	1	50	19030.809	19.030809	False	1	0.515
pro_lifelong	396	2	50	19677.882	19.677882	False	1	0.438
pro_lifelong	396	3	50	22845.938	22.845938	False	1	0.402
pro_lifelong	396	4	50	4920.739	4.920739	False	1	0.439
pro_lifelong	396	5	50	21324.005	21.324005	False	1	0.468
pro_lifelong	396	6	50	14928.755	14.928755	False	1	0.426
pro_lifelong	397	1	50	21963.348	21.963348	False	1	0.482
pro_lifelong	397	2	50	15047.427	15.047427	False	1	0.479
pro_lifelong	397	3	50	9995.106	9.995106	False	1	0.443
pro_lifelong	397	4	50	2455.439	2.455439	False	1	0.443
pro_lifelong	397	5	50	11299.161	11.299161	False	1	0.443
pro_lifelong	397	6	50	3238.541	3.238541	False	1	0.443
pro_lifelong	398	1	50	16742.748	16.742748	False	1	0.489
pro_lifelong	398	2	50	15612.543	15.612543	False	1	0.412
pro_lifelong	398	3	50	29888.366	29.888366	False	1	0.399
pro_lifelong	398	4	50	8091.266	8.091266	False	1	0.439
pro_lifelong	398	5	50	8847.457	8.847457	False	1	0.412
pro_lifelong	398	6	50	13660.595	13.660595	False	1	0.406
pro_lifelong	399	1	50	2946.005	2.946005	False	1	0.133
pro_lifelong	399	2	50	2912.363	2.912363	False	1	0.133
pro_lifelong	399	3	50	2206.415	2.206415	False	1	0.133
pro_lifelong	399	4	50	1487.798	1.487798	False	1	0.133
